time,event,working,spares,broken,repair_queue,busy_repairers,good_machines
0.0,start,10,3,0,0,0,13
1.9471860169745714,failure,10,2,0,0,0,12
1.9471860169745714,repair_start,10,2,1,0,1,12
4.396109058031424,repair_finish,10,3,0,0,0,13
12.246987847080925,failure,10,2,0,0,0,12
12.246987847080925,repair_start,10,2,1,0,1,12
14.272847626552917,failure,10,1,1,0,1,11
14.272847626552917,repair_queue,10,1,2,1,1,11
15.199761735261186,repair_finish,10,2,1,1,0,12
15.199761735261186,repair_start,10,2,1,0,1,12
15.346451161533954,repair_finish,10,3,0,0,0,13
22.281447759477985,failure,10,2,0,0,0,12
22.281447759477985,repair_start,10,2,1,0,1,12
23.740459970766743,repair_finish,10,3,0,0,0,13
30.117746052578973,failure,10,2,0,0,0,12
30.117746052578973,repair_start,10,2,1,0,1,12
31.344853685030046,repair_finish,10,3,0,0,0,13
46.73137965896288,failure,10,2,0,0,0,12
46.73137965896288,repair_start,10,2,1,0,1,12
47.50296770099617,repair_finish,10,3,0,0,0,13
49.575511565162145,failure,10,2,0,0,0,12
49.575511565162145,repair_start,10,2,1,0,1,12
51.131175555693254,repair_finish,10,3,0,0,0,13
53.79230813456004,failure,10,2,0,0,0,12
53.79230813456004,repair_start,10,2,1,0,1,12
54.65454974778914,repair_finish,10,3,0,0,0,13
67.4111242815656,failure,10,2,0,0,0,12
67.4111242815656,repair_start,10,2,1,0,1,12
69.82475270624927,repair_finish,10,3,0,0,0,13
105.59563110287306,failure,10,2,0,0,0,12
105.59563110287306,repair_start,10,2,1,0,1,12
106.10964618200964,failure,10,1,1,0,1,11
106.10964618200964,repair_queue,10,1,2,1,1,11
110.49191577220054,repair_finish,10,2,1,1,0,12
110.49191577220054,repair_start,10,2,1,0,1,12
110.83791661667065,repair_finish,10,3,0,0,0,13
111.22712395153948,failure,10,2,0,0,0,12
111.22712395153948,repair_start,10,2,1,0,1,12
111.32841468283051,repair_finish,10,3,0,0,0,13
114.09769413715036,failure,10,2,0,0,0,12
114.09769413715036,repair_start,10,2,1,0,1,12
114.4153715147628,repair_finish,10,3,0,0,0,13
117.26026508420787,failure,10,2,0,0,0,12
117.26026508420787,repair_start,10,2,1,0,1,12
118.96112958798096,repair_finish,10,3,0,0,0,13
126.08301174704559,failure,10,2,0,0,0,12
126.08301174704559,repair_start,10,2,1,0,1,12
127.33834253462855,repair_finish,10,3,0,0,0,13
131.53308257031767,failure,10,2,0,0,0,12
131.53308257031767,repair_start,10,2,1,0,1,12
131.98759985814988,repair_finish,10,3,0,0,0,13
132.8796412134823,failure,10,2,0,0,0,12
132.8796412134823,repair_start,10,2,1,0,1,12
133.1168472311198,repair_finish,10,3,0,0,0,13
145.40603431332698,failure,10,2,0,0,0,12
145.40603431332698,repair_start,10,2,1,0,1,12
145.53814873814935,repair_finish,10,3,0,0,0,13
148.01127343198928,failure,10,2,0,0,0,12
148.01127343198928,repair_start,10,2,1,0,1,12
148.2254497841168,repair_finish,10,3,0,0,0,13
152.79227463767137,failure,10,2,0,0,0,12
152.79227463767137,repair_start,10,2,1,0,1,12
153.33306107837004,repair_finish,10,3,0,0,0,13
166.18012716231524,failure,10,2,0,0,0,12
166.18012716231524,repair_start,10,2,1,0,1,12
166.47397139629587,repair_finish,10,3,0,0,0,13
171.18229551054958,failure,10,2,0,0,0,12
171.18229551054958,repair_start,10,2,1,0,1,12
171.66921805634684,repair_finish,10,3,0,0,0,13
175.81341259280418,failure,10,2,0,0,0,12
175.81341259280418,repair_start,10,2,1,0,1,12
178.69582581755245,repair_finish,10,3,0,0,0,13
188.96302862136866,failure,10,2,0,0,0,12
188.96302862136866,repair_start,10,2,1,0,1,12
190.92009449085407,repair_finish,10,3,0,0,0,13
192.64356426035144,failure,10,2,0,0,0,12
192.64356426035144,repair_start,10,2,1,0,1,12
194.3248099851084,failure,10,1,1,0,1,11
194.3248099851084,repair_queue,10,1,2,1,1,11
194.42650025017983,repair_finish,10,2,1,1,0,12
194.42650025017983,repair_start,10,2,1,0,1,12
195.26199521701872,repair_finish,10,3,0,0,0,13
209.38381189957067,failure,10,2,0,0,0,12
209.38381189957067,repair_start,10,2,1,0,1,12
210.2144778599695,repair_finish,10,3,0,0,0,13
211.23229684016766,failure,10,2,0,0,0,12
211.23229684016766,repair_start,10,2,1,0,1,12
211.68804502906727,repair_finish,10,3,0,0,0,13
221.65075532883313,failure,10,2,0,0,0,12
221.65075532883313,repair_start,10,2,1,0,1,12
222.8682519475301,repair_finish,10,3,0,0,0,13
224.58707790563628,failure,10,2,0,0,0,12
224.58707790563628,repair_start,10,2,1,0,1,12
227.771001764572,repair_finish,10,3,0,0,0,13
232.69898137553145,failure,10,2,0,0,0,12
232.69898137553145,repair_start,10,2,1,0,1,12
235.38548108195022,repair_finish,10,3,0,0,0,13
236.38353787288833,failure,10,2,0,0,0,12
236.38353787288833,repair_start,10,2,1,0,1,12
237.40566244880628,repair_finish,10,3,0,0,0,13
241.24248501001838,failure,10,2,0,0,0,12
241.24248501001838,repair_start,10,2,1,0,1,12
242.27111615326965,repair_finish,10,3,0,0,0,13
243.95431107679826,failure,10,2,0,0,0,12
243.95431107679826,repair_start,10,2,1,0,1,12
244.67538948029875,repair_finish,10,3,0,0,0,13
258.42210011155834,failure,10,2,0,0,0,12
258.42210011155834,repair_start,10,2,1,0,1,12
258.58553383154526,repair_finish,10,3,0,0,0,13
278.1377042955406,failure,10,2,0,0,0,12
278.1377042955406,repair_start,10,2,1,0,1,12
279.29842544471234,repair_finish,10,3,0,0,0,13
283.37052933497773,failure,10,2,0,0,0,12
283.37052933497773,repair_start,10,2,1,0,1,12
283.3775721154882,repair_finish,10,3,0,0,0,13
298.01085127383885,failure,10,2,0,0,0,12
298.01085127383885,repair_start,10,2,1,0,1,12
298.1844729048445,repair_finish,10,3,0,0,0,13
309.5829659403373,failure,10,2,0,0,0,12
309.5829659403373,repair_start,10,2,1,0,1,12
309.6324059772066,repair_finish,10,3,0,0,0,13
334.8753023488702,failure,10,2,0,0,0,12
334.8753023488702,repair_start,10,2,1,0,1,12
335.11496942413766,repair_finish,10,3,0,0,0,13
361.63100344123757,failure,10,2,0,0,0,12
361.63100344123757,repair_start,10,2,1,0,1,12
362.64910498214596,repair_finish,10,3,0,0,0,13
381.119355684196,failure,10,2,0,0,0,12
381.119355684196,repair_start,10,2,1,0,1,12
381.1327135866178,repair_finish,10,3,0,0,0,13
382.75793107905315,failure,10,2,0,0,0,12
382.75793107905315,repair_start,10,2,1,0,1,12
384.2721620519572,repair_finish,10,3,0,0,0,13
388.35119187533763,failure,10,2,0,0,0,12
388.35119187533763,repair_start,10,2,1,0,1,12
388.3846848421004,failure,10,1,1,0,1,11
388.3846848421004,repair_queue,10,1,2,1,1,11
390.82136873100484,repair_finish,10,2,1,1,0,12
390.82136873100484,repair_start,10,2,1,0,1,12
390.981612188845,repair_finish,10,3,0,0,0,13
398.3524228763374,failure,10,2,0,0,0,12
398.3524228763374,repair_start,10,2,1,0,1,12
400.9653014914772,repair_finish,10,3,0,0,0,13
401.7100729449624,failure,10,2,0,0,0,12
401.7100729449624,repair_start,10,2,1,0,1,12
401.79076971454407,repair_finish,10,3,0,0,0,13
416.6890863406345,failure,10,2,0,0,0,12
416.6890863406345,repair_start,10,2,1,0,1,12
416.7875134847605,repair_finish,10,3,0,0,0,13
448.8740243491965,failure,10,2,0,0,0,12
448.8740243491965,repair_start,10,2,1,0,1,12
449.25594750285944,repair_finish,10,3,0,0,0,13
462.378299053432,failure,10,2,0,0,0,12
462.378299053432,repair_start,10,2,1,0,1,12
465.36020226431725,failure,10,1,1,0,1,11
465.36020226431725,repair_queue,10,1,2,1,1,11
466.08099771920644,repair_finish,10,2,1,1,0,12
466.08099771920644,repair_start,10,2,1,0,1,12
466.96926365985973,repair_finish,10,3,0,0,0,13
470.90142480139434,failure,10,2,0,0,0,12
470.90142480139434,repair_start,10,2,1,0,1,12
471.50315902162964,repair_finish,10,3,0,0,0,13
472.20603360708395,failure,10,2,0,0,0,12
472.20603360708395,repair_start,10,2,1,0,1,12
473.41863586848723,repair_finish,10,3,0,0,0,13
478.1295240564443,failure,10,2,0,0,0,12
478.1295240564443,repair_start,10,2,1,0,1,12
480.24977299626835,repair_finish,10,3,0,0,0,13
498.24353441723616,failure,10,2,0,0,0,12
498.24353441723616,repair_start,10,2,1,0,1,12
501.2146369956362,repair_finish,10,3,0,0,0,13
504.3162877276168,failure,10,2,0,0,0,12
504.3162877276168,repair_start,10,2,1,0,1,12
504.8123691298863,repair_finish,10,3,0,0,0,13
555.1074896060479,failure,10,2,0,0,0,12
555.1074896060479,repair_start,10,2,1,0,1,12
555.1242484040685,repair_finish,10,3,0,0,0,13
557.5815624148166,failure,10,2,0,0,0,12
557.5815624148166,repair_start,10,2,1,0,1,12
558.3969601352798,repair_finish,10,3,0,0,0,13
585.2269164625255,failure,10,2,0,0,0,12
585.2269164625255,repair_start,10,2,1,0,1,12
588.3459399205877,repair_finish,10,3,0,0,0,13
595.7962576172938,failure,10,2,0,0,0,12
595.7962576172938,repair_start,10,2,1,0,1,12
595.8735586852389,repair_finish,10,3,0,0,0,13
599.7573247571562,failure,10,2,0,0,0,12
599.7573247571562,repair_start,10,2,1,0,1,12
600.0166221228314,repair_finish,10,3,0,0,0,13
609.7900636245356,failure,10,2,0,0,0,12
609.7900636245356,repair_start,10,2,1,0,1,12
610.2860970426012,failure,10,1,1,0,1,11
610.2860970426012,repair_queue,10,1,2,1,1,11
610.8577548373117,repair_finish,10,2,1,1,0,12
610.8577548373117,repair_start,10,2,1,0,1,12
611.5662972999194,repair_finish,10,3,0,0,0,13
621.3679930830648,failure,10,2,0,0,0,12
621.3679930830648,repair_start,10,2,1,0,1,12
621.4901905237979,repair_finish,10,3,0,0,0,13
623.0417674630744,failure,10,2,0,0,0,12
623.0417674630744,repair_start,10,2,1,0,1,12
623.8220396278897,repair_finish,10,3,0,0,0,13
625.3461318718374,failure,10,2,0,0,0,12
625.3461318718374,repair_start,10,2,1,0,1,12
626.211184639555,repair_finish,10,3,0,0,0,13
627.2793476526705,failure,10,2,0,0,0,12
627.2793476526705,repair_start,10,2,1,0,1,12
627.7662002123203,repair_finish,10,3,0,0,0,13
646.9401643777603,failure,10,2,0,0,0,12
646.9401643777603,repair_start,10,2,1,0,1,12
648.2686183607492,repair_finish,10,3,0,0,0,13
660.2692910194347,failure,10,2,0,0,0,12
660.2692910194347,repair_start,10,2,1,0,1,12
661.8411775313925,repair_finish,10,3,0,0,0,13
662.9567046568743,failure,10,2,0,0,0,12
662.9567046568743,repair_start,10,2,1,0,1,12
663.0287839283993,repair_finish,10,3,0,0,0,13
679.7157997679436,failure,10,2,0,0,0,12
679.7157997679436,repair_start,10,2,1,0,1,12
681.1745526601693,failure,10,1,1,0,1,11
681.1745526601693,repair_queue,10,1,2,1,1,11
681.8508432654575,repair_finish,10,2,1,1,0,12
681.8508432654575,repair_start,10,2,1,0,1,12
682.0619428750326,repair_finish,10,3,0,0,0,13
686.3711127127988,failure,10,2,0,0,0,12
686.3711127127988,repair_start,10,2,1,0,1,12
688.1762314946985,repair_finish,10,3,0,0,0,13
690.8317566696388,failure,10,2,0,0,0,12
690.8317566696388,repair_start,10,2,1,0,1,12
693.2164663799836,failure,10,1,1,0,1,11
693.2164663799836,repair_queue,10,1,2,1,1,11
695.2689692300813,repair_finish,10,2,1,1,0,12
695.2689692300813,repair_start,10,2,1,0,1,12
695.9533523467876,repair_finish,10,3,0,0,0,13
697.0809738001191,failure,10,2,0,0,0,12
697.0809738001191,repair_start,10,2,1,0,1,12
698.7382010625369,failure,10,1,1,0,1,11
698.7382010625369,repair_queue,10,1,2,1,1,11
699.6365946563258,repair_finish,10,2,1,1,0,12
699.6365946563258,repair_start,10,2,1,0,1,12
700.8419371451549,repair_finish,10,3,0,0,0,13
715.7097718661589,failure,10,2,0,0,0,12
715.7097718661589,repair_start,10,2,1,0,1,12
717.1449668875345,repair_finish,10,3,0,0,0,13
724.2880498184618,failure,10,2,0,0,0,12
724.2880498184618,repair_start,10,2,1,0,1,12
724.9150996466193,repair_finish,10,3,0,0,0,13
737.2740853474942,failure,10,2,0,0,0,12
737.2740853474942,repair_start,10,2,1,0,1,12
737.7073388468185,repair_finish,10,3,0,0,0,13
738.3512554152296,failure,10,2,0,0,0,12
738.3512554152296,repair_start,10,2,1,0,1,12
739.3325535417717,failure,10,1,1,0,1,11
739.3325535417717,repair_queue,10,1,2,1,1,11
742.5815490732193,repair_finish,10,2,1,1,0,12
742.5815490732193,repair_start,10,2,1,0,1,12
744.1529225094368,repair_finish,10,3,0,0,0,13
751.6454478334955,failure,10,2,0,0,0,12
751.6454478334955,repair_start,10,2,1,0,1,12
751.6585271394254,repair_finish,10,3,0,0,0,13
759.7910207845068,failure,10,2,0,0,0,12
759.7910207845068,repair_start,10,2,1,0,1,12
759.9236250919339,repair_finish,10,3,0,0,0,13
774.3190229360171,failure,10,2,0,0,0,12
774.3190229360171,repair_start,10,2,1,0,1,12
775.1611061632666,repair_finish,10,3,0,0,0,13
786.2351069999543,failure,10,2,0,0,0,12
786.2351069999543,repair_start,10,2,1,0,1,12
786.4156425990461,repair_finish,10,3,0,0,0,13
789.6613172000247,failure,10,2,0,0,0,12
789.6613172000247,repair_start,10,2,1,0,1,12
789.7017510776564,repair_finish,10,3,0,0,0,13
794.9089446444711,failure,10,2,0,0,0,12
794.9089446444711,repair_start,10,2,1,0,1,12
795.2549313909834,repair_finish,10,3,0,0,0,13
814.0223161755328,failure,10,2,0,0,0,12
814.0223161755328,repair_start,10,2,1,0,1,12
815.0116484369349,repair_finish,10,3,0,0,0,13
816.7124308926576,failure,10,2,0,0,0,12
816.7124308926576,repair_start,10,2,1,0,1,12
818.4453070619829,repair_finish,10,3,0,0,0,13
835.2393515287544,failure,10,2,0,0,0,12
835.2393515287544,repair_start,10,2,1,0,1,12
835.4688626186954,repair_finish,10,3,0,0,0,13
855.0977518661832,failure,10,2,0,0,0,12
855.0977518661832,repair_start,10,2,1,0,1,12
855.5690090333426,repair_finish,10,3,0,0,0,13
880.8690007265459,failure,10,2,0,0,0,12
880.8690007265459,repair_start,10,2,1,0,1,12
883.7096481600549,repair_finish,10,3,0,0,0,13
886.4897560908063,failure,10,2,0,0,0,12
886.4897560908063,repair_start,10,2,1,0,1,12
886.8634195270063,repair_finish,10,3,0,0,0,13
912.0613280149081,failure,10,2,0,0,0,12
912.0613280149081,repair_start,10,2,1,0,1,12
912.819649501213,repair_finish,10,3,0,0,0,13
914.7397306475598,failure,10,2,0,0,0,12
914.7397306475598,repair_start,10,2,1,0,1,12
916.0296906671929,repair_finish,10,3,0,0,0,13
917.5126446411173,failure,10,2,0,0,0,12
917.5126446411173,repair_start,10,2,1,0,1,12
917.6714646548934,repair_finish,10,3,0,0,0,13
933.9237597470818,failure,10,2,0,0,0,12
933.9237597470818,repair_start,10,2,1,0,1,12
933.9855919236173,repair_finish,10,3,0,0,0,13
958.7756718455677,failure,10,2,0,0,0,12
958.7756718455677,repair_start,10,2,1,0,1,12
961.0150557045666,repair_finish,10,3,0,0,0,13
967.3518173142927,failure,10,2,0,0,0,12
967.3518173142927,repair_start,10,2,1,0,1,12
967.9116473484397,repair_finish,10,3,0,0,0,13
975.960842159927,failure,10,2,0,0,0,12
975.960842159927,repair_start,10,2,1,0,1,12
976.0250440082413,repair_finish,10,3,0,0,0,13
1007.79965248048,failure,10,2,0,0,0,12
1007.79965248048,repair_start,10,2,1,0,1,12
1008.8707098180275,repair_finish,10,3,0,0,0,13
1015.1862881362939,failure,10,2,0,0,0,12
1015.1862881362939,repair_start,10,2,1,0,1,12
1016.0954977600476,repair_finish,10,3,0,0,0,13
1017.3490813701344,failure,10,2,0,0,0,12
1017.3490813701344,repair_start,10,2,1,0,1,12
1018.4064867742677,repair_finish,10,3,0,0,0,13
1049.0544505206813,failure,10,2,0,0,0,12
1049.0544505206813,repair_start,10,2,1,0,1,12
1049.3601498693315,repair_finish,10,3,0,0,0,13
1088.5263475605566,failure,10,2,0,0,0,12
1088.5263475605566,repair_start,10,2,1,0,1,12
1088.765927542995,repair_finish,10,3,0,0,0,13
1091.3170783769674,failure,10,2,0,0,0,12
1091.3170783769674,repair_start,10,2,1,0,1,12
1093.0742278089442,repair_finish,10,3,0,0,0,13
1120.9830191889139,failure,10,2,0,0,0,12
1120.9830191889139,repair_start,10,2,1,0,1,12
1122.3810993244674,repair_finish,10,3,0,0,0,13
1125.0383042809417,failure,10,2,0,0,0,12
1125.0383042809417,repair_start,10,2,1,0,1,12
1126.574635357548,repair_finish,10,3,0,0,0,13
1161.3441660488954,failure,10,2,0,0,0,12
1161.3441660488954,repair_start,10,2,1,0,1,12
1162.6890523436236,repair_finish,10,3,0,0,0,13
1176.524619437093,failure,10,2,0,0,0,12
1176.524619437093,repair_start,10,2,1,0,1,12
1177.223320201846,repair_finish,10,3,0,0,0,13
1191.7382255127736,failure,10,2,0,0,0,12
1191.7382255127736,repair_start,10,2,1,0,1,12
1192.420677972416,repair_finish,10,3,0,0,0,13
1201.9672894612852,failure,10,2,0,0,0,12
1201.9672894612852,repair_start,10,2,1,0,1,12
1202.5525626740746,repair_finish,10,3,0,0,0,13
1207.9991179350857,failure,10,2,0,0,0,12
1207.9991179350857,repair_start,10,2,1,0,1,12
1208.2764884422124,repair_finish,10,3,0,0,0,13
1212.0741720099054,failure,10,2,0,0,0,12
1212.0741720099054,repair_start,10,2,1,0,1,12
1212.4793956905319,failure,10,1,1,0,1,11
1212.4793956905319,repair_queue,10,1,2,1,1,11
1213.3696590048626,repair_finish,10,2,1,1,0,12
1213.3696590048626,repair_start,10,2,1,0,1,12
1214.3683258898607,failure,10,1,1,0,1,11
1214.3683258898607,repair_queue,10,1,2,1,1,11
1214.4588806372071,repair_finish,10,2,1,1,0,12
1214.4588806372071,repair_start,10,2,1,0,1,12
1216.7679218479627,repair_finish,10,3,0,0,0,13
1224.632716494373,failure,10,2,0,0,0,12
1224.632716494373,repair_start,10,2,1,0,1,12
1224.8821776116945,repair_finish,10,3,0,0,0,13
1228.691025447322,failure,10,2,0,0,0,12
1228.691025447322,repair_start,10,2,1,0,1,12
1229.040751228898,repair_finish,10,3,0,0,0,13
1229.6021233850802,failure,10,2,0,0,0,12
1229.6021233850802,repair_start,10,2,1,0,1,12
1229.9542443977418,repair_finish,10,3,0,0,0,13
1231.5937009179706,failure,10,2,0,0,0,12
1231.5937009179706,repair_start,10,2,1,0,1,12
1231.763661149333,repair_finish,10,3,0,0,0,13
1234.8404427249657,failure,10,2,0,0,0,12
1234.8404427249657,repair_start,10,2,1,0,1,12
1235.1446549282375,repair_finish,10,3,0,0,0,13
1245.7663467867947,failure,10,2,0,0,0,12
1245.7663467867947,repair_start,10,2,1,0,1,12
1247.1717822036433,failure,10,1,1,0,1,11
1247.1717822036433,repair_queue,10,1,2,1,1,11
1247.4872876045504,repair_finish,10,2,1,1,0,12
1247.4872876045504,repair_start,10,2,1,0,1,12
1249.2504737063089,repair_finish,10,3,0,0,0,13
1255.8044378541044,failure,10,2,0,0,0,12
1255.8044378541044,repair_start,10,2,1,0,1,12
1256.267090944735,failure,10,1,1,0,1,11
1256.267090944735,repair_queue,10,1,2,1,1,11
1256.4467511199232,repair_finish,10,2,1,1,0,12
1256.4467511199232,repair_start,10,2,1,0,1,12
1256.831037568562,repair_finish,10,3,0,0,0,13
1261.5487395184944,failure,10,2,0,0,0,12
1261.5487395184944,repair_start,10,2,1,0,1,12
1262.211478362642,repair_finish,10,3,0,0,0,13
1277.4365719871257,failure,10,2,0,0,0,12
1277.4365719871257,repair_start,10,2,1,0,1,12
1279.9303298753546,repair_finish,10,3,0,0,0,13
1282.1753547200587,failure,10,2,0,0,0,12
1282.1753547200587,repair_start,10,2,1,0,1,12
1283.0264837263376,repair_finish,10,3,0,0,0,13
1294.9906889603449,failure,10,2,0,0,0,12
1294.9906889603449,repair_start,10,2,1,0,1,12
1295.007230501808,repair_finish,10,3,0,0,0,13
1300.6052599786635,failure,10,2,0,0,0,12
1300.6052599786635,repair_start,10,2,1,0,1,12
1302.0998699535726,repair_finish,10,3,0,0,0,13
1304.8313176023107,failure,10,2,0,0,0,12
1304.8313176023107,repair_start,10,2,1,0,1,12
1306.7707287904404,repair_finish,10,3,0,0,0,13
1316.262034446873,failure,10,2,0,0,0,12
1316.262034446873,repair_start,10,2,1,0,1,12
1317.0852897469456,repair_finish,10,3,0,0,0,13
1331.2071365469726,failure,10,2,0,0,0,12
1331.2071365469726,repair_start,10,2,1,0,1,12
1333.7700994057147,repair_finish,10,3,0,0,0,13
1335.824285396712,failure,10,2,0,0,0,12
1335.824285396712,repair_start,10,2,1,0,1,12
1337.5530984757906,repair_finish,10,3,0,0,0,13
1337.8861106995005,failure,10,2,0,0,0,12
1337.8861106995005,repair_start,10,2,1,0,1,12
1338.8332494206707,repair_finish,10,3,0,0,0,13
1347.5188109618102,failure,10,2,0,0,0,12
1347.5188109618102,repair_start,10,2,1,0,1,12
1347.840950946723,repair_finish,10,3,0,0,0,13
1349.7000959528416,failure,10,2,0,0,0,12
1349.7000959528416,repair_start,10,2,1,0,1,12
1350.4783395543434,repair_finish,10,3,0,0,0,13
1350.7982369922283,failure,10,2,0,0,0,12
1350.7982369922283,repair_start,10,2,1,0,1,12
1351.1005797543462,repair_finish,10,3,0,0,0,13
1354.7888696828384,failure,10,2,0,0,0,12
1354.7888696828384,repair_start,10,2,1,0,1,12
1355.1433699123488,repair_finish,10,3,0,0,0,13
1362.6816388342,failure,10,2,0,0,0,12
1362.6816388342,repair_start,10,2,1,0,1,12
1362.706413303865,repair_finish,10,3,0,0,0,13
1374.366810741394,failure,10,2,0,0,0,12
1374.366810741394,repair_start,10,2,1,0,1,12
1376.571370987914,repair_finish,10,3,0,0,0,13
1379.402084059719,failure,10,2,0,0,0,12
1379.402084059719,repair_start,10,2,1,0,1,12
1381.1197125823132,repair_finish,10,3,0,0,0,13
1391.5933356669796,failure,10,2,0,0,0,12
1391.5933356669796,repair_start,10,2,1,0,1,12
1393.4405262469982,repair_finish,10,3,0,0,0,13
1394.7805302224024,failure,10,2,0,0,0,12
1394.7805302224024,repair_start,10,2,1,0,1,12
1395.8685251795525,repair_finish,10,3,0,0,0,13
1398.2463812729013,failure,10,2,0,0,0,12
1398.2463812729013,repair_start,10,2,1,0,1,12
1398.908751906758,repair_finish,10,3,0,0,0,13
1402.7214644599412,failure,10,2,0,0,0,12
1402.7214644599412,repair_start,10,2,1,0,1,12
1402.81948167602,repair_finish,10,3,0,0,0,13
1425.4536541058278,failure,10,2,0,0,0,12
1425.4536541058278,repair_start,10,2,1,0,1,12
1426.4545900821915,repair_finish,10,3,0,0,0,13
1432.279655055723,failure,10,2,0,0,0,12
1432.279655055723,repair_start,10,2,1,0,1,12
1433.7173795784029,repair_finish,10,3,0,0,0,13
1453.4259866273758,failure,10,2,0,0,0,12
1453.4259866273758,repair_start,10,2,1,0,1,12
1454.3460635663864,repair_finish,10,3,0,0,0,13
1479.1002809875515,failure,10,2,0,0,0,12
1479.1002809875515,repair_start,10,2,1,0,1,12
1479.4360319098025,repair_finish,10,3,0,0,0,13
1481.4857155930717,failure,10,2,0,0,0,12
1481.4857155930717,repair_start,10,2,1,0,1,12
1482.2649389589014,repair_finish,10,3,0,0,0,13
1482.304971820909,failure,10,2,0,0,0,12
1482.304971820909,repair_start,10,2,1,0,1,12
1482.8628740189376,repair_finish,10,3,0,0,0,13
1506.064030140263,failure,10,2,0,0,0,12
1506.064030140263,repair_start,10,2,1,0,1,12
1506.6346441249852,repair_finish,10,3,0,0,0,13
1509.0194422655932,failure,10,2,0,0,0,12
1509.0194422655932,repair_start,10,2,1,0,1,12
1510.008284680665,repair_finish,10,3,0,0,0,13
1525.1409932592437,failure,10,2,0,0,0,12
1525.1409932592437,repair_start,10,2,1,0,1,12
1525.7175155315206,repair_finish,10,3,0,0,0,13
1529.926126497474,failure,10,2,0,0,0,12
1529.926126497474,repair_start,10,2,1,0,1,12
1530.1390850017674,repair_finish,10,3,0,0,0,13
1532.5891080846825,failure,10,2,0,0,0,12
1532.5891080846825,repair_start,10,2,1,0,1,12
1533.0845530400213,repair_finish,10,3,0,0,0,13
1547.8841210064738,failure,10,2,0,0,0,12
1547.8841210064738,repair_start,10,2,1,0,1,12
1547.954863144867,repair_finish,10,3,0,0,0,13
1559.2765032910324,failure,10,2,0,0,0,12
1559.2765032910324,repair_start,10,2,1,0,1,12
1559.7297009856563,repair_finish,10,3,0,0,0,13
1566.3060488548108,failure,10,2,0,0,0,12
1566.3060488548108,repair_start,10,2,1,0,1,12
1567.3548922672383,repair_finish,10,3,0,0,0,13
1573.9945556949735,failure,10,2,0,0,0,12
1573.9945556949735,repair_start,10,2,1,0,1,12
1574.1015281382713,repair_finish,10,3,0,0,0,13
1578.071390687993,failure,10,2,0,0,0,12
1578.071390687993,repair_start,10,2,1,0,1,12
1579.056072216498,repair_finish,10,3,0,0,0,13
1617.3152510274554,failure,10,2,0,0,0,12
1617.3152510274554,repair_start,10,2,1,0,1,12
1618.3117659834656,repair_finish,10,3,0,0,0,13
1624.5946005312333,failure,10,2,0,0,0,12
1624.5946005312333,repair_start,10,2,1,0,1,12
1627.054928898061,repair_finish,10,3,0,0,0,13
1635.5740047010186,failure,10,2,0,0,0,12
1635.5740047010186,repair_start,10,2,1,0,1,12
1636.1130942374818,repair_finish,10,3,0,0,0,13
1639.6657313032322,failure,10,2,0,0,0,12
1639.6657313032322,repair_start,10,2,1,0,1,12
1639.794711138438,repair_finish,10,3,0,0,0,13
1647.7687628141055,failure,10,2,0,0,0,12
1647.7687628141055,repair_start,10,2,1,0,1,12
1650.63422544495,repair_finish,10,3,0,0,0,13
1661.3992311127174,failure,10,2,0,0,0,12
1661.3992311127174,repair_start,10,2,1,0,1,12
1662.4009393611198,repair_finish,10,3,0,0,0,13
1663.7798364568212,failure,10,2,0,0,0,12
1663.7798364568212,repair_start,10,2,1,0,1,12
1665.2880358573263,repair_finish,10,3,0,0,0,13
1666.7242716888018,failure,10,2,0,0,0,12
1666.7242716888018,repair_start,10,2,1,0,1,12
1666.7652433163098,repair_finish,10,3,0,0,0,13
1674.748680124718,failure,10,2,0,0,0,12
1674.748680124718,repair_start,10,2,1,0,1,12
1675.0959518325867,failure,10,1,1,0,1,11
1675.0959518325867,repair_queue,10,1,2,1,1,11
1675.932602049284,repair_finish,10,2,1,1,0,12
1675.932602049284,repair_start,10,2,1,0,1,12
1677.9003675810254,repair_finish,10,3,0,0,0,13
1679.9414478013111,failure,10,2,0,0,0,12
1679.9414478013111,repair_start,10,2,1,0,1,12
1679.980107477292,repair_finish,10,3,0,0,0,13
1689.4325796668174,failure,10,2,0,0,0,12
1689.4325796668174,repair_start,10,2,1,0,1,12
1690.5343823501662,repair_finish,10,3,0,0,0,13
1694.9591615419313,failure,10,2,0,0,0,12
1694.9591615419313,repair_start,10,2,1,0,1,12
1695.4085844301144,repair_finish,10,3,0,0,0,13
1728.848370318297,failure,10,2,0,0,0,12
1728.848370318297,repair_start,10,2,1,0,1,12
1731.2623007037039,repair_finish,10,3,0,0,0,13
1734.6334998450802,failure,10,2,0,0,0,12
1734.6334998450802,repair_start,10,2,1,0,1,12
1735.575870296007,repair_finish,10,3,0,0,0,13
1751.5724652275132,failure,10,2,0,0,0,12
1751.5724652275132,repair_start,10,2,1,0,1,12
1752.0442638029028,repair_finish,10,3,0,0,0,13
1784.597370841135,failure,10,2,0,0,0,12
1784.597370841135,repair_start,10,2,1,0,1,12
1785.3073052953691,repair_finish,10,3,0,0,0,13
1786.8650116437095,failure,10,2,0,0,0,12
1786.8650116437095,repair_start,10,2,1,0,1,12
1788.9781649727538,repair_finish,10,3,0,0,0,13
1792.8736982084683,failure,10,2,0,0,0,12
1792.8736982084683,repair_start,10,2,1,0,1,12
1793.563347863603,repair_finish,10,3,0,0,0,13
1813.887351623536,failure,10,2,0,0,0,12
1813.887351623536,repair_start,10,2,1,0,1,12
1814.780879256688,repair_finish,10,3,0,0,0,13
1889.1157192783212,failure,10,2,0,0,0,12
1889.1157192783212,repair_start,10,2,1,0,1,12
1889.8765205989098,repair_finish,10,3,0,0,0,13
1890.559089109273,failure,10,2,0,0,0,12
1890.559089109273,repair_start,10,2,1,0,1,12
1890.6660528208329,repair_finish,10,3,0,0,0,13
1908.5513378292324,failure,10,2,0,0,0,12
1908.5513378292324,repair_start,10,2,1,0,1,12
1909.1639492692043,failure,10,1,1,0,1,11
1909.1639492692043,repair_queue,10,1,2,1,1,11
1909.9003935341657,repair_finish,10,2,1,1,0,12
1909.9003935341657,repair_start,10,2,1,0,1,12
1911.7540634398038,repair_finish,10,3,0,0,0,13
1913.1754369571086,failure,10,2,0,0,0,12
1913.1754369571086,repair_start,10,2,1,0,1,12
1913.3631145790162,repair_finish,10,3,0,0,0,13
1913.8805805713268,failure,10,2,0,0,0,12
1913.8805805713268,repair_start,10,2,1,0,1,12
1914.441902338834,repair_finish,10,3,0,0,0,13
1919.7344333016765,failure,10,2,0,0,0,12
1919.7344333016765,repair_start,10,2,1,0,1,12
1919.8192967368723,repair_finish,10,3,0,0,0,13
1933.891945993104,failure,10,2,0,0,0,12
1933.891945993104,repair_start,10,2,1,0,1,12
1936.2150301770048,repair_finish,10,3,0,0,0,13
1945.4260271033363,failure,10,2,0,0,0,12
1945.4260271033363,repair_start,10,2,1,0,1,12
1945.9283250548508,repair_finish,10,3,0,0,0,13
1947.4766837713223,failure,10,2,0,0,0,12
1947.4766837713223,repair_start,10,2,1,0,1,12
1948.1795642268119,failure,10,1,1,0,1,11
1948.1795642268119,repair_queue,10,1,2,1,1,11
1950.0732327786047,failure,10,0,2,1,1,10
1950.0732327786047,repair_queue,10,0,3,2,1,10
1950.7701257125468,repair_finish,10,1,2,2,0,11
1950.7701257125468,repair_start,10,1,2,1,1,11
1952.0602822247822,repair_finish,10,2,1,1,0,12
1952.0602822247822,repair_start,10,2,1,0,1,12
1952.8639858329418,repair_finish,10,3,0,0,0,13
1965.2192103922323,failure,10,2,0,0,0,12
1965.2192103922323,repair_start,10,2,1,0,1,12
1965.7214504462977,repair_finish,10,3,0,0,0,13
1981.1812286527063,failure,10,2,0,0,0,12
1981.1812286527063,repair_start,10,2,1,0,1,12
1981.3577352870996,repair_finish,10,3,0,0,0,13
1993.660676348173,failure,10,2,0,0,0,12
1993.660676348173,repair_start,10,2,1,0,1,12
1994.2776208788634,repair_finish,10,3,0,0,0,13
2011.2765658935357,failure,10,2,0,0,0,12
2011.2765658935357,repair_start,10,2,1,0,1,12
2014.075730595941,repair_finish,10,3,0,0,0,13
2019.0545107226233,failure,10,2,0,0,0,12
2019.0545107226233,repair_start,10,2,1,0,1,12
2021.90933083695,repair_finish,10,3,0,0,0,13
2022.1063928831136,failure,10,2,0,0,0,12
2022.1063928831136,repair_start,10,2,1,0,1,12
2023.031441894951,repair_finish,10,3,0,0,0,13
2026.7308802388484,failure,10,2,0,0,0,12
2026.7308802388484,repair_start,10,2,1,0,1,12
2027.7104811150618,repair_finish,10,3,0,0,0,13
2036.761271913903,failure,10,2,0,0,0,12
2036.761271913903,repair_start,10,2,1,0,1,12
2037.1383134970083,failure,10,1,1,0,1,11
2037.1383134970083,repair_queue,10,1,2,1,1,11
2039.620604876664,repair_finish,10,2,1,1,0,12
2039.620604876664,repair_start,10,2,1,0,1,12
2040.617192541279,failure,10,1,1,0,1,11
2040.617192541279,repair_queue,10,1,2,1,1,11
2040.8539273214963,repair_finish,10,2,1,1,0,12
2040.8539273214963,repair_start,10,2,1,0,1,12
2043.5013186118856,repair_finish,10,3,0,0,0,13
2044.6641895128885,failure,10,2,0,0,0,12
2044.6641895128885,repair_start,10,2,1,0,1,12
2045.1527080636452,repair_finish,10,3,0,0,0,13
2047.3786480325207,failure,10,2,0,0,0,12
2047.3786480325207,repair_start,10,2,1,0,1,12
2047.6469407163877,repair_finish,10,3,0,0,0,13
2064.4933904747077,failure,10,2,0,0,0,12
2064.4933904747077,repair_start,10,2,1,0,1,12
2064.5227390305977,failure,10,1,1,0,1,11
2064.5227390305977,repair_queue,10,1,2,1,1,11
2064.9614274659143,repair_finish,10,2,1,1,0,12
2064.9614274659143,repair_start,10,2,1,0,1,12
2065.7993102807054,repair_finish,10,3,0,0,0,13
2070.157612326369,failure,10,2,0,0,0,12
2070.157612326369,repair_start,10,2,1,0,1,12
2070.6934368648804,repair_finish,10,3,0,0,0,13
2071.9816268099303,failure,10,2,0,0,0,12
2071.9816268099303,repair_start,10,2,1,0,1,12
2072.2992144788855,repair_finish,10,3,0,0,0,13
2075.726476106528,failure,10,2,0,0,0,12
2075.726476106528,repair_start,10,2,1,0,1,12
2075.9774962700208,failure,10,1,1,0,1,11
2075.9774962700208,repair_queue,10,1,2,1,1,11
2077.39484116286,repair_finish,10,2,1,1,0,12
2077.39484116286,repair_start,10,2,1,0,1,12
2080.7396409266703,repair_finish,10,3,0,0,0,13
2094.013259277752,failure,10,2,0,0,0,12
2094.013259277752,repair_start,10,2,1,0,1,12
2094.6664646566064,repair_finish,10,3,0,0,0,13
2096.099493030823,failure,10,2,0,0,0,12
2096.099493030823,repair_start,10,2,1,0,1,12
2097.152917304731,repair_finish,10,3,0,0,0,13
2100.3528618237533,failure,10,2,0,0,0,12
2100.3528618237533,repair_start,10,2,1,0,1,12
2103.3595284685657,repair_finish,10,3,0,0,0,13
2107.247392739481,failure,10,2,0,0,0,12
2107.247392739481,repair_start,10,2,1,0,1,12
2107.358665737263,repair_finish,10,3,0,0,0,13
2121.2057895841504,failure,10,2,0,0,0,12
2121.2057895841504,repair_start,10,2,1,0,1,12
2121.9037235359483,failure,10,1,1,0,1,11
2121.9037235359483,repair_queue,10,1,2,1,1,11
2121.958192731098,failure,10,0,2,1,1,10
2121.958192731098,repair_queue,10,0,3,2,1,10
2122.7484273481873,repair_finish,10,1,2,2,0,11
2122.7484273481873,repair_start,10,1,2,1,1,11
2124.7276219310406,repair_finish,10,2,1,1,0,12
2124.7276219310406,repair_start,10,2,1,0,1,12
2126.178968940277,repair_finish,10,3,0,0,0,13
2159.0845776632564,failure,10,2,0,0,0,12
2159.0845776632564,repair_start,10,2,1,0,1,12
2160.1163119660728,repair_finish,10,3,0,0,0,13
2168.210247819705,failure,10,2,0,0,0,12
2168.210247819705,repair_start,10,2,1,0,1,12
2169.410938809894,repair_finish,10,3,0,0,0,13
2192.9962228526324,failure,10,2,0,0,0,12
2192.9962228526324,repair_start,10,2,1,0,1,12
2194.420154174539,repair_finish,10,3,0,0,0,13
2208.406957079931,failure,10,2,0,0,0,12
2208.406957079931,repair_start,10,2,1,0,1,12
2211.6072793637986,repair_finish,10,3,0,0,0,13
2214.230954104275,failure,10,2,0,0,0,12
2214.230954104275,repair_start,10,2,1,0,1,12
2214.3317687413587,repair_finish,10,3,0,0,0,13
2225.5475495119217,failure,10,2,0,0,0,12
2225.5475495119217,repair_start,10,2,1,0,1,12
2226.704225013055,repair_finish,10,3,0,0,0,13
2238.7354964722863,failure,10,2,0,0,0,12
2238.7354964722863,repair_start,10,2,1,0,1,12
2239.1971575659195,repair_finish,10,3,0,0,0,13
2260.5908307997784,failure,10,2,0,0,0,12
2260.5908307997784,repair_start,10,2,1,0,1,12
2261.233604754205,repair_finish,10,3,0,0,0,13
2263.734760956937,failure,10,2,0,0,0,12
2263.734760956937,repair_start,10,2,1,0,1,12
2264.361853425261,repair_finish,10,3,0,0,0,13
2274.2338338448067,failure,10,2,0,0,0,12
2274.2338338448067,repair_start,10,2,1,0,1,12
2274.93229522269,repair_finish,10,3,0,0,0,13
2301.1292917681894,failure,10,2,0,0,0,12
2301.1292917681894,repair_start,10,2,1,0,1,12
2301.274017909511,repair_finish,10,3,0,0,0,13
2301.955252331206,failure,10,2,0,0,0,12
2301.955252331206,repair_start,10,2,1,0,1,12
2304.4165124953374,repair_finish,10,3,0,0,0,13
2314.06799135975,failure,10,2,0,0,0,12
2314.06799135975,repair_start,10,2,1,0,1,12
2314.2479045912382,repair_finish,10,3,0,0,0,13
2320.940234521186,failure,10,2,0,0,0,12
2320.940234521186,repair_start,10,2,1,0,1,12
2321.770191908275,repair_finish,10,3,0,0,0,13
2351.9440733551414,failure,10,2,0,0,0,12
2351.9440733551414,repair_start,10,2,1,0,1,12
2353.8809334664725,repair_finish,10,3,0,0,0,13
2360.1805535228827,failure,10,2,0,0,0,12
2360.1805535228827,repair_start,10,2,1,0,1,12
2361.7943125624797,failure,10,1,1,0,1,11
2361.7943125624797,repair_queue,10,1,2,1,1,11
2362.6948094555437,repair_finish,10,2,1,1,0,12
2362.6948094555437,repair_start,10,2,1,0,1,12
2362.826985527045,repair_finish,10,3,0,0,0,13
2369.203540120675,failure,10,2,0,0,0,12
2369.203540120675,repair_start,10,2,1,0,1,12
2371.0960048339066,repair_finish,10,3,0,0,0,13
2373.212229051988,failure,10,2,0,0,0,12
2373.212229051988,repair_start,10,2,1,0,1,12
2373.631808695083,repair_finish,10,3,0,0,0,13
2377.969356537731,failure,10,2,0,0,0,12
2377.969356537731,repair_start,10,2,1,0,1,12
2378.332480250806,repair_finish,10,3,0,0,0,13
2397.0388236368576,failure,10,2,0,0,0,12
2397.0388236368576,repair_start,10,2,1,0,1,12
2397.6627772397924,repair_finish,10,3,0,0,0,13
2409.0083750436925,failure,10,2,0,0,0,12
2409.0083750436925,repair_start,10,2,1,0,1,12
2409.3800809540185,repair_finish,10,3,0,0,0,13
2419.4170004773696,failure,10,2,0,0,0,12
2419.4170004773696,repair_start,10,2,1,0,1,12
2419.594503023029,repair_finish,10,3,0,0,0,13
2420.689015962451,failure,10,2,0,0,0,12
2420.689015962451,repair_start,10,2,1,0,1,12
2421.5030464332795,repair_finish,10,3,0,0,0,13
2442.911727582546,failure,10,2,0,0,0,12
2442.911727582546,repair_start,10,2,1,0,1,12
2444.2381716709156,repair_finish,10,3,0,0,0,13
2449.2802840983036,failure,10,2,0,0,0,12
2449.2802840983036,repair_start,10,2,1,0,1,12
2449.7873236209607,repair_finish,10,3,0,0,0,13
2470.115958815938,failure,10,2,0,0,0,12
2470.115958815938,repair_start,10,2,1,0,1,12
2470.137295261372,repair_finish,10,3,0,0,0,13
2473.3838552178913,failure,10,2,0,0,0,12
2473.3838552178913,repair_start,10,2,1,0,1,12
2473.9960572319937,repair_finish,10,3,0,0,0,13
2489.7943487973985,failure,10,2,0,0,0,12
2489.7943487973985,repair_start,10,2,1,0,1,12
2491.300570678072,repair_finish,10,3,0,0,0,13
2493.8753853966077,failure,10,2,0,0,0,12
2493.8753853966077,repair_start,10,2,1,0,1,12
2493.9578662092454,repair_finish,10,3,0,0,0,13
2504.6633991341805,failure,10,2,0,0,0,12
2504.6633991341805,repair_start,10,2,1,0,1,12
2504.909308641024,repair_finish,10,3,0,0,0,13
2521.853126661769,failure,10,2,0,0,0,12
2521.853126661769,repair_start,10,2,1,0,1,12
2524.02372398444,repair_finish,10,3,0,0,0,13
2551.819080444235,failure,10,2,0,0,0,12
2551.819080444235,repair_start,10,2,1,0,1,12
2552.6092542068955,repair_finish,10,3,0,0,0,13
2569.363070395207,failure,10,2,0,0,0,12
2569.363070395207,repair_start,10,2,1,0,1,12
2569.3700174312426,repair_finish,10,3,0,0,0,13
2577.2962874216255,failure,10,2,0,0,0,12
2577.2962874216255,repair_start,10,2,1,0,1,12
2578.617539518744,repair_finish,10,3,0,0,0,13
2583.910858951065,failure,10,2,0,0,0,12
2583.910858951065,repair_start,10,2,1,0,1,12
2584.4832485297534,repair_finish,10,3,0,0,0,13
2594.9767897222596,failure,10,2,0,0,0,12
2594.9767897222596,repair_start,10,2,1,0,1,12
2595.2755345715473,repair_finish,10,3,0,0,0,13
2595.492907438349,failure,10,2,0,0,0,12
2595.492907438349,repair_start,10,2,1,0,1,12
2595.8124780879552,repair_finish,10,3,0,0,0,13
2596.911452811309,failure,10,2,0,0,0,12
2596.911452811309,repair_start,10,2,1,0,1,12
2597.051680359489,repair_finish,10,3,0,0,0,13
2597.8012634999645,failure,10,2,0,0,0,12
2597.8012634999645,repair_start,10,2,1,0,1,12
2598.033763631502,repair_finish,10,3,0,0,0,13
2598.4398400428076,failure,10,2,0,0,0,12
2598.4398400428076,repair_start,10,2,1,0,1,12
2599.1606758755006,repair_finish,10,3,0,0,0,13
2599.9196006513366,failure,10,2,0,0,0,12
2599.9196006513366,repair_start,10,2,1,0,1,12
2600.472032891379,repair_finish,10,3,0,0,0,13
2626.6990672097168,failure,10,2,0,0,0,12
2626.6990672097168,repair_start,10,2,1,0,1,12
2627.729533265168,repair_finish,10,3,0,0,0,13
2641.2336295724954,failure,10,2,0,0,0,12
2641.2336295724954,repair_start,10,2,1,0,1,12
2641.295668052711,repair_finish,10,3,0,0,0,13
2699.7335453346145,failure,10,2,0,0,0,12
2699.7335453346145,repair_start,10,2,1,0,1,12
2701.3187453774017,repair_finish,10,3,0,0,0,13
2708.5293696542262,failure,10,2,0,0,0,12
2708.5293696542262,repair_start,10,2,1,0,1,12
2708.598945499403,repair_finish,10,3,0,0,0,13
2726.7396007011234,failure,10,2,0,0,0,12
2726.7396007011234,repair_start,10,2,1,0,1,12
2726.873120437442,repair_finish,10,3,0,0,0,13
2739.913711230775,failure,10,2,0,0,0,12
2739.913711230775,repair_start,10,2,1,0,1,12
2740.5663858728276,repair_finish,10,3,0,0,0,13
2745.3231789995634,failure,10,2,0,0,0,12
2745.3231789995634,repair_start,10,2,1,0,1,12
2745.4248872826256,repair_finish,10,3,0,0,0,13
2760.727816132066,failure,10,2,0,0,0,12
2760.727816132066,repair_start,10,2,1,0,1,12
2761.8883836925966,repair_finish,10,3,0,0,0,13
2786.112193808919,failure,10,2,0,0,0,12
2786.112193808919,repair_start,10,2,1,0,1,12
2786.190012956886,repair_finish,10,3,0,0,0,13
2789.3458873363143,failure,10,2,0,0,0,12
2789.3458873363143,repair_start,10,2,1,0,1,12
2789.4435658616694,repair_finish,10,3,0,0,0,13
2797.550081330981,failure,10,2,0,0,0,12
2797.550081330981,repair_start,10,2,1,0,1,12
2797.812364675122,repair_finish,10,3,0,0,0,13
2805.422492858901,failure,10,2,0,0,0,12
2805.422492858901,repair_start,10,2,1,0,1,12
2805.5024034822286,repair_finish,10,3,0,0,0,13
2805.679589502832,failure,10,2,0,0,0,12
2805.679589502832,repair_start,10,2,1,0,1,12
2806.5351745478533,repair_finish,10,3,0,0,0,13
2808.1814593995664,failure,10,2,0,0,0,12
2808.1814593995664,repair_start,10,2,1,0,1,12
2809.8419128070395,repair_finish,10,3,0,0,0,13
2819.4989150186757,failure,10,2,0,0,0,12
2819.4989150186757,repair_start,10,2,1,0,1,12
2820.2465940796033,repair_finish,10,3,0,0,0,13
2828.353104564535,failure,10,2,0,0,0,12
2828.353104564535,repair_start,10,2,1,0,1,12
2829.1947662607013,repair_finish,10,3,0,0,0,13
2833.026244000387,failure,10,2,0,0,0,12
2833.026244000387,repair_start,10,2,1,0,1,12
2833.157772466737,failure,10,1,1,0,1,11
2833.157772466737,repair_queue,10,1,2,1,1,11
2836.0767463814755,repair_finish,10,2,1,1,0,12
2836.0767463814755,repair_start,10,2,1,0,1,12
2836.35631329904,repair_finish,10,3,0,0,0,13
2845.7566564331773,failure,10,2,0,0,0,12
2845.7566564331773,repair_start,10,2,1,0,1,12
2846.99717167516,repair_finish,10,3,0,0,0,13
2864.8714792224596,failure,10,2,0,0,0,12
2864.8714792224596,repair_start,10,2,1,0,1,12
2865.554461985525,repair_finish,10,3,0,0,0,13
2877.9974828501495,failure,10,2,0,0,0,12
2877.9974828501495,repair_start,10,2,1,0,1,12
2879.132554392483,repair_finish,10,3,0,0,0,13
2882.7699721345743,failure,10,2,0,0,0,12
2882.7699721345743,repair_start,10,2,1,0,1,12
2883.9825522839915,repair_finish,10,3,0,0,0,13
2886.8389892633604,failure,10,2,0,0,0,12
2886.8389892633604,repair_start,10,2,1,0,1,12
2889.1276045226405,failure,10,1,1,0,1,11
2889.1276045226405,repair_queue,10,1,2,1,1,11
2889.452919463337,repair_finish,10,2,1,1,0,12
2889.452919463337,repair_start,10,2,1,0,1,12
2890.640222181487,repair_finish,10,3,0,0,0,13
2909.402694550116,failure,10,2,0,0,0,12
2909.402694550116,repair_start,10,2,1,0,1,12
2909.575525638379,repair_finish,10,3,0,0,0,13
2913.721177486809,failure,10,2,0,0,0,12
2913.721177486809,repair_start,10,2,1,0,1,12
2914.941341975788,repair_finish,10,3,0,0,0,13
2915.9922984345394,failure,10,2,0,0,0,12
2915.9922984345394,repair_start,10,2,1,0,1,12
2916.803482598581,failure,10,1,1,0,1,11
2916.803482598581,repair_queue,10,1,2,1,1,11
2917.7441693088863,repair_finish,10,2,1,1,0,12
2917.7441693088863,repair_start,10,2,1,0,1,12
2919.584042069302,failure,10,1,1,0,1,11
2919.584042069302,repair_queue,10,1,2,1,1,11
2919.7382785007276,repair_finish,10,2,1,1,0,12
2919.7382785007276,repair_start,10,2,1,0,1,12
2921.565914989404,repair_finish,10,3,0,0,0,13
2929.4582419115336,failure,10,2,0,0,0,12
2929.4582419115336,repair_start,10,2,1,0,1,12
2930.010709906894,repair_finish,10,3,0,0,0,13
2930.0866127504755,failure,10,2,0,0,0,12
2930.0866127504755,repair_start,10,2,1,0,1,12
2931.6211285443483,repair_finish,10,3,0,0,0,13
2932.529021122811,failure,10,2,0,0,0,12
2932.529021122811,repair_start,10,2,1,0,1,12
2933.7461740278786,failure,10,1,1,0,1,11
2933.7461740278786,repair_queue,10,1,2,1,1,11
2933.8176270089343,repair_finish,10,2,1,1,0,12
2933.8176270089343,repair_start,10,2,1,0,1,12
2934.2590601312286,repair_finish,10,3,0,0,0,13
2935.2007655964685,failure,10,2,0,0,0,12
2935.2007655964685,repair_start,10,2,1,0,1,12
2936.38733851594,repair_finish,10,3,0,0,0,13
2947.97335785795,failure,10,2,0,0,0,12
2947.97335785795,repair_start,10,2,1,0,1,12
2948.2873517194575,repair_finish,10,3,0,0,0,13
2962.1222515514187,failure,10,2,0,0,0,12
2962.1222515514187,repair_start,10,2,1,0,1,12
2962.499186114384,repair_finish,10,3,0,0,0,13
2972.2609310860703,failure,10,2,0,0,0,12
2972.2609310860703,repair_start,10,2,1,0,1,12
2972.308543463017,repair_finish,10,3,0,0,0,13
2977.356535909471,failure,10,2,0,0,0,12
2977.356535909471,repair_start,10,2,1,0,1,12
2977.511745053415,repair_finish,10,3,0,0,0,13
2979.822524202575,failure,10,2,0,0,0,12
2979.822524202575,repair_start,10,2,1,0,1,12
2981.372838896953,failure,10,1,1,0,1,11
2981.372838896953,repair_queue,10,1,2,1,1,11
2983.0813741311517,repair_finish,10,2,1,1,0,12
2983.0813741311517,repair_start,10,2,1,0,1,12
2983.841751553222,repair_finish,10,3,0,0,0,13
2994.1697860577115,failure,10,2,0,0,0,12
2994.1697860577115,repair_start,10,2,1,0,1,12
2995.671054337628,repair_finish,10,3,0,0,0,13
2997.479657804733,failure,10,2,0,0,0,12
2997.479657804733,repair_start,10,2,1,0,1,12
2997.8863382685868,repair_finish,10,3,0,0,0,13
3035.0732603042698,failure,10,2,0,0,0,12
3035.0732603042698,repair_start,10,2,1,0,1,12
3035.788109232289,repair_finish,10,3,0,0,0,13
3050.1443363778612,failure,10,2,0,0,0,12
3050.1443363778612,repair_start,10,2,1,0,1,12
3050.6039781040613,repair_finish,10,3,0,0,0,13
3074.3809003061265,failure,10,2,0,0,0,12
3074.3809003061265,repair_start,10,2,1,0,1,12
3074.608782849713,failure,10,1,1,0,1,11
3074.608782849713,repair_queue,10,1,2,1,1,11
3074.960572251242,failure,10,0,2,1,1,10
3074.960572251242,repair_queue,10,0,3,2,1,10
3075.6396942729284,repair_finish,10,1,2,2,0,11
3075.6396942729284,repair_start,10,1,2,1,1,11
3076.183863757193,repair_finish,10,2,1,1,0,12
3076.183863757193,repair_start,10,2,1,0,1,12
3076.739563707835,repair_finish,10,3,0,0,0,13
3080.29659630178,failure,10,2,0,0,0,12
3080.29659630178,repair_start,10,2,1,0,1,12
3083.1872126013845,repair_finish,10,3,0,0,0,13
3114.7218232588184,failure,10,2,0,0,0,12
3114.7218232588184,repair_start,10,2,1,0,1,12
3115.853996405538,repair_finish,10,3,0,0,0,13
3122.6249759563493,failure,10,2,0,0,0,12
3122.6249759563493,repair_start,10,2,1,0,1,12
3122.925611385305,repair_finish,10,3,0,0,0,13
3149.5148085184246,failure,10,2,0,0,0,12
3149.5148085184246,repair_start,10,2,1,0,1,12
3150.5855091666626,repair_finish,10,3,0,0,0,13
3151.924341140371,failure,10,2,0,0,0,12
3151.924341140371,repair_start,10,2,1,0,1,12
3154.1558531566766,repair_finish,10,3,0,0,0,13
3155.000583005515,failure,10,2,0,0,0,12
3155.000583005515,repair_start,10,2,1,0,1,12
3155.7591650939858,failure,10,1,1,0,1,11
3155.7591650939858,repair_queue,10,1,2,1,1,11
3156.0192805997604,repair_finish,10,2,1,1,0,12
3156.0192805997604,repair_start,10,2,1,0,1,12
3158.9163679346557,repair_finish,10,3,0,0,0,13
3174.1852488138243,failure,10,2,0,0,0,12
3174.1852488138243,repair_start,10,2,1,0,1,12
3174.1936797493336,repair_finish,10,3,0,0,0,13
3174.701275736712,failure,10,2,0,0,0,12
3174.701275736712,repair_start,10,2,1,0,1,12
3174.9222552894907,repair_finish,10,3,0,0,0,13
3176.233040706676,failure,10,2,0,0,0,12
3176.233040706676,repair_start,10,2,1,0,1,12
3176.3983077552707,repair_finish,10,3,0,0,0,13
3221.446169466868,failure,10,2,0,0,0,12
3221.446169466868,repair_start,10,2,1,0,1,12
3222.1854963745436,repair_finish,10,3,0,0,0,13
3229.6052556327913,failure,10,2,0,0,0,12
3229.6052556327913,repair_start,10,2,1,0,1,12
3229.9872165290544,failure,10,1,1,0,1,11
3229.9872165290544,repair_queue,10,1,2,1,1,11
3230.2326992864023,repair_finish,10,2,1,1,0,12
3230.2326992864023,repair_start,10,2,1,0,1,12
3230.4691772966207,repair_finish,10,3,0,0,0,13
3253.6891428398517,failure,10,2,0,0,0,12
3253.6891428398517,repair_start,10,2,1,0,1,12
3253.9771448482143,repair_finish,10,3,0,0,0,13
3259.8279037035986,failure,10,2,0,0,0,12
3259.8279037035986,repair_start,10,2,1,0,1,12
3261.3038513607694,repair_finish,10,3,0,0,0,13
3262.6471935562126,failure,10,2,0,0,0,12
3262.6471935562126,repair_start,10,2,1,0,1,12
3263.2184615956403,failure,10,1,1,0,1,11
3263.2184615956403,repair_queue,10,1,2,1,1,11
3263.8180752711405,repair_finish,10,2,1,1,0,12
3263.8180752711405,repair_start,10,2,1,0,1,12
3264.4298376335073,repair_finish,10,3,0,0,0,13
3275.935866210589,failure,10,2,0,0,0,12
3275.935866210589,repair_start,10,2,1,0,1,12
3276.3114913790873,repair_finish,10,3,0,0,0,13
3279.158164709083,failure,10,2,0,0,0,12
3279.158164709083,repair_start,10,2,1,0,1,12
3281.119269700827,repair_finish,10,3,0,0,0,13
3291.5351751444437,failure,10,2,0,0,0,12
3291.5351751444437,repair_start,10,2,1,0,1,12
3292.6021975500307,failure,10,1,1,0,1,11
3292.6021975500307,repair_queue,10,1,2,1,1,11
3294.106566218518,repair_finish,10,2,1,1,0,12
3294.106566218518,repair_start,10,2,1,0,1,12
3295.3593165275843,repair_finish,10,3,0,0,0,13
3310.3405227646085,failure,10,2,0,0,0,12
3310.3405227646085,repair_start,10,2,1,0,1,12
3310.3492396789816,repair_finish,10,3,0,0,0,13
3319.2195813676226,failure,10,2,0,0,0,12
3319.2195813676226,repair_start,10,2,1,0,1,12
3321.2828554081266,repair_finish,10,3,0,0,0,13
3338.1331940629434,failure,10,2,0,0,0,12
3338.1331940629434,repair_start,10,2,1,0,1,12
3339.674275921803,repair_finish,10,3,0,0,0,13
3354.820219340853,failure,10,2,0,0,0,12
3354.820219340853,repair_start,10,2,1,0,1,12
3355.1335235117567,repair_finish,10,3,0,0,0,13
3358.516589445895,failure,10,2,0,0,0,12
3358.516589445895,repair_start,10,2,1,0,1,12
3360.45710753123,repair_finish,10,3,0,0,0,13
3360.855906691801,failure,10,2,0,0,0,12
3360.855906691801,repair_start,10,2,1,0,1,12
3361.1949823901077,failure,10,1,1,0,1,11
3361.1949823901077,repair_queue,10,1,2,1,1,11
3363.057128120403,repair_finish,10,2,1,1,0,12
3363.057128120403,repair_start,10,2,1,0,1,12
3363.8675513975118,failure,10,1,1,0,1,11
3363.8675513975118,repair_queue,10,1,2,1,1,11
3364.2108232930404,repair_finish,10,2,1,1,0,12
3364.2108232930404,repair_start,10,2,1,0,1,12
3364.403587379875,repair_finish,10,3,0,0,0,13
3374.14279681269,failure,10,2,0,0,0,12
3374.14279681269,repair_start,10,2,1,0,1,12
3376.048622714418,repair_finish,10,3,0,0,0,13
3399.2198433292047,failure,10,2,0,0,0,12
3399.2198433292047,repair_start,10,2,1,0,1,12
3399.911471032298,repair_finish,10,3,0,0,0,13
3421.1543776969697,failure,10,2,0,0,0,12
3421.1543776969697,repair_start,10,2,1,0,1,12
3422.0556343075395,repair_finish,10,3,0,0,0,13
3425.6057193198585,failure,10,2,0,0,0,12
3425.6057193198585,repair_start,10,2,1,0,1,12
3426.6329718434295,repair_finish,10,3,0,0,0,13
3433.8279027353537,failure,10,2,0,0,0,12
3433.8279027353537,repair_start,10,2,1,0,1,12
3434.2098149872677,repair_finish,10,3,0,0,0,13
3441.021770304655,failure,10,2,0,0,0,12
3441.021770304655,repair_start,10,2,1,0,1,12
3442.810571291968,repair_finish,10,3,0,0,0,13
3445.0254442594132,failure,10,2,0,0,0,12
3445.0254442594132,repair_start,10,2,1,0,1,12
3445.6631512155773,repair_finish,10,3,0,0,0,13
3453.363205208252,failure,10,2,0,0,0,12
3453.363205208252,repair_start,10,2,1,0,1,12
3453.913691958219,repair_finish,10,3,0,0,0,13
3460.5827405179143,failure,10,2,0,0,0,12
3460.5827405179143,repair_start,10,2,1,0,1,12
3463.3793600973477,repair_finish,10,3,0,0,0,13
3480.454480651997,failure,10,2,0,0,0,12
3480.454480651997,repair_start,10,2,1,0,1,12
3481.052770145362,repair_finish,10,3,0,0,0,13
3485.141271042458,failure,10,2,0,0,0,12
3485.141271042458,repair_start,10,2,1,0,1,12
3485.3178929862675,repair_finish,10,3,0,0,0,13
3488.0353928817444,failure,10,2,0,0,0,12
3488.0353928817444,repair_start,10,2,1,0,1,12
3488.5834782818206,repair_finish,10,3,0,0,0,13
3493.076074871855,failure,10,2,0,0,0,12
3493.076074871855,repair_start,10,2,1,0,1,12
3494.2865905572817,repair_finish,10,3,0,0,0,13
3501.037761157411,failure,10,2,0,0,0,12
3501.037761157411,repair_start,10,2,1,0,1,12
3503.168024227312,repair_finish,10,3,0,0,0,13
3531.6318607824537,failure,10,2,0,0,0,12
3531.6318607824537,repair_start,10,2,1,0,1,12
3532.2096596275487,repair_finish,10,3,0,0,0,13
3553.145745004776,failure,10,2,0,0,0,12
3553.145745004776,repair_start,10,2,1,0,1,12
3553.983666883293,repair_finish,10,3,0,0,0,13
3558.6057207412564,failure,10,2,0,0,0,12
3558.6057207412564,repair_start,10,2,1,0,1,12
3560.396736406012,repair_finish,10,3,0,0,0,13
3565.5060910435654,failure,10,2,0,0,0,12
3565.5060910435654,repair_start,10,2,1,0,1,12
3566.8081611855378,repair_finish,10,3,0,0,0,13
3567.996441159969,failure,10,2,0,0,0,12
3567.996441159969,repair_start,10,2,1,0,1,12
3568.4004772899534,repair_finish,10,3,0,0,0,13
3568.5033259073202,failure,10,2,0,0,0,12
3568.5033259073202,repair_start,10,2,1,0,1,12
3568.6239488817364,repair_finish,10,3,0,0,0,13
3582.302111344487,failure,10,2,0,0,0,12
3582.302111344487,repair_start,10,2,1,0,1,12
3582.9821685027846,repair_finish,10,3,0,0,0,13
3584.425589977766,failure,10,2,0,0,0,12
3584.425589977766,repair_start,10,2,1,0,1,12
3584.5093073973862,repair_finish,10,3,0,0,0,13
3592.39711446155,failure,10,2,0,0,0,12
3592.39711446155,repair_start,10,2,1,0,1,12
3592.9318281893534,repair_finish,10,3,0,0,0,13
3596.1097310238415,failure,10,2,0,0,0,12
3596.1097310238415,repair_start,10,2,1,0,1,12
3597.010282884245,repair_finish,10,3,0,0,0,13
3601.1351101206074,failure,10,2,0,0,0,12
3601.1351101206074,repair_start,10,2,1,0,1,12
3601.6430262021972,repair_finish,10,3,0,0,0,13
3602.4852298176593,failure,10,2,0,0,0,12
3602.4852298176593,repair_start,10,2,1,0,1,12
3603.1817362807847,repair_finish,10,3,0,0,0,13
3604.3713028177995,failure,10,2,0,0,0,12
3604.3713028177995,repair_start,10,2,1,0,1,12
3605.3117391245332,repair_finish,10,3,0,0,0,13
3615.1896236451103,failure,10,2,0,0,0,12
3615.1896236451103,repair_start,10,2,1,0,1,12
3615.6424812120244,repair_finish,10,3,0,0,0,13
3621.891699941089,failure,10,2,0,0,0,12
3621.891699941089,repair_start,10,2,1,0,1,12
3623.8816166686784,repair_finish,10,3,0,0,0,13
3626.7603194594194,failure,10,2,0,0,0,12
3626.7603194594194,repair_start,10,2,1,0,1,12
3628.1713796211525,repair_finish,10,3,0,0,0,13
3630.8405297386485,failure,10,2,0,0,0,12
3630.8405297386485,repair_start,10,2,1,0,1,12
3630.9346114925593,repair_finish,10,3,0,0,0,13
3647.474678872973,failure,10,2,0,0,0,12
3647.474678872973,repair_start,10,2,1,0,1,12
3647.5118073873136,repair_finish,10,3,0,0,0,13
3649.4894175448585,failure,10,2,0,0,0,12
3649.4894175448585,repair_start,10,2,1,0,1,12
3650.2048749914493,repair_finish,10,3,0,0,0,13
3654.823260991408,failure,10,2,0,0,0,12
3654.823260991408,repair_start,10,2,1,0,1,12
3657.1800460698864,failure,10,1,1,0,1,11
3657.1800460698864,repair_queue,10,1,2,1,1,11
3657.701666601198,repair_finish,10,2,1,1,0,12
3657.701666601198,repair_start,10,2,1,0,1,12
3658.22042334094,repair_finish,10,3,0,0,0,13
3674.7850364599435,failure,10,2,0,0,0,12
3674.7850364599435,repair_start,10,2,1,0,1,12
3675.9399975553665,repair_finish,10,3,0,0,0,13
3689.9734079438595,failure,10,2,0,0,0,12
3689.9734079438595,repair_start,10,2,1,0,1,12
3690.4845035714206,repair_finish,10,3,0,0,0,13
3722.795147535441,failure,10,2,0,0,0,12
3722.795147535441,repair_start,10,2,1,0,1,12
3723.013367760176,repair_finish,10,3,0,0,0,13
3734.1289562372976,failure,10,2,0,0,0,12
3734.1289562372976,repair_start,10,2,1,0,1,12
3735.8997940626236,repair_finish,10,3,0,0,0,13
3742.62571822745,failure,10,2,0,0,0,12
3742.62571822745,repair_start,10,2,1,0,1,12
3742.800025160393,repair_finish,10,3,0,0,0,13
3753.2120496988637,failure,10,2,0,0,0,12
3753.2120496988637,repair_start,10,2,1,0,1,12
3753.8006159579018,repair_finish,10,3,0,0,0,13
3779.957549208822,failure,10,2,0,0,0,12
3779.957549208822,repair_start,10,2,1,0,1,12
3780.635267242502,repair_finish,10,3,0,0,0,13
3797.514082577635,failure,10,2,0,0,0,12
3797.514082577635,repair_start,10,2,1,0,1,12
3799.632551549295,failure,10,1,1,0,1,11
3799.632551549295,repair_queue,10,1,2,1,1,11
3800.759931527678,repair_finish,10,2,1,1,0,12
3800.759931527678,repair_start,10,2,1,0,1,12
3801.5276284884794,repair_finish,10,3,0,0,0,13
3801.7196449336443,failure,10,2,0,0,0,12
3801.7196449336443,repair_start,10,2,1,0,1,12
3801.8040031518826,repair_finish,10,3,0,0,0,13
3803.260065001048,failure,10,2,0,0,0,12
3803.260065001048,repair_start,10,2,1,0,1,12
3803.7416640920137,failure,10,1,1,0,1,11
3803.7416640920137,repair_queue,10,1,2,1,1,11
3803.975329512667,repair_finish,10,2,1,1,0,12
3803.975329512667,repair_start,10,2,1,0,1,12
3804.234256270188,repair_finish,10,3,0,0,0,13
3810.649480445003,failure,10,2,0,0,0,12
3810.649480445003,repair_start,10,2,1,0,1,12
3811.8905387176305,repair_finish,10,3,0,0,0,13
3830.4701816385245,failure,10,2,0,0,0,12
3830.4701816385245,repair_start,10,2,1,0,1,12
3831.7567293470483,repair_finish,10,3,0,0,0,13
3846.9169671253785,failure,10,2,0,0,0,12
3846.9169671253785,repair_start,10,2,1,0,1,12
3847.28458465068,repair_finish,10,3,0,0,0,13
3856.0336304086404,failure,10,2,0,0,0,12
3856.0336304086404,repair_start,10,2,1,0,1,12
3856.8909278864508,failure,10,1,1,0,1,11
3856.8909278864508,repair_queue,10,1,2,1,1,11
3857.7890074549423,repair_finish,10,2,1,1,0,12
3857.7890074549423,repair_start,10,2,1,0,1,12
3859.168410862628,repair_finish,10,3,0,0,0,13
3863.5073665834816,failure,10,2,0,0,0,12
3863.5073665834816,repair_start,10,2,1,0,1,12
3864.1006137791396,repair_finish,10,3,0,0,0,13
3864.4433898450975,failure,10,2,0,0,0,12
3864.4433898450975,repair_start,10,2,1,0,1,12
3865.073868425306,repair_finish,10,3,0,0,0,13
3867.844364604364,failure,10,2,0,0,0,12
3867.844364604364,repair_start,10,2,1,0,1,12
3868.3663046266547,repair_finish,10,3,0,0,0,13
3890.3842585392167,failure,10,2,0,0,0,12
3890.3842585392167,repair_start,10,2,1,0,1,12
3890.5999887372795,repair_finish,10,3,0,0,0,13
3917.739741257888,failure,10,2,0,0,0,12
3917.739741257888,repair_start,10,2,1,0,1,12
3918.3112132215415,repair_finish,10,3,0,0,0,13
3921.7824953962236,failure,10,2,0,0,0,12
3921.7824953962236,repair_start,10,2,1,0,1,12
3922.3101964653633,repair_finish,10,3,0,0,0,13
3923.63500451056,failure,10,2,0,0,0,12
3923.63500451056,repair_start,10,2,1,0,1,12
3923.846051248366,repair_finish,10,3,0,0,0,13
3925.3673784273697,failure,10,2,0,0,0,12
3925.3673784273697,repair_start,10,2,1,0,1,12
3927.1412912929845,repair_finish,10,3,0,0,0,13
3930.145437126352,failure,10,2,0,0,0,12
3930.145437126352,repair_start,10,2,1,0,1,12
3930.2544834144237,repair_finish,10,3,0,0,0,13
3931.1108944051975,failure,10,2,0,0,0,12
3931.1108944051975,repair_start,10,2,1,0,1,12
3931.174035799204,failure,10,1,1,0,1,11
3931.174035799204,repair_queue,10,1,2,1,1,11
3932.4835980507846,repair_finish,10,2,1,1,0,12
3932.4835980507846,repair_start,10,2,1,0,1,12
3933.2678802212554,repair_finish,10,3,0,0,0,13
3955.7832825056817,failure,10,2,0,0,0,12
3955.7832825056817,repair_start,10,2,1,0,1,12
3955.9752271741477,repair_finish,10,3,0,0,0,13
3966.2327567728557,failure,10,2,0,0,0,12
3966.2327567728557,repair_start,10,2,1,0,1,12
3966.941276148041,failure,10,1,1,0,1,11
3966.941276148041,repair_queue,10,1,2,1,1,11
3967.3426738687426,failure,10,0,2,1,1,10
3967.3426738687426,repair_queue,10,0,3,2,1,10
3968.2785820319014,repair_finish,10,1,2,2,0,11
3968.2785820319014,repair_start,10,1,2,1,1,11
3969.1898414317693,repair_finish,10,2,1,1,0,12
3969.1898414317693,repair_start,10,2,1,0,1,12
3969.7378488893005,repair_finish,10,3,0,0,0,13
3976.5015029435717,failure,10,2,0,0,0,12
3976.5015029435717,repair_start,10,2,1,0,1,12
3976.8461641635195,repair_finish,10,3,0,0,0,13
3978.0058401828405,failure,10,2,0,0,0,12
3978.0058401828405,repair_start,10,2,1,0,1,12
3979.155420989622,repair_finish,10,3,0,0,0,13
3982.173431535967,failure,10,2,0,0,0,12
3982.173431535967,repair_start,10,2,1,0,1,12
3983.7810328747705,repair_finish,10,3,0,0,0,13
4000.785979117261,failure,10,2,0,0,0,12
4000.785979117261,repair_start,10,2,1,0,1,12
4000.7950109547273,repair_finish,10,3,0,0,0,13
4012.7100817697083,failure,10,2,0,0,0,12
4012.7100817697083,repair_start,10,2,1,0,1,12
4013.0656985666037,repair_finish,10,3,0,0,0,13
4026.1768943636494,failure,10,2,0,0,0,12
4026.1768943636494,repair_start,10,2,1,0,1,12
4026.8848717486026,repair_finish,10,3,0,0,0,13
4030.223691930122,failure,10,2,0,0,0,12
4030.223691930122,repair_start,10,2,1,0,1,12
4031.6659435377005,repair_finish,10,3,0,0,0,13
4033.2596514825755,failure,10,2,0,0,0,12
4033.2596514825755,repair_start,10,2,1,0,1,12
4034.2677272165756,repair_finish,10,3,0,0,0,13
4067.7928133665623,failure,10,2,0,0,0,12
4067.7928133665623,repair_start,10,2,1,0,1,12
4068.020743663652,repair_finish,10,3,0,0,0,13
4080.765030469433,failure,10,2,0,0,0,12
4080.765030469433,repair_start,10,2,1,0,1,12
4083.9096016246654,repair_finish,10,3,0,0,0,13
4085.7472204474016,failure,10,2,0,0,0,12
4085.7472204474016,repair_start,10,2,1,0,1,12
4085.8052514777546,repair_finish,10,3,0,0,0,13
4094.9794382033806,failure,10,2,0,0,0,12
4094.9794382033806,repair_start,10,2,1,0,1,12
4094.9807921173137,repair_finish,10,3,0,0,0,13
4107.675718855411,failure,10,2,0,0,0,12
4107.675718855411,repair_start,10,2,1,0,1,12
4108.081320947098,repair_finish,10,3,0,0,0,13
4114.83165069809,failure,10,2,0,0,0,12
4114.83165069809,repair_start,10,2,1,0,1,12
4115.027996129266,repair_finish,10,3,0,0,0,13
4122.118033850137,failure,10,2,0,0,0,12
4122.118033850137,repair_start,10,2,1,0,1,12
4123.822313645858,repair_finish,10,3,0,0,0,13
4131.544694309007,failure,10,2,0,0,0,12
4131.544694309007,repair_start,10,2,1,0,1,12
4132.048243014148,repair_finish,10,3,0,0,0,13
4132.377370929396,failure,10,2,0,0,0,12
4132.377370929396,repair_start,10,2,1,0,1,12
4132.827660582301,repair_finish,10,3,0,0,0,13
4142.117872927264,failure,10,2,0,0,0,12
4142.117872927264,repair_start,10,2,1,0,1,12
4143.2559916191585,repair_finish,10,3,0,0,0,13
4156.308090487358,failure,10,2,0,0,0,12
4156.308090487358,repair_start,10,2,1,0,1,12
4156.912420262313,failure,10,1,1,0,1,11
4156.912420262313,repair_queue,10,1,2,1,1,11
4158.050492549457,failure,10,0,2,1,1,10
4158.050492549457,repair_queue,10,0,3,2,1,10
4159.596010348657,repair_finish,10,1,2,2,0,11
4159.596010348657,repair_start,10,1,2,1,1,11
4160.999540624105,failure,10,0,2,1,1,10
4160.999540624105,repair_queue,10,0,3,2,1,10
4161.341986717016,repair_finish,10,1,2,2,0,11
4161.341986717016,repair_start,10,1,2,1,1,11
4163.1550131560425,repair_finish,10,2,1,1,0,12
4163.1550131560425,repair_start,10,2,1,0,1,12
4163.59370920681,repair_finish,10,3,0,0,0,13
4165.814551282018,failure,10,2,0,0,0,12
4165.814551282018,repair_start,10,2,1,0,1,12
4166.025549430652,repair_finish,10,3,0,0,0,13
4186.264290921543,failure,10,2,0,0,0,12
4186.264290921543,repair_start,10,2,1,0,1,12
4186.428021160467,repair_finish,10,3,0,0,0,13
4195.711023947324,failure,10,2,0,0,0,12
4195.711023947324,repair_start,10,2,1,0,1,12
4197.291630780657,repair_finish,10,3,0,0,0,13
4199.268795371077,failure,10,2,0,0,0,12
4199.268795371077,repair_start,10,2,1,0,1,12
4199.418934966146,repair_finish,10,3,0,0,0,13
4221.614731332744,failure,10,2,0,0,0,12
4221.614731332744,repair_start,10,2,1,0,1,12
4222.070338874674,repair_finish,10,3,0,0,0,13
4224.2291897003515,failure,10,2,0,0,0,12
4224.2291897003515,repair_start,10,2,1,0,1,12
4224.949859223542,repair_finish,10,3,0,0,0,13
4226.669788305419,failure,10,2,0,0,0,12
4226.669788305419,repair_start,10,2,1,0,1,12
4228.1450833810395,repair_finish,10,3,0,0,0,13
4234.837876743196,failure,10,2,0,0,0,12
4234.837876743196,repair_start,10,2,1,0,1,12
4235.563426585861,repair_finish,10,3,0,0,0,13
4256.466181108958,failure,10,2,0,0,0,12
4256.466181108958,repair_start,10,2,1,0,1,12
4256.522129038129,repair_finish,10,3,0,0,0,13
4258.97440136357,failure,10,2,0,0,0,12
4258.97440136357,repair_start,10,2,1,0,1,12
4261.584646425332,repair_finish,10,3,0,0,0,13
4267.1058239404,failure,10,2,0,0,0,12
4267.1058239404,repair_start,10,2,1,0,1,12
4268.851483180516,repair_finish,10,3,0,0,0,13
4269.599889610134,failure,10,2,0,0,0,12
4269.599889610134,repair_start,10,2,1,0,1,12
4271.130484924017,repair_finish,10,3,0,0,0,13
4277.196296457108,failure,10,2,0,0,0,12
4277.196296457108,repair_start,10,2,1,0,1,12
4279.225398961296,repair_finish,10,3,0,0,0,13
4279.440935590819,failure,10,2,0,0,0,12
4279.440935590819,repair_start,10,2,1,0,1,12
4279.577532262642,repair_finish,10,3,0,0,0,13
4282.654656470924,failure,10,2,0,0,0,12
4282.654656470924,repair_start,10,2,1,0,1,12
4284.183481204782,repair_finish,10,3,0,0,0,13
4285.901814705784,failure,10,2,0,0,0,12
4285.901814705784,repair_start,10,2,1,0,1,12
4286.342697581116,repair_finish,10,3,0,0,0,13
4290.1092497846785,failure,10,2,0,0,0,12
4290.1092497846785,repair_start,10,2,1,0,1,12
4290.724170785531,repair_finish,10,3,0,0,0,13
4295.753236285363,failure,10,2,0,0,0,12
4295.753236285363,repair_start,10,2,1,0,1,12
4296.38872821428,repair_finish,10,3,0,0,0,13
4299.310983146326,failure,10,2,0,0,0,12
4299.310983146326,repair_start,10,2,1,0,1,12
4301.04931536602,repair_finish,10,3,0,0,0,13
4301.551012172582,failure,10,2,0,0,0,12
4301.551012172582,repair_start,10,2,1,0,1,12
4302.78621006308,repair_finish,10,3,0,0,0,13
4311.708037555613,failure,10,2,0,0,0,12
4311.708037555613,repair_start,10,2,1,0,1,12
4317.06187503127,repair_finish,10,3,0,0,0,13
4339.2453182491245,failure,10,2,0,0,0,12
4339.2453182491245,repair_start,10,2,1,0,1,12
4339.706450404773,repair_finish,10,3,0,0,0,13
4351.916495303611,failure,10,2,0,0,0,12
4351.916495303611,repair_start,10,2,1,0,1,12
4352.223124478871,repair_finish,10,3,0,0,0,13
4374.708723566915,failure,10,2,0,0,0,12
4374.708723566915,repair_start,10,2,1,0,1,12
4375.448956747291,repair_finish,10,3,0,0,0,13
4375.852312652037,failure,10,2,0,0,0,12
4375.852312652037,repair_start,10,2,1,0,1,12
4377.169715891691,repair_finish,10,3,0,0,0,13
4380.4657487707445,failure,10,2,0,0,0,12
4380.4657487707445,repair_start,10,2,1,0,1,12
4380.955502623644,repair_finish,10,3,0,0,0,13
4390.150086846911,failure,10,2,0,0,0,12
4390.150086846911,repair_start,10,2,1,0,1,12
4390.841890973694,failure,10,1,1,0,1,11
4390.841890973694,repair_queue,10,1,2,1,1,11
4391.171355621826,repair_finish,10,2,1,1,0,12
4391.171355621826,repair_start,10,2,1,0,1,12
4392.109518541328,repair_finish,10,3,0,0,0,13
4396.435031352941,failure,10,2,0,0,0,12
4396.435031352941,repair_start,10,2,1,0,1,12
4397.6060460529025,repair_finish,10,3,0,0,0,13
4435.215554116295,failure,10,2,0,0,0,12
4435.215554116295,repair_start,10,2,1,0,1,12
4435.241631106411,repair_finish,10,3,0,0,0,13
4441.379844023711,failure,10,2,0,0,0,12
4441.379844023711,repair_start,10,2,1,0,1,12
4441.937800413693,repair_finish,10,3,0,0,0,13
4442.644164397267,failure,10,2,0,0,0,12
4442.644164397267,repair_start,10,2,1,0,1,12
4447.010100833803,repair_finish,10,3,0,0,0,13
4463.309535977414,failure,10,2,0,0,0,12
4463.309535977414,repair_start,10,2,1,0,1,12
4464.610541859306,repair_finish,10,3,0,0,0,13
4476.23916930763,failure,10,2,0,0,0,12
4476.23916930763,repair_start,10,2,1,0,1,12
4477.0379319503645,repair_finish,10,3,0,0,0,13
4493.634596239015,failure,10,2,0,0,0,12
4493.634596239015,repair_start,10,2,1,0,1,12
4494.486395351739,repair_finish,10,3,0,0,0,13
4498.149263979406,failure,10,2,0,0,0,12
4498.149263979406,repair_start,10,2,1,0,1,12
4500.2198852302545,repair_finish,10,3,0,0,0,13
4501.861580798109,failure,10,2,0,0,0,12
4501.861580798109,repair_start,10,2,1,0,1,12
4502.853143125054,repair_finish,10,3,0,0,0,13
4507.6170674237055,failure,10,2,0,0,0,12
4507.6170674237055,repair_start,10,2,1,0,1,12
4507.808502320428,repair_finish,10,3,0,0,0,13
4512.6162949479285,failure,10,2,0,0,0,12
4512.6162949479285,repair_start,10,2,1,0,1,12
4512.9046636650055,repair_finish,10,3,0,0,0,13
4529.627747011273,failure,10,2,0,0,0,12
4529.627747011273,repair_start,10,2,1,0,1,12
4529.7084052687815,repair_finish,10,3,0,0,0,13
4537.314229024526,failure,10,2,0,0,0,12
4537.314229024526,repair_start,10,2,1,0,1,12
4538.528396577961,repair_finish,10,3,0,0,0,13
4540.302550398038,failure,10,2,0,0,0,12
4540.302550398038,repair_start,10,2,1,0,1,12
4540.931340050201,repair_finish,10,3,0,0,0,13
4565.726402490756,failure,10,2,0,0,0,12
4565.726402490756,repair_start,10,2,1,0,1,12
4566.636151706596,repair_finish,10,3,0,0,0,13
4569.990538470777,failure,10,2,0,0,0,12
4569.990538470777,repair_start,10,2,1,0,1,12
4570.939426797444,repair_finish,10,3,0,0,0,13
4585.260725330851,failure,10,2,0,0,0,12
4585.260725330851,repair_start,10,2,1,0,1,12
4585.299873079326,repair_finish,10,3,0,0,0,13
4600.803950822253,failure,10,2,0,0,0,12
4600.803950822253,repair_start,10,2,1,0,1,12
4600.946382608144,repair_finish,10,3,0,0,0,13
4604.638509139794,failure,10,2,0,0,0,12
4604.638509139794,repair_start,10,2,1,0,1,12
4604.857028934655,repair_finish,10,3,0,0,0,13
4645.09510591172,failure,10,2,0,0,0,12
4645.09510591172,repair_start,10,2,1,0,1,12
4645.993543186536,repair_finish,10,3,0,0,0,13
4649.230173490134,failure,10,2,0,0,0,12
4649.230173490134,repair_start,10,2,1,0,1,12
4649.7011174739255,repair_finish,10,3,0,0,0,13
4649.758075157174,failure,10,2,0,0,0,12
4649.758075157174,repair_start,10,2,1,0,1,12
4649.786685430199,repair_finish,10,3,0,0,0,13
4654.52857956192,failure,10,2,0,0,0,12
4654.52857956192,repair_start,10,2,1,0,1,12
4656.802969557417,failure,10,1,1,0,1,11
4656.802969557417,repair_queue,10,1,2,1,1,11
4657.027470816384,repair_finish,10,2,1,1,0,12
4657.027470816384,repair_start,10,2,1,0,1,12
4659.001874105671,failure,10,1,1,0,1,11
4659.001874105671,repair_queue,10,1,2,1,1,11
4659.282306285519,repair_finish,10,2,1,1,0,12
4659.282306285519,repair_start,10,2,1,0,1,12
4660.383660502448,repair_finish,10,3,0,0,0,13
4673.676958233717,failure,10,2,0,0,0,12
4673.676958233717,repair_start,10,2,1,0,1,12
4674.673347615933,repair_finish,10,3,0,0,0,13
4693.590846996526,failure,10,2,0,0,0,12
4693.590846996526,repair_start,10,2,1,0,1,12
4694.714477158493,repair_finish,10,3,0,0,0,13
4698.559157027959,failure,10,2,0,0,0,12
4698.559157027959,repair_start,10,2,1,0,1,12
4698.80622689382,failure,10,1,1,0,1,11
4698.80622689382,repair_queue,10,1,2,1,1,11
4701.195760493539,repair_finish,10,2,1,1,0,12
4701.195760493539,repair_start,10,2,1,0,1,12
4704.306896582682,repair_finish,10,3,0,0,0,13
4705.90685469461,failure,10,2,0,0,0,12
4705.90685469461,repair_start,10,2,1,0,1,12
4706.07935306825,repair_finish,10,3,0,0,0,13
4708.2872841993285,failure,10,2,0,0,0,12
4708.2872841993285,repair_start,10,2,1,0,1,12
4708.421135559467,repair_finish,10,3,0,0,0,13
4718.798629248252,failure,10,2,0,0,0,12
4718.798629248252,repair_start,10,2,1,0,1,12
4719.184838996297,repair_finish,10,3,0,0,0,13
4748.361229851474,failure,10,2,0,0,0,12
4748.361229851474,repair_start,10,2,1,0,1,12
4749.030692998623,repair_finish,10,3,0,0,0,13
4774.740766585149,failure,10,2,0,0,0,12
4774.740766585149,repair_start,10,2,1,0,1,12
4775.588529250647,failure,10,1,1,0,1,11
4775.588529250647,repair_queue,10,1,2,1,1,11
4775.877588899776,failure,10,0,2,1,1,10
4775.877588899776,repair_queue,10,0,3,2,1,10
4776.072399680777,repair_finish,10,1,2,2,0,11
4776.072399680777,repair_start,10,1,2,1,1,11
4776.296826242963,repair_finish,10,2,1,1,0,12
4776.296826242963,repair_start,10,2,1,0,1,12
4777.5460442587855,repair_finish,10,3,0,0,0,13
4796.836386956171,failure,10,2,0,0,0,12
4796.836386956171,repair_start,10,2,1,0,1,12
4799.507009438754,repair_finish,10,3,0,0,0,13
4811.601535947611,failure,10,2,0,0,0,12
4811.601535947611,repair_start,10,2,1,0,1,12
4813.773237943815,repair_finish,10,3,0,0,0,13
4820.500494561342,failure,10,2,0,0,0,12
4820.500494561342,repair_start,10,2,1,0,1,12
4823.401168726001,repair_finish,10,3,0,0,0,13
4826.18264489709,failure,10,2,0,0,0,12
4826.18264489709,repair_start,10,2,1,0,1,12
4826.183075464175,repair_finish,10,3,0,0,0,13
4834.028727867961,failure,10,2,0,0,0,12
4834.028727867961,repair_start,10,2,1,0,1,12
4834.539451100012,repair_finish,10,3,0,0,0,13
4850.65422051163,failure,10,2,0,0,0,12
4850.65422051163,repair_start,10,2,1,0,1,12
4852.294027564151,repair_finish,10,3,0,0,0,13
4853.716079420873,failure,10,2,0,0,0,12
4853.716079420873,repair_start,10,2,1,0,1,12
4853.937971745146,repair_finish,10,3,0,0,0,13
4871.139692127998,failure,10,2,0,0,0,12
4871.139692127998,repair_start,10,2,1,0,1,12
4872.719507895417,repair_finish,10,3,0,0,0,13
4879.795718762139,failure,10,2,0,0,0,12
4879.795718762139,repair_start,10,2,1,0,1,12
4880.221209072417,repair_finish,10,3,0,0,0,13
4893.129618654608,failure,10,2,0,0,0,12
4893.129618654608,repair_start,10,2,1,0,1,12
4893.703958465217,repair_finish,10,3,0,0,0,13
4895.445670682008,failure,10,2,0,0,0,12
4895.445670682008,repair_start,10,2,1,0,1,12
4896.0029024712385,repair_finish,10,3,0,0,0,13
4911.903404144312,failure,10,2,0,0,0,12
4911.903404144312,repair_start,10,2,1,0,1,12
4912.716950993311,repair_finish,10,3,0,0,0,13
4921.568213807762,failure,10,2,0,0,0,12
4921.568213807762,repair_start,10,2,1,0,1,12
4922.3691002185415,repair_finish,10,3,0,0,0,13
4936.252422688377,failure,10,2,0,0,0,12
4936.252422688377,repair_start,10,2,1,0,1,12
4937.417239682874,repair_finish,10,3,0,0,0,13
4948.483613286842,failure,10,2,0,0,0,12
4948.483613286842,repair_start,10,2,1,0,1,12
4951.4213639162535,failure,10,1,1,0,1,11
4951.4213639162535,repair_queue,10,1,2,1,1,11
4951.548160589747,repair_finish,10,2,1,1,0,12
4951.548160589747,repair_start,10,2,1,0,1,12
4951.688081308327,repair_finish,10,3,0,0,0,13
4952.010192582114,failure,10,2,0,0,0,12
4952.010192582114,repair_start,10,2,1,0,1,12
4952.228847555232,repair_finish,10,3,0,0,0,13
4956.530966369481,failure,10,2,0,0,0,12
4956.530966369481,repair_start,10,2,1,0,1,12
4957.0745664715005,repair_finish,10,3,0,0,0,13
4978.5131918732795,failure,10,2,0,0,0,12
4978.5131918732795,repair_start,10,2,1,0,1,12
4980.046814803483,repair_finish,10,3,0,0,0,13
4986.3443054990785,failure,10,2,0,0,0,12
4986.3443054990785,repair_start,10,2,1,0,1,12
4986.884732590745,repair_finish,10,3,0,0,0,13
4998.090815065492,failure,10,2,0,0,0,12
4998.090815065492,repair_start,10,2,1,0,1,12
4998.820050645107,repair_finish,10,3,0,0,0,13
5009.103352281941,failure,10,2,0,0,0,12
5009.103352281941,repair_start,10,2,1,0,1,12
5010.740633139401,repair_finish,10,3,0,0,0,13
5010.941414370422,failure,10,2,0,0,0,12
5010.941414370422,repair_start,10,2,1,0,1,12
5011.8857553959015,repair_finish,10,3,0,0,0,13
5014.031810140301,failure,10,2,0,0,0,12
5014.031810140301,repair_start,10,2,1,0,1,12
5015.166403705837,repair_finish,10,3,0,0,0,13
5029.337158037875,failure,10,2,0,0,0,12
5029.337158037875,repair_start,10,2,1,0,1,12
5029.7022211297,repair_finish,10,3,0,0,0,13
5034.633210396817,failure,10,2,0,0,0,12
5034.633210396817,repair_start,10,2,1,0,1,12
5035.064326344752,failure,10,1,1,0,1,11
5035.064326344752,repair_queue,10,1,2,1,1,11
5035.92671849672,repair_finish,10,2,1,1,0,12
5035.92671849672,repair_start,10,2,1,0,1,12
5035.982414533219,repair_finish,10,3,0,0,0,13
5056.477391043678,failure,10,2,0,0,0,12
5056.477391043678,repair_start,10,2,1,0,1,12
5057.452004474084,repair_finish,10,3,0,0,0,13
5059.641615344248,failure,10,2,0,0,0,12
5059.641615344248,repair_start,10,2,1,0,1,12
5059.872729913899,failure,10,1,1,0,1,11
5059.872729913899,repair_queue,10,1,2,1,1,11
5060.389878240873,repair_finish,10,2,1,1,0,12
5060.389878240873,repair_start,10,2,1,0,1,12
5061.540373278653,repair_finish,10,3,0,0,0,13
5068.592488912505,failure,10,2,0,0,0,12
5068.592488912505,repair_start,10,2,1,0,1,12
5070.098002017705,repair_finish,10,3,0,0,0,13
5074.304817303599,failure,10,2,0,0,0,12
5074.304817303599,repair_start,10,2,1,0,1,12
5076.965583078171,failure,10,1,1,0,1,11
5076.965583078171,repair_queue,10,1,2,1,1,11
5077.367191366257,repair_finish,10,2,1,1,0,12
5077.367191366257,repair_start,10,2,1,0,1,12
5077.930140223511,repair_finish,10,3,0,0,0,13
5094.951775040805,failure,10,2,0,0,0,12
5094.951775040805,repair_start,10,2,1,0,1,12
5095.285278494073,repair_finish,10,3,0,0,0,13
5097.527877906258,failure,10,2,0,0,0,12
5097.527877906258,repair_start,10,2,1,0,1,12
5099.6811565849775,repair_finish,10,3,0,0,0,13
5100.227192068559,failure,10,2,0,0,0,12
5100.227192068559,repair_start,10,2,1,0,1,12
5100.353478349184,repair_finish,10,3,0,0,0,13
5119.814004780669,failure,10,2,0,0,0,12
5119.814004780669,repair_start,10,2,1,0,1,12
5121.789343975301,repair_finish,10,3,0,0,0,13
5136.894281366285,failure,10,2,0,0,0,12
5136.894281366285,repair_start,10,2,1,0,1,12
5137.184618198521,repair_finish,10,3,0,0,0,13
5151.941699295862,failure,10,2,0,0,0,12
5151.941699295862,repair_start,10,2,1,0,1,12
5152.073694776955,repair_finish,10,3,0,0,0,13
5153.712901649716,failure,10,2,0,0,0,12
5153.712901649716,repair_start,10,2,1,0,1,12
5155.83438641686,repair_finish,10,3,0,0,0,13
5157.17579292753,failure,10,2,0,0,0,12
5157.17579292753,repair_start,10,2,1,0,1,12
5157.69507453434,repair_finish,10,3,0,0,0,13
5158.3103306280045,failure,10,2,0,0,0,12
5158.3103306280045,repair_start,10,2,1,0,1,12
5159.285451358657,failure,10,1,1,0,1,11
5159.285451358657,repair_queue,10,1,2,1,1,11
5159.66922717234,repair_finish,10,2,1,1,0,12
5159.66922717234,repair_start,10,2,1,0,1,12
5160.4031757415505,repair_finish,10,3,0,0,0,13
5166.0048811840215,failure,10,2,0,0,0,12
5166.0048811840215,repair_start,10,2,1,0,1,12
5166.024272895965,repair_finish,10,3,0,0,0,13
5168.631217663196,failure,10,2,0,0,0,12
5168.631217663196,repair_start,10,2,1,0,1,12
5169.308293025832,repair_finish,10,3,0,0,0,13
5187.814949399915,failure,10,2,0,0,0,12
5187.814949399915,repair_start,10,2,1,0,1,12
5189.444129653206,repair_finish,10,3,0,0,0,13
5203.507561553263,failure,10,2,0,0,0,12
5203.507561553263,repair_start,10,2,1,0,1,12
5203.844452406692,repair_finish,10,3,0,0,0,13
5221.578817513846,failure,10,2,0,0,0,12
5221.578817513846,repair_start,10,2,1,0,1,12
5221.8661934109305,repair_finish,10,3,0,0,0,13
5222.042870711382,failure,10,2,0,0,0,12
5222.042870711382,repair_start,10,2,1,0,1,12
5224.191857985272,repair_finish,10,3,0,0,0,13
5225.153905870235,failure,10,2,0,0,0,12
5225.153905870235,repair_start,10,2,1,0,1,12
5228.554533226555,repair_finish,10,3,0,0,0,13
5231.755997886933,failure,10,2,0,0,0,12
5231.755997886933,repair_start,10,2,1,0,1,12
5232.342660184506,repair_finish,10,3,0,0,0,13
5235.846427038044,failure,10,2,0,0,0,12
5235.846427038044,repair_start,10,2,1,0,1,12
5236.883441473668,repair_finish,10,3,0,0,0,13
5239.714449829906,failure,10,2,0,0,0,12
5239.714449829906,repair_start,10,2,1,0,1,12
5239.930039699795,repair_finish,10,3,0,0,0,13
5269.8818898642285,failure,10,2,0,0,0,12
5269.8818898642285,repair_start,10,2,1,0,1,12
5270.197802627009,repair_finish,10,3,0,0,0,13
5314.240290863294,failure,10,2,0,0,0,12
5314.240290863294,repair_start,10,2,1,0,1,12
5316.831159839073,repair_finish,10,3,0,0,0,13
5316.998016856549,failure,10,2,0,0,0,12
5316.998016856549,repair_start,10,2,1,0,1,12
5317.128708776293,repair_finish,10,3,0,0,0,13
5317.13931341301,failure,10,2,0,0,0,12
5317.13931341301,repair_start,10,2,1,0,1,12
5317.410391294547,repair_finish,10,3,0,0,0,13
5343.273928701834,failure,10,2,0,0,0,12
5343.273928701834,repair_start,10,2,1,0,1,12
5344.362741724191,repair_finish,10,3,0,0,0,13
5350.185387818449,failure,10,2,0,0,0,12
5350.185387818449,repair_start,10,2,1,0,1,12
5351.7978571869535,repair_finish,10,3,0,0,0,13
5357.528600151736,failure,10,2,0,0,0,12
5357.528600151736,repair_start,10,2,1,0,1,12
5359.694718703456,repair_finish,10,3,0,0,0,13
5361.090020689437,failure,10,2,0,0,0,12
5361.090020689437,repair_start,10,2,1,0,1,12
5362.641691429647,repair_finish,10,3,0,0,0,13
5374.6759695830015,failure,10,2,0,0,0,12
5374.6759695830015,repair_start,10,2,1,0,1,12
5375.8617437489875,repair_finish,10,3,0,0,0,13
5376.051580510333,failure,10,2,0,0,0,12
5376.051580510333,repair_start,10,2,1,0,1,12
5377.254253166509,repair_finish,10,3,0,0,0,13
5377.510084479224,failure,10,2,0,0,0,12
5377.510084479224,repair_start,10,2,1,0,1,12
5377.59179013499,repair_finish,10,3,0,0,0,13
5384.560717270776,failure,10,2,0,0,0,12
5384.560717270776,repair_start,10,2,1,0,1,12
5384.93107643546,repair_finish,10,3,0,0,0,13
5411.949858298041,failure,10,2,0,0,0,12
5411.949858298041,repair_start,10,2,1,0,1,12
5412.680133858437,repair_finish,10,3,0,0,0,13
5418.797574218659,failure,10,2,0,0,0,12
5418.797574218659,repair_start,10,2,1,0,1,12
5419.222881602984,repair_finish,10,3,0,0,0,13
5422.894134892063,failure,10,2,0,0,0,12
5422.894134892063,repair_start,10,2,1,0,1,12
5424.245875328969,repair_finish,10,3,0,0,0,13
5436.890588242262,failure,10,2,0,0,0,12
5436.890588242262,repair_start,10,2,1,0,1,12
5437.766371634807,repair_finish,10,3,0,0,0,13
5445.7152974700775,failure,10,2,0,0,0,12
5445.7152974700775,repair_start,10,2,1,0,1,12
5448.117093787304,repair_finish,10,3,0,0,0,13
5469.365915578286,failure,10,2,0,0,0,12
5469.365915578286,repair_start,10,2,1,0,1,12
5469.556083339968,repair_finish,10,3,0,0,0,13
5469.892302961488,failure,10,2,0,0,0,12
5469.892302961488,repair_start,10,2,1,0,1,12
5470.020995426712,repair_finish,10,3,0,0,0,13
5473.9858167631855,failure,10,2,0,0,0,12
5473.9858167631855,repair_start,10,2,1,0,1,12
5475.953515767992,repair_finish,10,3,0,0,0,13
5496.541641442599,failure,10,2,0,0,0,12
5496.541641442599,repair_start,10,2,1,0,1,12
5496.7236699754385,repair_finish,10,3,0,0,0,13
5500.480284771178,failure,10,2,0,0,0,12
5500.480284771178,repair_start,10,2,1,0,1,12
5501.6574749904485,repair_finish,10,3,0,0,0,13
5503.92228915811,failure,10,2,0,0,0,12
5503.92228915811,repair_start,10,2,1,0,1,12
5505.4149862850745,repair_finish,10,3,0,0,0,13
5510.407102157577,failure,10,2,0,0,0,12
5510.407102157577,repair_start,10,2,1,0,1,12
5511.974682920927,repair_finish,10,3,0,0,0,13
5515.53473589355,failure,10,2,0,0,0,12
5515.53473589355,repair_start,10,2,1,0,1,12
5519.409974882952,repair_finish,10,3,0,0,0,13
5521.239292070214,failure,10,2,0,0,0,12
5521.239292070214,repair_start,10,2,1,0,1,12
5521.429454145938,failure,10,1,1,0,1,11
5521.429454145938,repair_queue,10,1,2,1,1,11
5526.225448596809,repair_finish,10,2,1,1,0,12
5526.225448596809,repair_start,10,2,1,0,1,12
5529.211399511987,repair_finish,10,3,0,0,0,13
5529.812590047384,failure,10,2,0,0,0,12
5529.812590047384,repair_start,10,2,1,0,1,12
5530.673398693006,repair_finish,10,3,0,0,0,13
5533.205702720728,failure,10,2,0,0,0,12
5533.205702720728,repair_start,10,2,1,0,1,12
5534.634750877952,repair_finish,10,3,0,0,0,13
5539.928365035992,failure,10,2,0,0,0,12
5539.928365035992,repair_start,10,2,1,0,1,12
5541.4661540442185,repair_finish,10,3,0,0,0,13
5581.497717547468,failure,10,2,0,0,0,12
5581.497717547468,repair_start,10,2,1,0,1,12
5581.695093654845,repair_finish,10,3,0,0,0,13
5610.897288040511,failure,10,2,0,0,0,12
5610.897288040511,repair_start,10,2,1,0,1,12
5612.500122777762,repair_finish,10,3,0,0,0,13
5624.899202962303,failure,10,2,0,0,0,12
5624.899202962303,repair_start,10,2,1,0,1,12
5626.866535118263,repair_finish,10,3,0,0,0,13
5627.4735172863,failure,10,2,0,0,0,12
5627.4735172863,repair_start,10,2,1,0,1,12
5627.487023903072,repair_finish,10,3,0,0,0,13
5640.12116769602,failure,10,2,0,0,0,12
5640.12116769602,repair_start,10,2,1,0,1,12
5641.612452527135,repair_finish,10,3,0,0,0,13
5644.449101041879,failure,10,2,0,0,0,12
5644.449101041879,repair_start,10,2,1,0,1,12
5645.051393596583,repair_finish,10,3,0,0,0,13
5649.672971615621,failure,10,2,0,0,0,12
5649.672971615621,repair_start,10,2,1,0,1,12
5650.545481002603,repair_finish,10,3,0,0,0,13
5652.357531983389,failure,10,2,0,0,0,12
5652.357531983389,repair_start,10,2,1,0,1,12
5653.224222487831,repair_finish,10,3,0,0,0,13
5659.97359250936,failure,10,2,0,0,0,12
5659.97359250936,repair_start,10,2,1,0,1,12
5661.150625853948,repair_finish,10,3,0,0,0,13
5666.133014603059,failure,10,2,0,0,0,12
5666.133014603059,repair_start,10,2,1,0,1,12
5666.205532236476,failure,10,1,1,0,1,11
5666.205532236476,repair_queue,10,1,2,1,1,11
5667.45359010821,repair_finish,10,2,1,1,0,12
5667.45359010821,repair_start,10,2,1,0,1,12
5674.569437780663,repair_finish,10,3,0,0,0,13
5712.769095796397,failure,10,2,0,0,0,12
5712.769095796397,repair_start,10,2,1,0,1,12
5712.899440592059,repair_finish,10,3,0,0,0,13
5714.256694661329,failure,10,2,0,0,0,12
5714.256694661329,repair_start,10,2,1,0,1,12
5714.619833987412,repair_finish,10,3,0,0,0,13
5744.171510699139,failure,10,2,0,0,0,12
5744.171510699139,repair_start,10,2,1,0,1,12
5744.922642176329,repair_finish,10,3,0,0,0,13
5755.155483962381,failure,10,2,0,0,0,12
5755.155483962381,repair_start,10,2,1,0,1,12
5755.169627179376,repair_finish,10,3,0,0,0,13
5762.754972892018,failure,10,2,0,0,0,12
5762.754972892018,repair_start,10,2,1,0,1,12
5762.892916122981,repair_finish,10,3,0,0,0,13
5770.481992952537,failure,10,2,0,0,0,12
5770.481992952537,repair_start,10,2,1,0,1,12
5770.540490587735,repair_finish,10,3,0,0,0,13
5773.747564351907,failure,10,2,0,0,0,12
5773.747564351907,repair_start,10,2,1,0,1,12
5776.663941542063,repair_finish,10,3,0,0,0,13
5781.428703565495,failure,10,2,0,0,0,12
5781.428703565495,repair_start,10,2,1,0,1,12
5781.989152535267,repair_finish,10,3,0,0,0,13
5783.645258551068,failure,10,2,0,0,0,12
5783.645258551068,repair_start,10,2,1,0,1,12
5783.961626148337,repair_finish,10,3,0,0,0,13
5803.243892770063,failure,10,2,0,0,0,12
5803.243892770063,repair_start,10,2,1,0,1,12
5805.794453461956,repair_finish,10,3,0,0,0,13
5810.090658815772,failure,10,2,0,0,0,12
5810.090658815772,repair_start,10,2,1,0,1,12
5810.18880168837,repair_finish,10,3,0,0,0,13
5815.105036642491,failure,10,2,0,0,0,12
5815.105036642491,repair_start,10,2,1,0,1,12
5815.145990864175,repair_finish,10,3,0,0,0,13
5819.114430981535,failure,10,2,0,0,0,12
5819.114430981535,repair_start,10,2,1,0,1,12
5819.3679006478105,repair_finish,10,3,0,0,0,13
5837.737788034244,failure,10,2,0,0,0,12
5837.737788034244,repair_start,10,2,1,0,1,12
5838.4015993848225,repair_finish,10,3,0,0,0,13
5868.924988837733,failure,10,2,0,0,0,12
5868.924988837733,repair_start,10,2,1,0,1,12
5868.994770708722,failure,10,1,1,0,1,11
5868.994770708722,repair_queue,10,1,2,1,1,11
5869.08701167401,repair_finish,10,2,1,1,0,12
5869.08701167401,repair_start,10,2,1,0,1,12
5869.204847052039,repair_finish,10,3,0,0,0,13
5883.380443216939,failure,10,2,0,0,0,12
5883.380443216939,repair_start,10,2,1,0,1,12
5883.765404419435,repair_finish,10,3,0,0,0,13
5900.1511839097475,failure,10,2,0,0,0,12
5900.1511839097475,repair_start,10,2,1,0,1,12
5900.179120794149,repair_finish,10,3,0,0,0,13
5908.699621922722,failure,10,2,0,0,0,12
5908.699621922722,repair_start,10,2,1,0,1,12
5908.826595789238,repair_finish,10,3,0,0,0,13
5928.915385878667,failure,10,2,0,0,0,12
5928.915385878667,repair_start,10,2,1,0,1,12
5929.030753067074,repair_finish,10,3,0,0,0,13
5946.753827629256,failure,10,2,0,0,0,12
5946.753827629256,repair_start,10,2,1,0,1,12
5948.032774608259,repair_finish,10,3,0,0,0,13
5954.233697716903,failure,10,2,0,0,0,12
5954.233697716903,repair_start,10,2,1,0,1,12
5954.312425006602,repair_finish,10,3,0,0,0,13
5980.795900328382,failure,10,2,0,0,0,12
5980.795900328382,repair_start,10,2,1,0,1,12
5981.024848015115,repair_finish,10,3,0,0,0,13
5985.09339039869,failure,10,2,0,0,0,12
5985.09339039869,repair_start,10,2,1,0,1,12
5985.323941065969,repair_finish,10,3,0,0,0,13
5986.439346246351,failure,10,2,0,0,0,12
5986.439346246351,repair_start,10,2,1,0,1,12
5988.89505840923,repair_finish,10,3,0,0,0,13
6009.576095326732,failure,10,2,0,0,0,12
6009.576095326732,repair_start,10,2,1,0,1,12
6010.513560918939,repair_finish,10,3,0,0,0,13
6022.530092368074,failure,10,2,0,0,0,12
6022.530092368074,repair_start,10,2,1,0,1,12
6024.190052866874,repair_finish,10,3,0,0,0,13
6039.97344769226,failure,10,2,0,0,0,12
6039.97344769226,repair_start,10,2,1,0,1,12
6040.327450031765,repair_finish,10,3,0,0,0,13
6064.546862341604,failure,10,2,0,0,0,12
6064.546862341604,repair_start,10,2,1,0,1,12
6064.715719981545,repair_finish,10,3,0,0,0,13
6068.415263430833,failure,10,2,0,0,0,12
6068.415263430833,repair_start,10,2,1,0,1,12
6069.509696410414,failure,10,1,1,0,1,11
6069.509696410414,repair_queue,10,1,2,1,1,11
6070.1503599056805,repair_finish,10,2,1,1,0,12
6070.1503599056805,repair_start,10,2,1,0,1,12
6070.39804705529,repair_finish,10,3,0,0,0,13
6071.600604544847,failure,10,2,0,0,0,12
6071.600604544847,repair_start,10,2,1,0,1,12
6072.070542495396,failure,10,1,1,0,1,11
6072.070542495396,repair_queue,10,1,2,1,1,11
6072.244251293834,repair_finish,10,2,1,1,0,12
6072.244251293834,repair_start,10,2,1,0,1,12
6072.346374307558,repair_finish,10,3,0,0,0,13
6073.344413776191,failure,10,2,0,0,0,12
6073.344413776191,repair_start,10,2,1,0,1,12
6073.846090013023,repair_finish,10,3,0,0,0,13
6097.245410350742,failure,10,2,0,0,0,12
6097.245410350742,repair_start,10,2,1,0,1,12
6097.64919988792,repair_finish,10,3,0,0,0,13
6098.550027354499,failure,10,2,0,0,0,12
6098.550027354499,repair_start,10,2,1,0,1,12
6098.624323283179,repair_finish,10,3,0,0,0,13
6103.524212111017,failure,10,2,0,0,0,12
6103.524212111017,repair_start,10,2,1,0,1,12
6103.564811658096,repair_finish,10,3,0,0,0,13
6104.378205120145,failure,10,2,0,0,0,12
6104.378205120145,repair_start,10,2,1,0,1,12
6104.6255604417975,repair_finish,10,3,0,0,0,13
6113.26331792005,failure,10,2,0,0,0,12
6113.26331792005,repair_start,10,2,1,0,1,12
6115.380509743357,repair_finish,10,3,0,0,0,13
6127.122148063164,failure,10,2,0,0,0,12
6127.122148063164,repair_start,10,2,1,0,1,12
6128.224221700664,repair_finish,10,3,0,0,0,13
6130.5767194624605,failure,10,2,0,0,0,12
6130.5767194624605,repair_start,10,2,1,0,1,12
6130.736061619113,repair_finish,10,3,0,0,0,13
6141.104041349475,failure,10,2,0,0,0,12
6141.104041349475,repair_start,10,2,1,0,1,12
6141.184204936265,repair_finish,10,3,0,0,0,13
6165.799316746535,failure,10,2,0,0,0,12
6165.799316746535,repair_start,10,2,1,0,1,12
6166.443076778774,repair_finish,10,3,0,0,0,13
6166.953142327574,failure,10,2,0,0,0,12
6166.953142327574,repair_start,10,2,1,0,1,12
6166.955190372833,failure,10,1,1,0,1,11
6166.955190372833,repair_queue,10,1,2,1,1,11
6167.461819482411,repair_finish,10,2,1,1,0,12
6167.461819482411,repair_start,10,2,1,0,1,12
6168.44030102522,repair_finish,10,3,0,0,0,13
6171.698573561595,failure,10,2,0,0,0,12
6171.698573561595,repair_start,10,2,1,0,1,12
6172.158911535577,repair_finish,10,3,0,0,0,13
6179.884149069373,failure,10,2,0,0,0,12
6179.884149069373,repair_start,10,2,1,0,1,12
6180.373329559464,repair_finish,10,3,0,0,0,13
6184.021453255566,failure,10,2,0,0,0,12
6184.021453255566,repair_start,10,2,1,0,1,12
6184.515162180942,repair_finish,10,3,0,0,0,13
6221.9813527283995,failure,10,2,0,0,0,12
6221.9813527283995,repair_start,10,2,1,0,1,12
6223.953000928482,repair_finish,10,3,0,0,0,13
6224.23670583383,failure,10,2,0,0,0,12
6224.23670583383,repair_start,10,2,1,0,1,12
6224.288855707321,repair_finish,10,3,0,0,0,13
6229.879708633377,failure,10,2,0,0,0,12
6229.879708633377,repair_start,10,2,1,0,1,12
6230.441823879343,repair_finish,10,3,0,0,0,13
6232.183374354049,failure,10,2,0,0,0,12
6232.183374354049,repair_start,10,2,1,0,1,12
6233.821686209171,repair_finish,10,3,0,0,0,13
6253.132435435099,failure,10,2,0,0,0,12
6253.132435435099,repair_start,10,2,1,0,1,12
6254.823906371745,failure,10,1,1,0,1,11
6254.823906371745,repair_queue,10,1,2,1,1,11
6255.521643915926,repair_finish,10,2,1,1,0,12
6255.521643915926,repair_start,10,2,1,0,1,12
6256.083648916702,repair_finish,10,3,0,0,0,13
6275.528730233457,failure,10,2,0,0,0,12
6275.528730233457,repair_start,10,2,1,0,1,12
6275.641493824491,repair_finish,10,3,0,0,0,13
6283.711091916528,failure,10,2,0,0,0,12
6283.711091916528,repair_start,10,2,1,0,1,12
6283.7422544222645,repair_finish,10,3,0,0,0,13
6290.112714018564,failure,10,2,0,0,0,12
6290.112714018564,repair_start,10,2,1,0,1,12
6291.994821137062,repair_finish,10,3,0,0,0,13
6292.21560832864,failure,10,2,0,0,0,12
6292.21560832864,repair_start,10,2,1,0,1,12
6292.6013736168625,repair_finish,10,3,0,0,0,13
6294.451641735414,failure,10,2,0,0,0,12
6294.451641735414,repair_start,10,2,1,0,1,12
6295.186285880155,repair_finish,10,3,0,0,0,13
6295.4190751291435,failure,10,2,0,0,0,12
6295.4190751291435,repair_start,10,2,1,0,1,12
6295.487181065963,repair_finish,10,3,0,0,0,13
6316.120602995025,failure,10,2,0,0,0,12
6316.120602995025,repair_start,10,2,1,0,1,12
6317.035487489342,repair_finish,10,3,0,0,0,13
6326.303822100181,failure,10,2,0,0,0,12
6326.303822100181,repair_start,10,2,1,0,1,12
6327.9263400521395,repair_finish,10,3,0,0,0,13
6332.873889205265,failure,10,2,0,0,0,12
6332.873889205265,repair_start,10,2,1,0,1,12
6334.256936297503,repair_finish,10,3,0,0,0,13
6336.375732349442,failure,10,2,0,0,0,12
6336.375732349442,repair_start,10,2,1,0,1,12
6336.639304943916,repair_finish,10,3,0,0,0,13
6348.7892353963925,failure,10,2,0,0,0,12
6348.7892353963925,repair_start,10,2,1,0,1,12
6350.752716117327,repair_finish,10,3,0,0,0,13
6355.127336049074,failure,10,2,0,0,0,12
6355.127336049074,repair_start,10,2,1,0,1,12
6355.190539009137,repair_finish,10,3,0,0,0,13
6369.0896851931575,failure,10,2,0,0,0,12
6369.0896851931575,repair_start,10,2,1,0,1,12
6370.257755110574,repair_finish,10,3,0,0,0,13
6387.046369668856,failure,10,2,0,0,0,12
6387.046369668856,repair_start,10,2,1,0,1,12
6387.254025935652,repair_finish,10,3,0,0,0,13
6401.030632362543,failure,10,2,0,0,0,12
6401.030632362543,repair_start,10,2,1,0,1,12
6401.335446096507,repair_finish,10,3,0,0,0,13
6417.966264764966,failure,10,2,0,0,0,12
6417.966264764966,repair_start,10,2,1,0,1,12
6418.2577578842165,repair_finish,10,3,0,0,0,13
6419.0510069847805,failure,10,2,0,0,0,12
6419.0510069847805,repair_start,10,2,1,0,1,12
6419.6113959697,repair_finish,10,3,0,0,0,13
6461.887220087428,failure,10,2,0,0,0,12
6461.887220087428,repair_start,10,2,1,0,1,12
6462.101913420208,repair_finish,10,3,0,0,0,13
6466.229442132134,failure,10,2,0,0,0,12
6466.229442132134,repair_start,10,2,1,0,1,12
6466.375731678225,repair_finish,10,3,0,0,0,13
6495.656983361041,failure,10,2,0,0,0,12
6495.656983361041,repair_start,10,2,1,0,1,12
6496.678866093661,repair_finish,10,3,0,0,0,13
6520.387837265482,failure,10,2,0,0,0,12
6520.387837265482,repair_start,10,2,1,0,1,12
6520.930939640214,repair_finish,10,3,0,0,0,13
6551.657103996063,failure,10,2,0,0,0,12
6551.657103996063,repair_start,10,2,1,0,1,12
6552.930966464107,repair_finish,10,3,0,0,0,13
6561.5910771687,failure,10,2,0,0,0,12
6561.5910771687,repair_start,10,2,1,0,1,12
6562.052449687531,repair_finish,10,3,0,0,0,13
6565.438745090446,failure,10,2,0,0,0,12
6565.438745090446,repair_start,10,2,1,0,1,12
6566.065402060322,repair_finish,10,3,0,0,0,13
6571.087349190353,failure,10,2,0,0,0,12
6571.087349190353,repair_start,10,2,1,0,1,12
6571.1534064199095,repair_finish,10,3,0,0,0,13
6573.078711996593,failure,10,2,0,0,0,12
6573.078711996593,repair_start,10,2,1,0,1,12
6573.989166958233,repair_finish,10,3,0,0,0,13
6574.2482789875185,failure,10,2,0,0,0,12
6574.2482789875185,repair_start,10,2,1,0,1,12
6575.583026704687,repair_finish,10,3,0,0,0,13
6590.879587456711,failure,10,2,0,0,0,12
6590.879587456711,repair_start,10,2,1,0,1,12
6590.882991939514,repair_finish,10,3,0,0,0,13
6600.845896640468,failure,10,2,0,0,0,12
6600.845896640468,repair_start,10,2,1,0,1,12
6601.647401460559,repair_finish,10,3,0,0,0,13
6629.864245140511,failure,10,2,0,0,0,12
6629.864245140511,repair_start,10,2,1,0,1,12
6630.117725696525,repair_finish,10,3,0,0,0,13
6644.756484775046,failure,10,2,0,0,0,12
6644.756484775046,repair_start,10,2,1,0,1,12
6645.145995770566,repair_finish,10,3,0,0,0,13
6652.417742121098,failure,10,2,0,0,0,12
6652.417742121098,repair_start,10,2,1,0,1,12
6653.896111976319,repair_finish,10,3,0,0,0,13
6675.8851756958875,failure,10,2,0,0,0,12
6675.8851756958875,repair_start,10,2,1,0,1,12
6676.658066300967,repair_finish,10,3,0,0,0,13
6701.902615737819,failure,10,2,0,0,0,12
6701.902615737819,repair_start,10,2,1,0,1,12
6702.213367885333,repair_finish,10,3,0,0,0,13
6707.133694648037,failure,10,2,0,0,0,12
6707.133694648037,repair_start,10,2,1,0,1,12
6709.942352343028,failure,10,1,1,0,1,11
6709.942352343028,repair_queue,10,1,2,1,1,11
6712.0889761786375,repair_finish,10,2,1,1,0,12
6712.0889761786375,repair_start,10,2,1,0,1,12
6712.922083624088,repair_finish,10,3,0,0,0,13
6734.493181195689,failure,10,2,0,0,0,12
6734.493181195689,repair_start,10,2,1,0,1,12
6735.419128335755,repair_finish,10,3,0,0,0,13
6736.537504917092,failure,10,2,0,0,0,12
6736.537504917092,repair_start,10,2,1,0,1,12
6737.672037588184,repair_finish,10,3,0,0,0,13
6744.161696786174,failure,10,2,0,0,0,12
6744.161696786174,repair_start,10,2,1,0,1,12
6745.6044388697,repair_finish,10,3,0,0,0,13
6758.689264958844,failure,10,2,0,0,0,12
6758.689264958844,repair_start,10,2,1,0,1,12
6760.792983390104,repair_finish,10,3,0,0,0,13
6763.545732370033,failure,10,2,0,0,0,12
6763.545732370033,repair_start,10,2,1,0,1,12
6764.191494421968,repair_finish,10,3,0,0,0,13
6764.694980843752,failure,10,2,0,0,0,12
6764.694980843752,repair_start,10,2,1,0,1,12
6765.079953211415,failure,10,1,1,0,1,11
6765.079953211415,repair_queue,10,1,2,1,1,11
6765.4291185568645,repair_finish,10,2,1,1,0,12
6765.4291185568645,repair_start,10,2,1,0,1,12
6766.747446834472,repair_finish,10,3,0,0,0,13
6779.285823002854,failure,10,2,0,0,0,12
6779.285823002854,repair_start,10,2,1,0,1,12
6781.0609957855795,repair_finish,10,3,0,0,0,13
6783.203810919035,failure,10,2,0,0,0,12
6783.203810919035,repair_start,10,2,1,0,1,12
6783.562504646473,repair_finish,10,3,0,0,0,13
6786.30021094649,failure,10,2,0,0,0,12
6786.30021094649,repair_start,10,2,1,0,1,12
6788.123349750758,repair_finish,10,3,0,0,0,13
6800.161839783398,failure,10,2,0,0,0,12
6800.161839783398,repair_start,10,2,1,0,1,12
6801.033039092503,repair_finish,10,3,0,0,0,13
6823.285167868023,failure,10,2,0,0,0,12
6823.285167868023,repair_start,10,2,1,0,1,12
6824.80614629539,repair_finish,10,3,0,0,0,13
6826.33677877636,failure,10,2,0,0,0,12
6826.33677877636,repair_start,10,2,1,0,1,12
6826.633215390595,repair_finish,10,3,0,0,0,13
6860.823655935694,failure,10,2,0,0,0,12
6860.823655935694,repair_start,10,2,1,0,1,12
6860.89933914375,repair_finish,10,3,0,0,0,13
6864.505209797624,failure,10,2,0,0,0,12
6864.505209797624,repair_start,10,2,1,0,1,12
6864.9231538548265,repair_finish,10,3,0,0,0,13
6881.7808727905785,failure,10,2,0,0,0,12
6881.7808727905785,repair_start,10,2,1,0,1,12
6884.291445270777,repair_finish,10,3,0,0,0,13
6884.66301390985,failure,10,2,0,0,0,12
6884.66301390985,repair_start,10,2,1,0,1,12
6885.124017390249,repair_finish,10,3,0,0,0,13
6891.11496131212,failure,10,2,0,0,0,12
6891.11496131212,repair_start,10,2,1,0,1,12
6891.814418954212,failure,10,1,1,0,1,11
6891.814418954212,repair_queue,10,1,2,1,1,11
6893.046858535425,repair_finish,10,2,1,1,0,12
6893.046858535425,repair_start,10,2,1,0,1,12
6894.328053868543,repair_finish,10,3,0,0,0,13
6902.700742742915,failure,10,2,0,0,0,12
6902.700742742915,repair_start,10,2,1,0,1,12
6902.912669116285,repair_finish,10,3,0,0,0,13
6908.816373616147,failure,10,2,0,0,0,12
6908.816373616147,repair_start,10,2,1,0,1,12
6908.869925628043,repair_finish,10,3,0,0,0,13
6918.283001369706,failure,10,2,0,0,0,12
6918.283001369706,repair_start,10,2,1,0,1,12
6920.717749781137,repair_finish,10,3,0,0,0,13
6922.225545076494,failure,10,2,0,0,0,12
6922.225545076494,repair_start,10,2,1,0,1,12
6923.07225562247,repair_finish,10,3,0,0,0,13
6931.252827640712,failure,10,2,0,0,0,12
6931.252827640712,repair_start,10,2,1,0,1,12
6931.345501320499,repair_finish,10,3,0,0,0,13
6937.6640649099645,failure,10,2,0,0,0,12
6937.6640649099645,repair_start,10,2,1,0,1,12
6937.90987394505,repair_finish,10,3,0,0,0,13
6941.312473557696,failure,10,2,0,0,0,12
6941.312473557696,repair_start,10,2,1,0,1,12
6941.641497459394,repair_finish,10,3,0,0,0,13
6970.848014197173,failure,10,2,0,0,0,12
6970.848014197173,repair_start,10,2,1,0,1,12
6971.125606815365,repair_finish,10,3,0,0,0,13
6976.424880639164,failure,10,2,0,0,0,12
6976.424880639164,repair_start,10,2,1,0,1,12
6976.933408340617,repair_finish,10,3,0,0,0,13
6980.405887008563,failure,10,2,0,0,0,12
6980.405887008563,repair_start,10,2,1,0,1,12
6983.058423356472,repair_finish,10,3,0,0,0,13
6990.512938501173,failure,10,2,0,0,0,12
6990.512938501173,repair_start,10,2,1,0,1,12
6993.664258708294,repair_finish,10,3,0,0,0,13
7009.849466199878,failure,10,2,0,0,0,12
7009.849466199878,repair_start,10,2,1,0,1,12
7011.684907856737,repair_finish,10,3,0,0,0,13
7026.683880775952,failure,10,2,0,0,0,12
7026.683880775952,repair_start,10,2,1,0,1,12
7027.959886793894,repair_finish,10,3,0,0,0,13
7042.403553527632,failure,10,2,0,0,0,12
7042.403553527632,repair_start,10,2,1,0,1,12
7043.176216197316,repair_finish,10,3,0,0,0,13
7045.959683492385,failure,10,2,0,0,0,12
7045.959683492385,repair_start,10,2,1,0,1,12
7046.621252506612,repair_finish,10,3,0,0,0,13
7049.343225250319,failure,10,2,0,0,0,12
7049.343225250319,repair_start,10,2,1,0,1,12
7049.482156783049,failure,10,1,1,0,1,11
7049.482156783049,repair_queue,10,1,2,1,1,11
7050.683390968183,repair_finish,10,2,1,1,0,12
7050.683390968183,repair_start,10,2,1,0,1,12
7053.137271223892,repair_finish,10,3,0,0,0,13
7058.977705706675,failure,10,2,0,0,0,12
7058.977705706675,repair_start,10,2,1,0,1,12
7059.512849693505,repair_finish,10,3,0,0,0,13
7065.25613039154,failure,10,2,0,0,0,12
7065.25613039154,repair_start,10,2,1,0,1,12
7065.74897918383,repair_finish,10,3,0,0,0,13
7066.824470694192,failure,10,2,0,0,0,12
7066.824470694192,repair_start,10,2,1,0,1,12
7067.04653902674,repair_finish,10,3,0,0,0,13
7078.456972235517,failure,10,2,0,0,0,12
7078.456972235517,repair_start,10,2,1,0,1,12
7079.742634814755,repair_finish,10,3,0,0,0,13
7102.2499191571205,failure,10,2,0,0,0,12
7102.2499191571205,repair_start,10,2,1,0,1,12
7103.086014437483,repair_finish,10,3,0,0,0,13
7121.48506865447,failure,10,2,0,0,0,12
7121.48506865447,repair_start,10,2,1,0,1,12
7121.914032040512,repair_finish,10,3,0,0,0,13
7130.756656405437,failure,10,2,0,0,0,12
7130.756656405437,repair_start,10,2,1,0,1,12
7131.284438778694,failure,10,1,1,0,1,11
7131.284438778694,repair_queue,10,1,2,1,1,11
7131.73756382036,failure,10,0,2,1,1,10
7131.73756382036,repair_queue,10,0,3,2,1,10
7132.384755617097,repair_finish,10,1,2,2,0,11
7132.384755617097,repair_start,10,1,2,1,1,11
7132.657861079091,repair_finish,10,2,1,1,0,12
7132.657861079091,repair_start,10,2,1,0,1,12
7133.087557537367,failure,10,1,1,0,1,11
7133.087557537367,repair_queue,10,1,2,1,1,11
7133.45139005422,repair_finish,10,2,1,1,0,12
7133.45139005422,repair_start,10,2,1,0,1,12
7133.699616684454,repair_finish,10,3,0,0,0,13
7140.382687001376,failure,10,2,0,0,0,12
7140.382687001376,repair_start,10,2,1,0,1,12
7143.307560459578,repair_finish,10,3,0,0,0,13
7147.753880922609,failure,10,2,0,0,0,12
7147.753880922609,repair_start,10,2,1,0,1,12
7147.805898437297,repair_finish,10,3,0,0,0,13
7149.831368540556,failure,10,2,0,0,0,12
7149.831368540556,repair_start,10,2,1,0,1,12
7150.415199180329,failure,10,1,1,0,1,11
7150.415199180329,repair_queue,10,1,2,1,1,11
7150.5552997971845,repair_finish,10,2,1,1,0,12
7150.5552997971845,repair_start,10,2,1,0,1,12
7153.990531911887,repair_finish,10,3,0,0,0,13
7160.260650485294,failure,10,2,0,0,0,12
7160.260650485294,repair_start,10,2,1,0,1,12
7160.357324438431,repair_finish,10,3,0,0,0,13
7162.712908184453,failure,10,2,0,0,0,12
7162.712908184453,repair_start,10,2,1,0,1,12
7165.256693815652,repair_finish,10,3,0,0,0,13
7165.955576417346,failure,10,2,0,0,0,12
7165.955576417346,repair_start,10,2,1,0,1,12
7166.65402809204,repair_finish,10,3,0,0,0,13
7170.346488451037,failure,10,2,0,0,0,12
7170.346488451037,repair_start,10,2,1,0,1,12
7170.466249094024,repair_finish,10,3,0,0,0,13
7199.060698384777,failure,10,2,0,0,0,12
7199.060698384777,repair_start,10,2,1,0,1,12
7199.553966513649,repair_finish,10,3,0,0,0,13
7201.451674062047,failure,10,2,0,0,0,12
7201.451674062047,repair_start,10,2,1,0,1,12
7202.054590154169,repair_finish,10,3,0,0,0,13
7209.110953388367,failure,10,2,0,0,0,12
7209.110953388367,repair_start,10,2,1,0,1,12
7210.043456604993,repair_finish,10,3,0,0,0,13
7214.522541384602,failure,10,2,0,0,0,12
7214.522541384602,repair_start,10,2,1,0,1,12
7215.1916728262,repair_finish,10,3,0,0,0,13
7224.822154452504,failure,10,2,0,0,0,12
7224.822154452504,repair_start,10,2,1,0,1,12
7226.344102338028,repair_finish,10,3,0,0,0,13
7233.059640665345,failure,10,2,0,0,0,12
7233.059640665345,repair_start,10,2,1,0,1,12
7235.296631373652,repair_finish,10,3,0,0,0,13
7239.613606072968,failure,10,2,0,0,0,12
7239.613606072968,repair_start,10,2,1,0,1,12
7240.364904767109,repair_finish,10,3,0,0,0,13
7241.254818110725,failure,10,2,0,0,0,12
7241.254818110725,repair_start,10,2,1,0,1,12
7241.556909985962,repair_finish,10,3,0,0,0,13
7242.466907833758,failure,10,2,0,0,0,12
7242.466907833758,repair_start,10,2,1,0,1,12
7244.267789108181,repair_finish,10,3,0,0,0,13
7252.885890551252,failure,10,2,0,0,0,12
7252.885890551252,repair_start,10,2,1,0,1,12
7253.735933845664,repair_finish,10,3,0,0,0,13
7261.47716740656,failure,10,2,0,0,0,12
7261.47716740656,repair_start,10,2,1,0,1,12
7262.306960752467,repair_finish,10,3,0,0,0,13
7275.479596438502,failure,10,2,0,0,0,12
7275.479596438502,repair_start,10,2,1,0,1,12
7277.813247152173,repair_finish,10,3,0,0,0,13
7292.41076207142,failure,10,2,0,0,0,12
7292.41076207142,repair_start,10,2,1,0,1,12
7292.545609017256,repair_finish,10,3,0,0,0,13
7300.597824400347,failure,10,2,0,0,0,12
7300.597824400347,repair_start,10,2,1,0,1,12
7301.7824837689,repair_finish,10,3,0,0,0,13
7302.0004687142455,failure,10,2,0,0,0,12
7302.0004687142455,repair_start,10,2,1,0,1,12
7304.154149279865,repair_finish,10,3,0,0,0,13
7307.664275599114,failure,10,2,0,0,0,12
7307.664275599114,repair_start,10,2,1,0,1,12
7308.106713938462,repair_finish,10,3,0,0,0,13
7308.359783070021,failure,10,2,0,0,0,12
7308.359783070021,repair_start,10,2,1,0,1,12
7309.211778943793,repair_finish,10,3,0,0,0,13
7326.858378307022,failure,10,2,0,0,0,12
7326.858378307022,repair_start,10,2,1,0,1,12
7327.150622938648,repair_finish,10,3,0,0,0,13
7337.992914062264,failure,10,2,0,0,0,12
7337.992914062264,repair_start,10,2,1,0,1,12
7338.034857222055,repair_finish,10,3,0,0,0,13
7343.632144458328,failure,10,2,0,0,0,12
7343.632144458328,repair_start,10,2,1,0,1,12
7344.972695575196,repair_finish,10,3,0,0,0,13
7354.467651836531,failure,10,2,0,0,0,12
7354.467651836531,repair_start,10,2,1,0,1,12
7354.805687903591,repair_finish,10,3,0,0,0,13
7356.101136155789,failure,10,2,0,0,0,12
7356.101136155789,repair_start,10,2,1,0,1,12
7356.795888127541,repair_finish,10,3,0,0,0,13
7361.459408348656,failure,10,2,0,0,0,12
7361.459408348656,repair_start,10,2,1,0,1,12
7361.832512904675,repair_finish,10,3,0,0,0,13
7363.4820702653815,failure,10,2,0,0,0,12
7363.4820702653815,repair_start,10,2,1,0,1,12
7363.61712079164,repair_finish,10,3,0,0,0,13
7364.859892769456,failure,10,2,0,0,0,12
7364.859892769456,repair_start,10,2,1,0,1,12
7365.326319950759,repair_finish,10,3,0,0,0,13
7386.307574043957,failure,10,2,0,0,0,12
7386.307574043957,repair_start,10,2,1,0,1,12
7386.3123148587465,repair_finish,10,3,0,0,0,13
7392.24432037195,failure,10,2,0,0,0,12
7392.24432037195,repair_start,10,2,1,0,1,12
7392.971487228308,repair_finish,10,3,0,0,0,13
7402.397851652299,failure,10,2,0,0,0,12
7402.397851652299,repair_start,10,2,1,0,1,12
7404.251051295528,repair_finish,10,3,0,0,0,13
7406.82423278176,failure,10,2,0,0,0,12
7406.82423278176,repair_start,10,2,1,0,1,12
7408.945889618994,repair_finish,10,3,0,0,0,13
7409.59011107365,failure,10,2,0,0,0,12
7409.59011107365,repair_start,10,2,1,0,1,12
7409.8594134553,repair_finish,10,3,0,0,0,13
7435.02452605836,failure,10,2,0,0,0,12
7435.02452605836,repair_start,10,2,1,0,1,12
7435.154877404701,repair_finish,10,3,0,0,0,13
7438.9277205655035,failure,10,2,0,0,0,12
7438.9277205655035,repair_start,10,2,1,0,1,12
7439.408211543759,repair_finish,10,3,0,0,0,13
7449.94091258366,failure,10,2,0,0,0,12
7449.94091258366,repair_start,10,2,1,0,1,12
7450.065494074582,repair_finish,10,3,0,0,0,13
7455.299310862605,failure,10,2,0,0,0,12
7455.299310862605,repair_start,10,2,1,0,1,12
7455.900875883114,failure,10,1,1,0,1,11
7455.900875883114,repair_queue,10,1,2,1,1,11
7456.558875633838,repair_finish,10,2,1,1,0,12
7456.558875633838,repair_start,10,2,1,0,1,12
7456.9905118190945,repair_finish,10,3,0,0,0,13
7460.105843832901,failure,10,2,0,0,0,12
7460.105843832901,repair_start,10,2,1,0,1,12
7461.593369961957,repair_finish,10,3,0,0,0,13
7468.61792814045,failure,10,2,0,0,0,12
7468.61792814045,repair_start,10,2,1,0,1,12
7469.232319195177,repair_finish,10,3,0,0,0,13
7486.940818579427,failure,10,2,0,0,0,12
7486.940818579427,repair_start,10,2,1,0,1,12
7487.32922489729,repair_finish,10,3,0,0,0,13
7494.749483740661,failure,10,2,0,0,0,12
7494.749483740661,repair_start,10,2,1,0,1,12
7496.071814537832,repair_finish,10,3,0,0,0,13
7501.545479287731,failure,10,2,0,0,0,12
7501.545479287731,repair_start,10,2,1,0,1,12
7501.88579789668,repair_finish,10,3,0,0,0,13
7506.928755169449,failure,10,2,0,0,0,12
7506.928755169449,repair_start,10,2,1,0,1,12
7507.068258342375,repair_finish,10,3,0,0,0,13
7508.923513037204,failure,10,2,0,0,0,12
7508.923513037204,repair_start,10,2,1,0,1,12
7510.1179403765445,failure,10,1,1,0,1,11
7510.1179403765445,repair_queue,10,1,2,1,1,11
7511.371138441294,failure,10,0,2,1,1,10
7511.371138441294,repair_queue,10,0,3,2,1,10
7513.065665884553,repair_finish,10,1,2,2,0,11
7513.065665884553,repair_start,10,1,2,1,1,11
7514.436965017058,repair_finish,10,2,1,1,0,12
7514.436965017058,repair_start,10,2,1,0,1,12
7514.5119878116475,repair_finish,10,3,0,0,0,13
7538.505148710673,failure,10,2,0,0,0,12
7538.505148710673,repair_start,10,2,1,0,1,12
7540.094648349682,failure,10,1,1,0,1,11
7540.094648349682,repair_queue,10,1,2,1,1,11
7540.6357211199565,repair_finish,10,2,1,1,0,12
7540.6357211199565,repair_start,10,2,1,0,1,12
7540.852191255919,repair_finish,10,3,0,0,0,13
7545.258758802565,failure,10,2,0,0,0,12
7545.258758802565,repair_start,10,2,1,0,1,12
7545.639723306347,repair_finish,10,3,0,0,0,13
7574.0143064282875,failure,10,2,0,0,0,12
7574.0143064282875,repair_start,10,2,1,0,1,12
7575.26140776004,failure,10,1,1,0,1,11
7575.26140776004,repair_queue,10,1,2,1,1,11
7577.038743969362,repair_finish,10,2,1,1,0,12
7577.038743969362,repair_start,10,2,1,0,1,12
7577.073313801441,repair_finish,10,3,0,0,0,13
7594.1505514996625,failure,10,2,0,0,0,12
7594.1505514996625,repair_start,10,2,1,0,1,12
7595.1937252557,repair_finish,10,3,0,0,0,13
7608.42152510034,failure,10,2,0,0,0,12
7608.42152510034,repair_start,10,2,1,0,1,12
7608.557783300406,repair_finish,10,3,0,0,0,13
7621.364756337228,failure,10,2,0,0,0,12
7621.364756337228,repair_start,10,2,1,0,1,12
7623.405520189632,repair_finish,10,3,0,0,0,13
7626.3219572579455,failure,10,2,0,0,0,12
7626.3219572579455,repair_start,10,2,1,0,1,12
7626.902666039975,repair_finish,10,3,0,0,0,13
7630.245279436414,failure,10,2,0,0,0,12
7630.245279436414,repair_start,10,2,1,0,1,12
7630.549915094504,repair_finish,10,3,0,0,0,13
7655.648416555893,failure,10,2,0,0,0,12
7655.648416555893,repair_start,10,2,1,0,1,12
7655.670395936302,repair_finish,10,3,0,0,0,13
7659.228851853399,failure,10,2,0,0,0,12
7659.228851853399,repair_start,10,2,1,0,1,12
7659.408178614947,repair_finish,10,3,0,0,0,13
7660.795360491761,failure,10,2,0,0,0,12
7660.795360491761,repair_start,10,2,1,0,1,12
7660.896120048378,repair_finish,10,3,0,0,0,13
7661.634008800679,failure,10,2,0,0,0,12
7661.634008800679,repair_start,10,2,1,0,1,12
7662.28634917074,repair_finish,10,3,0,0,0,13
7688.104047900127,failure,10,2,0,0,0,12
7688.104047900127,repair_start,10,2,1,0,1,12
7692.331079090623,repair_finish,10,3,0,0,0,13
7693.660821011954,failure,10,2,0,0,0,12
7693.660821011954,repair_start,10,2,1,0,1,12
7694.129189415192,repair_finish,10,3,0,0,0,13
7699.991927024879,failure,10,2,0,0,0,12
7699.991927024879,repair_start,10,2,1,0,1,12
7700.4992465909445,repair_finish,10,3,0,0,0,13
7712.104246902202,failure,10,2,0,0,0,12
7712.104246902202,repair_start,10,2,1,0,1,12
7713.064706445884,repair_finish,10,3,0,0,0,13
7718.686413509926,failure,10,2,0,0,0,12
7718.686413509926,repair_start,10,2,1,0,1,12
7719.890212426086,repair_finish,10,3,0,0,0,13
7720.921716138759,failure,10,2,0,0,0,12
7720.921716138759,repair_start,10,2,1,0,1,12
7720.950484565782,repair_finish,10,3,0,0,0,13
7741.047163730983,failure,10,2,0,0,0,12
7741.047163730983,repair_start,10,2,1,0,1,12
7741.078482417224,repair_finish,10,3,0,0,0,13
7752.837865394851,failure,10,2,0,0,0,12
7752.837865394851,repair_start,10,2,1,0,1,12
7754.8190758691035,repair_finish,10,3,0,0,0,13
7810.945854592725,failure,10,2,0,0,0,12
7810.945854592725,repair_start,10,2,1,0,1,12
7812.39791450024,repair_finish,10,3,0,0,0,13
7812.502628754309,failure,10,2,0,0,0,12
7812.502628754309,repair_start,10,2,1,0,1,12
7812.934888543536,repair_finish,10,3,0,0,0,13
7818.126366316524,failure,10,2,0,0,0,12
7818.126366316524,repair_start,10,2,1,0,1,12
7818.285636607996,repair_finish,10,3,0,0,0,13
7819.501381968221,failure,10,2,0,0,0,12
7819.501381968221,repair_start,10,2,1,0,1,12
7819.826345191205,repair_finish,10,3,0,0,0,13
7821.591244882383,failure,10,2,0,0,0,12
7821.591244882383,repair_start,10,2,1,0,1,12
7821.604403151444,repair_finish,10,3,0,0,0,13
7821.8631718044235,failure,10,2,0,0,0,12
7821.8631718044235,repair_start,10,2,1,0,1,12
7822.665060571718,repair_finish,10,3,0,0,0,13
7824.438514859324,failure,10,2,0,0,0,12
7824.438514859324,repair_start,10,2,1,0,1,12
7825.036955363147,failure,10,1,1,0,1,11
7825.036955363147,repair_queue,10,1,2,1,1,11
7825.913965228868,failure,10,0,2,1,1,10
7825.913965228868,repair_queue,10,0,3,2,1,10
7826.656392765987,repair_finish,10,1,2,2,0,11
7826.656392765987,repair_start,10,1,2,1,1,11
7826.918607350461,repair_finish,10,2,1,1,0,12
7826.918607350461,repair_start,10,2,1,0,1,12
7828.278467300037,repair_finish,10,3,0,0,0,13
7834.879083672396,failure,10,2,0,0,0,12
7834.879083672396,repair_start,10,2,1,0,1,12
7835.106376703949,repair_finish,10,3,0,0,0,13
7843.953450597296,failure,10,2,0,0,0,12
7843.953450597296,repair_start,10,2,1,0,1,12
7844.205984589894,failure,10,1,1,0,1,11
7844.205984589894,repair_queue,10,1,2,1,1,11
7845.4065206870955,repair_finish,10,2,1,1,0,12
7845.4065206870955,repair_start,10,2,1,0,1,12
7848.018586368939,repair_finish,10,3,0,0,0,13
7853.683390644457,failure,10,2,0,0,0,12
7853.683390644457,repair_start,10,2,1,0,1,12
7854.386933375539,repair_finish,10,3,0,0,0,13
7855.989553696536,failure,10,2,0,0,0,12
7855.989553696536,repair_start,10,2,1,0,1,12
7857.983454016017,repair_finish,10,3,0,0,0,13
7887.908667343893,failure,10,2,0,0,0,12
7887.908667343893,repair_start,10,2,1,0,1,12
7888.412720227264,repair_finish,10,3,0,0,0,13
7889.013549888642,failure,10,2,0,0,0,12
7889.013549888642,repair_start,10,2,1,0,1,12
7889.252995868103,repair_finish,10,3,0,0,0,13
7904.0666825875405,failure,10,2,0,0,0,12
7904.0666825875405,repair_start,10,2,1,0,1,12
7904.435179996131,repair_finish,10,3,0,0,0,13
7913.9002956606655,failure,10,2,0,0,0,12
7913.9002956606655,repair_start,10,2,1,0,1,12
7915.911722000549,repair_finish,10,3,0,0,0,13
7921.570066343482,failure,10,2,0,0,0,12
7921.570066343482,repair_start,10,2,1,0,1,12
7922.751981123731,repair_finish,10,3,0,0,0,13
7929.636736863475,failure,10,2,0,0,0,12
7929.636736863475,repair_start,10,2,1,0,1,12
7930.04770362978,repair_finish,10,3,0,0,0,13
7938.50535184855,failure,10,2,0,0,0,12
7938.50535184855,repair_start,10,2,1,0,1,12
7940.32264230829,failure,10,1,1,0,1,11
7940.32264230829,repair_queue,10,1,2,1,1,11
7940.4427886547,repair_finish,10,2,1,1,0,12
7940.4427886547,repair_start,10,2,1,0,1,12
7940.552638188536,repair_finish,10,3,0,0,0,13
7941.506570599587,failure,10,2,0,0,0,12
7941.506570599587,repair_start,10,2,1,0,1,12
7942.543190845073,repair_finish,10,3,0,0,0,13
7951.071920138204,failure,10,2,0,0,0,12
7951.071920138204,repair_start,10,2,1,0,1,12
7952.780809411918,repair_finish,10,3,0,0,0,13
7974.6435407722365,failure,10,2,0,0,0,12
7974.6435407722365,repair_start,10,2,1,0,1,12
7974.6485038464925,repair_finish,10,3,0,0,0,13
7978.408552343608,failure,10,2,0,0,0,12
7978.408552343608,repair_start,10,2,1,0,1,12
7980.125853566572,repair_finish,10,3,0,0,0,13
7982.797753375422,failure,10,2,0,0,0,12
7982.797753375422,repair_start,10,2,1,0,1,12
7983.1914101094935,repair_finish,10,3,0,0,0,13
8006.089473231355,failure,10,2,0,0,0,12
8006.089473231355,repair_start,10,2,1,0,1,12
8006.622791335227,repair_finish,10,3,0,0,0,13
8009.681729730715,failure,10,2,0,0,0,12
8009.681729730715,repair_start,10,2,1,0,1,12
8010.227394866496,repair_finish,10,3,0,0,0,13
8011.622629352061,failure,10,2,0,0,0,12
8011.622629352061,repair_start,10,2,1,0,1,12
8011.714224722114,repair_finish,10,3,0,0,0,13
8024.583368806393,failure,10,2,0,0,0,12
8024.583368806393,repair_start,10,2,1,0,1,12
8024.9776526791575,repair_finish,10,3,0,0,0,13
8053.383887858575,failure,10,2,0,0,0,12
8053.383887858575,repair_start,10,2,1,0,1,12
8055.491486317971,repair_finish,10,3,0,0,0,13
8073.790462679085,failure,10,2,0,0,0,12
8073.790462679085,repair_start,10,2,1,0,1,12
8073.814756360798,repair_finish,10,3,0,0,0,13
8087.279669264965,failure,10,2,0,0,0,12
8087.279669264965,repair_start,10,2,1,0,1,12
8087.590600831594,repair_finish,10,3,0,0,0,13
8088.88970291671,failure,10,2,0,0,0,12
8088.88970291671,repair_start,10,2,1,0,1,12
8089.025431289146,repair_finish,10,3,0,0,0,13
8095.742175425311,failure,10,2,0,0,0,12
8095.742175425311,repair_start,10,2,1,0,1,12
8095.96731935825,repair_finish,10,3,0,0,0,13
8096.371295940055,failure,10,2,0,0,0,12
8096.371295940055,repair_start,10,2,1,0,1,12
8097.337364107359,repair_finish,10,3,0,0,0,13
8130.63945980603,failure,10,2,0,0,0,12
8130.63945980603,repair_start,10,2,1,0,1,12
8130.9205503424555,failure,10,1,1,0,1,11
8130.9205503424555,repair_queue,10,1,2,1,1,11
8131.051195660605,repair_finish,10,2,1,1,0,12
8131.051195660605,repair_start,10,2,1,0,1,12
8132.344973049587,repair_finish,10,3,0,0,0,13
8139.243927371805,failure,10,2,0,0,0,12
8139.243927371805,repair_start,10,2,1,0,1,12
8140.796657493994,repair_finish,10,3,0,0,0,13
8145.306178055115,failure,10,2,0,0,0,12
8145.306178055115,repair_start,10,2,1,0,1,12
8146.4407619665935,repair_finish,10,3,0,0,0,13
8157.194696906859,failure,10,2,0,0,0,12
8157.194696906859,repair_start,10,2,1,0,1,12
8158.093663671518,repair_finish,10,3,0,0,0,13
8179.1938638856245,failure,10,2,0,0,0,12
8179.1938638856245,repair_start,10,2,1,0,1,12
8179.44159829496,repair_finish,10,3,0,0,0,13
8190.171362781801,failure,10,2,0,0,0,12
8190.171362781801,repair_start,10,2,1,0,1,12
8191.429702877612,repair_finish,10,3,0,0,0,13
8213.725069310874,failure,10,2,0,0,0,12
8213.725069310874,repair_start,10,2,1,0,1,12
8215.600049473354,failure,10,1,1,0,1,11
8215.600049473354,repair_queue,10,1,2,1,1,11
8216.367222451734,repair_finish,10,2,1,1,0,12
8216.367222451734,repair_start,10,2,1,0,1,12
8217.916047605082,repair_finish,10,3,0,0,0,13
8225.941154808028,failure,10,2,0,0,0,12
8225.941154808028,repair_start,10,2,1,0,1,12
8226.171975797957,repair_finish,10,3,0,0,0,13
8241.855829940656,failure,10,2,0,0,0,12
8241.855829940656,repair_start,10,2,1,0,1,12
8241.904291426945,repair_finish,10,3,0,0,0,13
8250.142239347633,failure,10,2,0,0,0,12
8250.142239347633,repair_start,10,2,1,0,1,12
8250.223163243236,repair_finish,10,3,0,0,0,13
8259.69633673139,failure,10,2,0,0,0,12
8259.69633673139,repair_start,10,2,1,0,1,12
8259.874799574965,repair_finish,10,3,0,0,0,13
8279.030298640697,failure,10,2,0,0,0,12
8279.030298640697,repair_start,10,2,1,0,1,12
8282.825473783634,repair_finish,10,3,0,0,0,13
8295.849837666794,failure,10,2,0,0,0,12
8295.849837666794,repair_start,10,2,1,0,1,12
8295.977515992623,repair_finish,10,3,0,0,0,13
8310.295499793916,failure,10,2,0,0,0,12
8310.295499793916,repair_start,10,2,1,0,1,12
8311.228822880767,repair_finish,10,3,0,0,0,13
8319.16707246381,failure,10,2,0,0,0,12
8319.16707246381,repair_start,10,2,1,0,1,12
8319.607043915035,repair_finish,10,3,0,0,0,13
8322.985955408189,failure,10,2,0,0,0,12
8322.985955408189,repair_start,10,2,1,0,1,12
8325.38959175002,repair_finish,10,3,0,0,0,13
8336.184381197163,failure,10,2,0,0,0,12
8336.184381197163,repair_start,10,2,1,0,1,12
8337.613707608394,repair_finish,10,3,0,0,0,13
8349.301958130152,failure,10,2,0,0,0,12
8349.301958130152,repair_start,10,2,1,0,1,12
8354.377875080123,repair_finish,10,3,0,0,0,13
8358.06479660608,failure,10,2,0,0,0,12
8358.06479660608,repair_start,10,2,1,0,1,12
8359.155661225288,repair_finish,10,3,0,0,0,13
8367.19873879264,failure,10,2,0,0,0,12
8367.19873879264,repair_start,10,2,1,0,1,12
8368.247859066007,repair_finish,10,3,0,0,0,13
8389.78783645703,failure,10,2,0,0,0,12
8389.78783645703,repair_start,10,2,1,0,1,12
8390.171719204998,repair_finish,10,3,0,0,0,13
8392.73164558154,failure,10,2,0,0,0,12
8392.73164558154,repair_start,10,2,1,0,1,12
8393.132988462654,failure,10,1,1,0,1,11
8393.132988462654,repair_queue,10,1,2,1,1,11
8393.677304575878,repair_finish,10,2,1,1,0,12
8393.677304575878,repair_start,10,2,1,0,1,12
8394.135932366053,repair_finish,10,3,0,0,0,13
8397.807555646488,failure,10,2,0,0,0,12
8397.807555646488,repair_start,10,2,1,0,1,12
8397.812164788733,repair_finish,10,3,0,0,0,13
8422.664190104566,failure,10,2,0,0,0,12
8422.664190104566,repair_start,10,2,1,0,1,12
8422.785767037702,repair_finish,10,3,0,0,0,13
8424.07032767115,failure,10,2,0,0,0,12
8424.07032767115,repair_start,10,2,1,0,1,12
8424.277829266288,repair_finish,10,3,0,0,0,13
8428.560726573658,failure,10,2,0,0,0,12
8428.560726573658,repair_start,10,2,1,0,1,12
8430.823512107634,repair_finish,10,3,0,0,0,13
8441.147679057014,failure,10,2,0,0,0,12
8441.147679057014,repair_start,10,2,1,0,1,12
8441.956591064314,repair_finish,10,3,0,0,0,13
8444.180861690284,failure,10,2,0,0,0,12
8444.180861690284,repair_start,10,2,1,0,1,12
8444.3110820242,repair_finish,10,3,0,0,0,13
8479.374905548377,failure,10,2,0,0,0,12
8479.374905548377,repair_start,10,2,1,0,1,12
8480.817180607595,repair_finish,10,3,0,0,0,13
8483.3416307664,failure,10,2,0,0,0,12
8483.3416307664,repair_start,10,2,1,0,1,12
8485.306338701661,repair_finish,10,3,0,0,0,13
8499.375335274703,failure,10,2,0,0,0,12
8499.375335274703,repair_start,10,2,1,0,1,12
8500.471130098174,repair_finish,10,3,0,0,0,13
8512.805638008385,failure,10,2,0,0,0,12
8512.805638008385,repair_start,10,2,1,0,1,12
8513.397986508286,repair_finish,10,3,0,0,0,13
8528.629230425779,failure,10,2,0,0,0,12
8528.629230425779,repair_start,10,2,1,0,1,12
8529.65450338298,repair_finish,10,3,0,0,0,13
8532.595704100559,failure,10,2,0,0,0,12
8532.595704100559,repair_start,10,2,1,0,1,12
8533.789881492414,repair_finish,10,3,0,0,0,13
8546.340174328707,failure,10,2,0,0,0,12
8546.340174328707,repair_start,10,2,1,0,1,12
8548.494324439971,failure,10,1,1,0,1,11
8548.494324439971,repair_queue,10,1,2,1,1,11
8548.969924049672,repair_finish,10,2,1,1,0,12
8548.969924049672,repair_start,10,2,1,0,1,12
8550.107530388355,repair_finish,10,3,0,0,0,13
8550.358586271339,failure,10,2,0,0,0,12
8550.358586271339,repair_start,10,2,1,0,1,12
8550.571780832886,failure,10,1,1,0,1,11
8550.571780832886,repair_queue,10,1,2,1,1,11
8550.658195581285,repair_finish,10,2,1,1,0,12
8550.658195581285,repair_start,10,2,1,0,1,12
8550.937823833587,repair_finish,10,3,0,0,0,13
8565.14920817858,failure,10,2,0,0,0,12
8565.14920817858,repair_start,10,2,1,0,1,12
8565.186583646684,repair_finish,10,3,0,0,0,13
8569.985831635373,failure,10,2,0,0,0,12
8569.985831635373,repair_start,10,2,1,0,1,12
8570.412652608165,repair_finish,10,3,0,0,0,13
8582.142750526202,failure,10,2,0,0,0,12
8582.142750526202,repair_start,10,2,1,0,1,12
8582.484252599143,repair_finish,10,3,0,0,0,13
8601.466708435288,failure,10,2,0,0,0,12
8601.466708435288,repair_start,10,2,1,0,1,12
8601.702804684419,repair_finish,10,3,0,0,0,13
8616.634151383096,failure,10,2,0,0,0,12
8616.634151383096,repair_start,10,2,1,0,1,12
8617.065072844503,repair_finish,10,3,0,0,0,13
8625.59547680925,failure,10,2,0,0,0,12
8625.59547680925,repair_start,10,2,1,0,1,12
8625.960061857182,failure,10,1,1,0,1,11
8625.960061857182,repair_queue,10,1,2,1,1,11
8627.515495546702,failure,10,0,2,1,1,10
8627.515495546702,repair_queue,10,0,3,2,1,10
8628.268945920383,repair_finish,10,1,2,2,0,11
8628.268945920383,repair_start,10,1,2,1,1,11
8630.091831353951,repair_finish,10,2,1,1,0,12
8630.091831353951,repair_start,10,2,1,0,1,12
8631.613573744664,repair_finish,10,3,0,0,0,13
8636.896574807257,failure,10,2,0,0,0,12
8636.896574807257,repair_start,10,2,1,0,1,12
8637.429751436373,repair_finish,10,3,0,0,0,13
8646.392477182178,failure,10,2,0,0,0,12
8646.392477182178,repair_start,10,2,1,0,1,12
8647.65528861583,repair_finish,10,3,0,0,0,13
8660.488090896733,failure,10,2,0,0,0,12
8660.488090896733,repair_start,10,2,1,0,1,12
8661.24488858299,repair_finish,10,3,0,0,0,13
8667.296347417694,failure,10,2,0,0,0,12
8667.296347417694,repair_start,10,2,1,0,1,12
8672.463267487456,repair_finish,10,3,0,0,0,13
8676.856146409473,failure,10,2,0,0,0,12
8676.856146409473,repair_start,10,2,1,0,1,12
8677.53124428541,repair_finish,10,3,0,0,0,13
8687.973496917803,failure,10,2,0,0,0,12
8687.973496917803,repair_start,10,2,1,0,1,12
8689.932662984284,repair_finish,10,3,0,0,0,13
8696.77275242117,failure,10,2,0,0,0,12
8696.77275242117,repair_start,10,2,1,0,1,12
8698.395989810708,repair_finish,10,3,0,0,0,13
8704.671378397254,failure,10,2,0,0,0,12
8704.671378397254,repair_start,10,2,1,0,1,12
8704.822285943765,repair_finish,10,3,0,0,0,13
8705.762096880891,failure,10,2,0,0,0,12
8705.762096880891,repair_start,10,2,1,0,1,12
8707.623707074157,repair_finish,10,3,0,0,0,13
8709.91473928534,failure,10,2,0,0,0,12
8709.91473928534,repair_start,10,2,1,0,1,12
8710.782276287759,repair_finish,10,3,0,0,0,13
8711.894742371394,failure,10,2,0,0,0,12
8711.894742371394,repair_start,10,2,1,0,1,12
8712.46881740159,repair_finish,10,3,0,0,0,13
8735.518177049944,failure,10,2,0,0,0,12
8735.518177049944,repair_start,10,2,1,0,1,12
8736.376535282203,repair_finish,10,3,0,0,0,13
8741.388754715957,failure,10,2,0,0,0,12
8741.388754715957,repair_start,10,2,1,0,1,12
8742.733741769473,repair_finish,10,3,0,0,0,13
8743.128574191918,failure,10,2,0,0,0,12
8743.128574191918,repair_start,10,2,1,0,1,12
8744.102245070399,repair_finish,10,3,0,0,0,13
8749.468442491863,failure,10,2,0,0,0,12
8749.468442491863,repair_start,10,2,1,0,1,12
8749.600376891703,repair_finish,10,3,0,0,0,13
8751.441752409988,failure,10,2,0,0,0,12
8751.441752409988,repair_start,10,2,1,0,1,12
8751.690023525427,repair_finish,10,3,0,0,0,13
8769.687888482442,failure,10,2,0,0,0,12
8769.687888482442,repair_start,10,2,1,0,1,12
8770.393025319334,repair_finish,10,3,0,0,0,13
8779.822379423138,failure,10,2,0,0,0,12
8779.822379423138,repair_start,10,2,1,0,1,12
8780.508863344146,repair_finish,10,3,0,0,0,13
8802.161980829143,failure,10,2,0,0,0,12
8802.161980829143,repair_start,10,2,1,0,1,12
8802.757173081764,repair_finish,10,3,0,0,0,13
8810.601102773042,failure,10,2,0,0,0,12
8810.601102773042,repair_start,10,2,1,0,1,12
8811.303390916733,repair_finish,10,3,0,0,0,13
8813.80019607735,failure,10,2,0,0,0,12
8813.80019607735,repair_start,10,2,1,0,1,12
8813.87952366942,repair_finish,10,3,0,0,0,13
8814.786293701673,failure,10,2,0,0,0,12
8814.786293701673,repair_start,10,2,1,0,1,12
8815.088658219584,repair_finish,10,3,0,0,0,13
8827.817303583246,failure,10,2,0,0,0,12
8827.817303583246,repair_start,10,2,1,0,1,12
8828.231642094242,repair_finish,10,3,0,0,0,13
8834.843017686775,failure,10,2,0,0,0,12
8834.843017686775,repair_start,10,2,1,0,1,12
8836.04374503837,repair_finish,10,3,0,0,0,13
8839.775512042983,failure,10,2,0,0,0,12
8839.775512042983,repair_start,10,2,1,0,1,12
8841.771295261962,repair_finish,10,3,0,0,0,13
8842.16301888637,failure,10,2,0,0,0,12
8842.16301888637,repair_start,10,2,1,0,1,12
8843.41398295072,repair_finish,10,3,0,0,0,13
8859.385687260561,failure,10,2,0,0,0,12
8859.385687260561,repair_start,10,2,1,0,1,12
8861.755396207978,repair_finish,10,3,0,0,0,13
8868.318965862654,failure,10,2,0,0,0,12
8868.318965862654,repair_start,10,2,1,0,1,12
8869.343065547393,repair_finish,10,3,0,0,0,13
8882.476370578946,failure,10,2,0,0,0,12
8882.476370578946,repair_start,10,2,1,0,1,12
8883.433737658786,repair_finish,10,3,0,0,0,13
8888.39606692966,failure,10,2,0,0,0,12
8888.39606692966,repair_start,10,2,1,0,1,12
8889.335508106571,repair_finish,10,3,0,0,0,13
8890.080538540944,failure,10,2,0,0,0,12
8890.080538540944,repair_start,10,2,1,0,1,12
8890.506531158506,repair_finish,10,3,0,0,0,13
8904.89522550898,failure,10,2,0,0,0,12
8904.89522550898,repair_start,10,2,1,0,1,12
8905.553568684942,failure,10,1,1,0,1,11
8905.553568684942,repair_queue,10,1,2,1,1,11
8906.288862280402,repair_finish,10,2,1,1,0,12
8906.288862280402,repair_start,10,2,1,0,1,12
8906.46617911634,repair_finish,10,3,0,0,0,13
8934.5070205854,failure,10,2,0,0,0,12
8934.5070205854,repair_start,10,2,1,0,1,12
8936.364841298995,repair_finish,10,3,0,0,0,13
8939.87398667433,failure,10,2,0,0,0,12
8939.87398667433,repair_start,10,2,1,0,1,12
8940.01701913188,repair_finish,10,3,0,0,0,13
8941.623092808853,failure,10,2,0,0,0,12
8941.623092808853,repair_start,10,2,1,0,1,12
8942.104690681479,repair_finish,10,3,0,0,0,13
8942.434287085962,failure,10,2,0,0,0,12
8942.434287085962,repair_start,10,2,1,0,1,12
8942.607520932446,repair_finish,10,3,0,0,0,13
8943.698348615304,failure,10,2,0,0,0,12
8943.698348615304,repair_start,10,2,1,0,1,12
8943.856143521925,failure,10,1,1,0,1,11
8943.856143521925,repair_queue,10,1,2,1,1,11
8944.380785007403,repair_finish,10,2,1,1,0,12
8944.380785007403,repair_start,10,2,1,0,1,12
8944.589826091524,repair_finish,10,3,0,0,0,13
8948.274462509718,failure,10,2,0,0,0,12
8948.274462509718,repair_start,10,2,1,0,1,12
8948.276584206116,repair_finish,10,3,0,0,0,13
8953.813852617652,failure,10,2,0,0,0,12
8953.813852617652,repair_start,10,2,1,0,1,12
8954.38341313337,failure,10,1,1,0,1,11
8954.38341313337,repair_queue,10,1,2,1,1,11
8954.539447803616,failure,10,0,2,1,1,10
8954.539447803616,repair_queue,10,0,3,2,1,10
8955.140259055233,repair_finish,10,1,2,2,0,11
8955.140259055233,repair_start,10,1,2,1,1,11
8955.691197165423,repair_finish,10,2,1,1,0,12
8955.691197165423,repair_start,10,2,1,0,1,12
8958.317289548952,repair_finish,10,3,0,0,0,13
8962.675489346782,failure,10,2,0,0,0,12
8962.675489346782,repair_start,10,2,1,0,1,12
8963.465377363716,repair_finish,10,3,0,0,0,13
8971.424746497978,failure,10,2,0,0,0,12
8971.424746497978,repair_start,10,2,1,0,1,12
8972.295425340093,repair_finish,10,3,0,0,0,13
8993.211348310057,failure,10,2,0,0,0,12
8993.211348310057,repair_start,10,2,1,0,1,12
8993.245077395644,repair_finish,10,3,0,0,0,13
8995.153993453634,failure,10,2,0,0,0,12
8995.153993453634,repair_start,10,2,1,0,1,12
8995.815827854212,repair_finish,10,3,0,0,0,13
9011.391874318728,failure,10,2,0,0,0,12
9011.391874318728,repair_start,10,2,1,0,1,12
9011.692829377775,repair_finish,10,3,0,0,0,13
9012.617916044115,failure,10,2,0,0,0,12
9012.617916044115,repair_start,10,2,1,0,1,12
9012.749170011555,failure,10,1,1,0,1,11
9012.749170011555,repair_queue,10,1,2,1,1,11
9014.073348721358,repair_finish,10,2,1,1,0,12
9014.073348721358,repair_start,10,2,1,0,1,12
9014.49030838682,repair_finish,10,3,0,0,0,13
9015.633499824053,failure,10,2,0,0,0,12
9015.633499824053,repair_start,10,2,1,0,1,12
9016.343255469632,repair_finish,10,3,0,0,0,13
9018.717678635168,failure,10,2,0,0,0,12
9018.717678635168,repair_start,10,2,1,0,1,12
9018.953065401205,repair_finish,10,3,0,0,0,13
9030.88846506944,failure,10,2,0,0,0,12
9030.88846506944,repair_start,10,2,1,0,1,12
9031.047958069594,failure,10,1,1,0,1,11
9031.047958069594,repair_queue,10,1,2,1,1,11
9032.34228875872,repair_finish,10,2,1,1,0,12
9032.34228875872,repair_start,10,2,1,0,1,12
9033.209154725706,failure,10,1,1,0,1,11
9033.209154725706,repair_queue,10,1,2,1,1,11
9034.443955417224,repair_finish,10,2,1,1,0,12
9034.443955417224,repair_start,10,2,1,0,1,12
9034.817160906223,failure,10,1,1,0,1,11
9034.817160906223,repair_queue,10,1,2,1,1,11
9034.942285560304,repair_finish,10,2,1,1,0,12
9034.942285560304,repair_start,10,2,1,0,1,12
9035.615362496623,repair_finish,10,3,0,0,0,13
9042.479146675294,failure,10,2,0,0,0,12
9042.479146675294,repair_start,10,2,1,0,1,12
9043.41697631303,repair_finish,10,3,0,0,0,13
9045.399835272829,failure,10,2,0,0,0,12
9045.399835272829,repair_start,10,2,1,0,1,12
9047.097007935552,repair_finish,10,3,0,0,0,13
9062.27287671587,failure,10,2,0,0,0,12
9062.27287671587,repair_start,10,2,1,0,1,12
9063.934924366728,repair_finish,10,3,0,0,0,13
9065.11212633346,failure,10,2,0,0,0,12
9065.11212633346,repair_start,10,2,1,0,1,12
9065.329748531181,repair_finish,10,3,0,0,0,13
9079.040902357168,failure,10,2,0,0,0,12
9079.040902357168,repair_start,10,2,1,0,1,12
9079.251427890833,repair_finish,10,3,0,0,0,13
9089.359894401086,failure,10,2,0,0,0,12
9089.359894401086,repair_start,10,2,1,0,1,12
9090.193426730362,repair_finish,10,3,0,0,0,13
9108.541547849512,failure,10,2,0,0,0,12
9108.541547849512,repair_start,10,2,1,0,1,12
9109.251217010482,repair_finish,10,3,0,0,0,13
9117.094277050905,failure,10,2,0,0,0,12
9117.094277050905,repair_start,10,2,1,0,1,12
9117.276431435386,repair_finish,10,3,0,0,0,13
9124.877140467153,failure,10,2,0,0,0,12
9124.877140467153,repair_start,10,2,1,0,1,12
9125.99219715453,repair_finish,10,3,0,0,0,13
9127.381523035638,failure,10,2,0,0,0,12
9127.381523035638,repair_start,10,2,1,0,1,12
9129.088801424046,repair_finish,10,3,0,0,0,13
9141.039684890871,failure,10,2,0,0,0,12
9141.039684890871,repair_start,10,2,1,0,1,12
9141.267515124848,repair_finish,10,3,0,0,0,13
9169.767580746904,failure,10,2,0,0,0,12
9169.767580746904,repair_start,10,2,1,0,1,12
9172.360222263238,repair_finish,10,3,0,0,0,13
9179.060421858998,failure,10,2,0,0,0,12
9179.060421858998,repair_start,10,2,1,0,1,12
9179.851308333335,repair_finish,10,3,0,0,0,13
9227.463388478805,failure,10,2,0,0,0,12
9227.463388478805,repair_start,10,2,1,0,1,12
9227.989638271541,repair_finish,10,3,0,0,0,13
9248.322130761486,failure,10,2,0,0,0,12
9248.322130761486,repair_start,10,2,1,0,1,12
9249.523475576605,repair_finish,10,3,0,0,0,13
9252.162327954644,failure,10,2,0,0,0,12
9252.162327954644,repair_start,10,2,1,0,1,12
9252.91867602268,repair_finish,10,3,0,0,0,13
9255.85043339192,failure,10,2,0,0,0,12
9255.85043339192,repair_start,10,2,1,0,1,12
9256.062004849791,repair_finish,10,3,0,0,0,13
9257.382764231319,failure,10,2,0,0,0,12
9257.382764231319,repair_start,10,2,1,0,1,12
9257.639790467574,repair_finish,10,3,0,0,0,13
9258.16837865413,failure,10,2,0,0,0,12
9258.16837865413,repair_start,10,2,1,0,1,12
9258.654968507404,repair_finish,10,3,0,0,0,13
9267.456707699213,failure,10,2,0,0,0,12
9267.456707699213,repair_start,10,2,1,0,1,12
9267.597855622673,repair_finish,10,3,0,0,0,13
9270.245828348232,failure,10,2,0,0,0,12
9270.245828348232,repair_start,10,2,1,0,1,12
9270.396805522503,repair_finish,10,3,0,0,0,13
9274.899501877406,failure,10,2,0,0,0,12
9274.899501877406,repair_start,10,2,1,0,1,12
9275.158434275565,repair_finish,10,3,0,0,0,13
9283.652473921231,failure,10,2,0,0,0,12
9283.652473921231,repair_start,10,2,1,0,1,12
9284.466369196824,repair_finish,10,3,0,0,0,13
9297.273878464142,failure,10,2,0,0,0,12
9297.273878464142,repair_start,10,2,1,0,1,12
9298.756305656676,repair_finish,10,3,0,0,0,13
9309.08053213661,failure,10,2,0,0,0,12
9309.08053213661,repair_start,10,2,1,0,1,12
9310.106905647628,repair_finish,10,3,0,0,0,13
9311.603967627569,failure,10,2,0,0,0,12
9311.603967627569,repair_start,10,2,1,0,1,12
9313.257649525985,repair_finish,10,3,0,0,0,13
9318.436352911793,failure,10,2,0,0,0,12
9318.436352911793,repair_start,10,2,1,0,1,12
9318.766109489747,repair_finish,10,3,0,0,0,13
9319.398319648622,failure,10,2,0,0,0,12
9319.398319648622,repair_start,10,2,1,0,1,12
9320.797212999274,failure,10,1,1,0,1,11
9320.797212999274,repair_queue,10,1,2,1,1,11
9321.034832018822,repair_finish,10,2,1,1,0,12
9321.034832018822,repair_start,10,2,1,0,1,12
9321.091180682817,repair_finish,10,3,0,0,0,13
9334.336065394173,failure,10,2,0,0,0,12
9334.336065394173,repair_start,10,2,1,0,1,12
9334.426731968037,repair_finish,10,3,0,0,0,13
9344.700334343597,failure,10,2,0,0,0,12
9344.700334343597,repair_start,10,2,1,0,1,12
9346.073805202956,repair_finish,10,3,0,0,0,13
9378.961497123979,failure,10,2,0,0,0,12
9378.961497123979,repair_start,10,2,1,0,1,12
9379.999913106061,repair_finish,10,3,0,0,0,13
9411.497262577112,failure,10,2,0,0,0,12
9411.497262577112,repair_start,10,2,1,0,1,12
9412.92785079248,repair_finish,10,3,0,0,0,13
9422.78146881179,failure,10,2,0,0,0,12
9422.78146881179,repair_start,10,2,1,0,1,12
9422.887680906915,repair_finish,10,3,0,0,0,13
9423.077990967746,failure,10,2,0,0,0,12
9423.077990967746,repair_start,10,2,1,0,1,12
9424.87636921926,repair_finish,10,3,0,0,0,13
9428.991804405021,failure,10,2,0,0,0,12
9428.991804405021,repair_start,10,2,1,0,1,12
9429.771237887973,failure,10,1,1,0,1,11
9429.771237887973,repair_queue,10,1,2,1,1,11
9430.171940167687,repair_finish,10,2,1,1,0,12
9430.171940167687,repair_start,10,2,1,0,1,12
9430.737758104979,repair_finish,10,3,0,0,0,13
9452.128518810308,failure,10,2,0,0,0,12
9452.128518810308,repair_start,10,2,1,0,1,12
9452.890490348358,failure,10,1,1,0,1,11
9452.890490348358,repair_queue,10,1,2,1,1,11
9453.532145781926,repair_finish,10,2,1,1,0,12
9453.532145781926,repair_start,10,2,1,0,1,12
9453.887500522305,repair_finish,10,3,0,0,0,13
9454.274935252866,failure,10,2,0,0,0,12
9454.274935252866,repair_start,10,2,1,0,1,12
9457.119018481937,repair_finish,10,3,0,0,0,13
9464.38356083018,failure,10,2,0,0,0,12
9464.38356083018,repair_start,10,2,1,0,1,12
9464.542710141779,repair_finish,10,3,0,0,0,13
9486.472084002104,failure,10,2,0,0,0,12
9486.472084002104,repair_start,10,2,1,0,1,12
9487.433064446557,repair_finish,10,3,0,0,0,13
9505.375751801552,failure,10,2,0,0,0,12
9505.375751801552,repair_start,10,2,1,0,1,12
9506.494111227412,repair_finish,10,3,0,0,0,13
9508.019010070506,failure,10,2,0,0,0,12
9508.019010070506,repair_start,10,2,1,0,1,12
9509.11333484277,repair_finish,10,3,0,0,0,13
9509.616346950654,failure,10,2,0,0,0,12
9509.616346950654,repair_start,10,2,1,0,1,12
9511.111861147601,repair_finish,10,3,0,0,0,13
9523.679341997711,failure,10,2,0,0,0,12
9523.679341997711,repair_start,10,2,1,0,1,12
9523.960465099064,repair_finish,10,3,0,0,0,13
9548.248101070307,failure,10,2,0,0,0,12
9548.248101070307,repair_start,10,2,1,0,1,12
9548.881597021,failure,10,1,1,0,1,11
9548.881597021,repair_queue,10,1,2,1,1,11
9548.924720592888,repair_finish,10,2,1,1,0,12
9548.924720592888,repair_start,10,2,1,0,1,12
9549.584997624017,repair_finish,10,3,0,0,0,13
9555.690652275942,failure,10,2,0,0,0,12
9555.690652275942,repair_start,10,2,1,0,1,12
9555.694790732543,repair_finish,10,3,0,0,0,13
9563.786734731539,failure,10,2,0,0,0,12
9563.786734731539,repair_start,10,2,1,0,1,12
9563.90929474795,repair_finish,10,3,0,0,0,13
9571.786774900846,failure,10,2,0,0,0,12
9571.786774900846,repair_start,10,2,1,0,1,12
9571.857667264974,failure,10,1,1,0,1,11
9571.857667264974,repair_queue,10,1,2,1,1,11
9572.070836180334,repair_finish,10,2,1,1,0,12
9572.070836180334,repair_start,10,2,1,0,1,12
9572.275512662018,repair_finish,10,3,0,0,0,13
9580.155899965392,failure,10,2,0,0,0,12
9580.155899965392,repair_start,10,2,1,0,1,12
9580.265682777137,repair_finish,10,3,0,0,0,13
9598.899322627261,failure,10,2,0,0,0,12
9598.899322627261,repair_start,10,2,1,0,1,12
9599.52451321667,repair_finish,10,3,0,0,0,13
9602.195491342914,failure,10,2,0,0,0,12
9602.195491342914,repair_start,10,2,1,0,1,12
9602.286973179083,repair_finish,10,3,0,0,0,13
9615.071901423338,failure,10,2,0,0,0,12
9615.071901423338,repair_start,10,2,1,0,1,12
9616.121432905486,failure,10,1,1,0,1,11
9616.121432905486,repair_queue,10,1,2,1,1,11
9616.30130954579,failure,10,0,2,1,1,10
9616.30130954579,repair_queue,10,0,3,2,1,10
9616.978628509547,repair_finish,10,1,2,2,0,11
9616.978628509547,repair_start,10,1,2,1,1,11
9619.704303274679,repair_finish,10,2,1,1,0,12
9619.704303274679,repair_start,10,2,1,0,1,12
9621.405074179283,repair_finish,10,3,0,0,0,13
9638.199487998561,failure,10,2,0,0,0,12
9638.199487998561,repair_start,10,2,1,0,1,12
9638.675735057775,repair_finish,10,3,0,0,0,13
9654.555046876652,failure,10,2,0,0,0,12
9654.555046876652,repair_start,10,2,1,0,1,12
9654.740540680032,repair_finish,10,3,0,0,0,13
9657.324028849858,failure,10,2,0,0,0,12
9657.324028849858,repair_start,10,2,1,0,1,12
9657.518984691098,repair_finish,10,3,0,0,0,13
9678.472242828535,failure,10,2,0,0,0,12
9678.472242828535,repair_start,10,2,1,0,1,12
9682.132043151014,repair_finish,10,3,0,0,0,13
9697.296267442083,failure,10,2,0,0,0,12
9697.296267442083,repair_start,10,2,1,0,1,12
9700.20335404878,repair_finish,10,3,0,0,0,13
9701.507336427327,failure,10,2,0,0,0,12
9701.507336427327,repair_start,10,2,1,0,1,12
9703.053633001024,repair_finish,10,3,0,0,0,13
9707.446795213333,failure,10,2,0,0,0,12
9707.446795213333,repair_start,10,2,1,0,1,12
9707.509301966265,failure,10,1,1,0,1,11
9707.509301966265,repair_queue,10,1,2,1,1,11
9708.920060937236,repair_finish,10,2,1,1,0,12
9708.920060937236,repair_start,10,2,1,0,1,12
9710.454519120594,failure,10,1,1,0,1,11
9710.454519120594,repair_queue,10,1,2,1,1,11
9710.583412252774,repair_finish,10,2,1,1,0,12
9710.583412252774,repair_start,10,2,1,0,1,12
9712.117492421847,repair_finish,10,3,0,0,0,13
9716.813894323726,failure,10,2,0,0,0,12
9716.813894323726,repair_start,10,2,1,0,1,12
9717.357859264896,repair_finish,10,3,0,0,0,13
9740.27279904138,failure,10,2,0,0,0,12
9740.27279904138,repair_start,10,2,1,0,1,12
9740.867918481743,repair_finish,10,3,0,0,0,13
9749.087078640032,failure,10,2,0,0,0,12
9749.087078640032,repair_start,10,2,1,0,1,12
9749.451200796655,repair_finish,10,3,0,0,0,13
9758.388886535895,failure,10,2,0,0,0,12
9758.388886535895,repair_start,10,2,1,0,1,12
9759.768558596445,repair_finish,10,3,0,0,0,13
9776.737309751401,failure,10,2,0,0,0,12
9776.737309751401,repair_start,10,2,1,0,1,12
9776.872621325356,repair_finish,10,3,0,0,0,13
9787.767698227668,failure,10,2,0,0,0,12
9787.767698227668,repair_start,10,2,1,0,1,12
9787.779588928654,repair_finish,10,3,0,0,0,13
9807.403188576454,failure,10,2,0,0,0,12
9807.403188576454,repair_start,10,2,1,0,1,12
9808.005196953434,repair_finish,10,3,0,0,0,13
9808.021053267297,failure,10,2,0,0,0,12
9808.021053267297,repair_start,10,2,1,0,1,12
9808.445517314569,repair_finish,10,3,0,0,0,13
9831.90695360365,failure,10,2,0,0,0,12
9831.90695360365,repair_start,10,2,1,0,1,12
9833.148273060095,repair_finish,10,3,0,0,0,13
9833.455406079109,failure,10,2,0,0,0,12
9833.455406079109,repair_start,10,2,1,0,1,12
9833.878206727823,repair_finish,10,3,0,0,0,13
9849.563768266173,failure,10,2,0,0,0,12
9849.563768266173,repair_start,10,2,1,0,1,12
9849.567937965436,repair_finish,10,3,0,0,0,13
9858.677978328022,failure,10,2,0,0,0,12
9858.677978328022,repair_start,10,2,1,0,1,12
9859.168531561536,repair_finish,10,3,0,0,0,13
9862.212399309272,failure,10,2,0,0,0,12
9862.212399309272,repair_start,10,2,1,0,1,12
9862.230865839429,failure,10,1,1,0,1,11
9862.230865839429,repair_queue,10,1,2,1,1,11
9862.282497326987,failure,10,0,2,1,1,10
9862.282497326987,repair_queue,10,0,3,2,1,10
9863.384970192683,repair_finish,10,1,2,2,0,11
9863.384970192683,repair_start,10,1,2,1,1,11
9863.423941672141,repair_finish,10,2,1,1,0,12
9863.423941672141,repair_start,10,2,1,0,1,12
9864.606909752812,repair_finish,10,3,0,0,0,13
9865.645751581644,failure,10,2,0,0,0,12
9865.645751581644,repair_start,10,2,1,0,1,12
9865.844998523826,repair_finish,10,3,0,0,0,13
9872.117833664122,failure,10,2,0,0,0,12
9872.117833664122,repair_start,10,2,1,0,1,12
9872.81449338761,repair_finish,10,3,0,0,0,13
9877.80786076034,failure,10,2,0,0,0,12
9877.80786076034,repair_start,10,2,1,0,1,12
9879.611309007561,repair_finish,10,3,0,0,0,13
9906.064255038196,failure,10,2,0,0,0,12
9906.064255038196,repair_start,10,2,1,0,1,12
9909.095820656901,repair_finish,10,3,0,0,0,13
9910.435573071316,failure,10,2,0,0,0,12
9910.435573071316,repair_start,10,2,1,0,1,12
9911.01821599726,repair_finish,10,3,0,0,0,13
9916.963138762543,failure,10,2,0,0,0,12
9916.963138762543,repair_start,10,2,1,0,1,12
9918.155677980927,repair_finish,10,3,0,0,0,13
9920.625107633172,failure,10,2,0,0,0,12
9920.625107633172,repair_start,10,2,1,0,1,12
9922.369291995754,repair_finish,10,3,0,0,0,13
9937.917590507795,failure,10,2,0,0,0,12
9937.917590507795,repair_start,10,2,1,0,1,12
9939.59829758288,repair_finish,10,3,0,0,0,13
9942.955948132047,failure,10,2,0,0,0,12
9942.955948132047,repair_start,10,2,1,0,1,12
9943.302238527467,repair_finish,10,3,0,0,0,13
9947.028172511504,failure,10,2,0,0,0,12
9947.028172511504,repair_start,10,2,1,0,1,12
9948.81754313669,repair_finish,10,3,0,0,0,13
9951.020003599995,failure,10,2,0,0,0,12
9951.020003599995,repair_start,10,2,1,0,1,12
9951.930772469676,repair_finish,10,3,0,0,0,13
9952.754728607255,failure,10,2,0,0,0,12
9952.754728607255,repair_start,10,2,1,0,1,12
9953.231874226693,repair_finish,10,3,0,0,0,13
9955.72504859367,failure,10,2,0,0,0,12
9955.72504859367,repair_start,10,2,1,0,1,12
9955.831416207802,repair_finish,10,3,0,0,0,13
9961.036683804725,failure,10,2,0,0,0,12
9961.036683804725,repair_start,10,2,1,0,1,12
9961.585831629067,failure,10,1,1,0,1,11
9961.585831629067,repair_queue,10,1,2,1,1,11
9964.449671970797,repair_finish,10,2,1,1,0,12
9964.449671970797,repair_start,10,2,1,0,1,12
9964.549151124826,failure,10,1,1,0,1,11
9964.549151124826,repair_queue,10,1,2,1,1,11
9965.25324791574,repair_finish,10,2,1,1,0,12
9965.25324791574,repair_start,10,2,1,0,1,12
9965.98654857712,repair_finish,10,3,0,0,0,13
9983.442883805948,failure,10,2,0,0,0,12
9983.442883805948,repair_start,10,2,1,0,1,12
9983.58747598784,repair_finish,10,3,0,0,0,13
9995.36833033463,failure,10,2,0,0,0,12
9995.36833033463,repair_start,10,2,1,0,1,12
9996.00507128912,repair_finish,10,3,0,0,0,13
9997.885594420903,failure,10,2,0,0,0,12
9997.885594420903,repair_start,10,2,1,0,1,12
9998.224243338163,repair_finish,10,3,0,0,0,13
10014.453014977104,failure,10,2,0,0,0,12
10014.453014977104,repair_start,10,2,1,0,1,12
10014.739400620861,repair_finish,10,3,0,0,0,13
10015.472610483415,failure,10,2,0,0,0,12
10015.472610483415,repair_start,10,2,1,0,1,12
10015.673833218048,failure,10,1,1,0,1,11
10015.673833218048,repair_queue,10,1,2,1,1,11
10015.84251817472,repair_finish,10,2,1,1,0,12
10015.84251817472,repair_start,10,2,1,0,1,12
10016.322621025874,failure,10,1,1,0,1,11
10016.322621025874,repair_queue,10,1,2,1,1,11
10016.664023565983,repair_finish,10,2,1,1,0,12
10016.664023565983,repair_start,10,2,1,0,1,12
10016.70564365998,repair_finish,10,3,0,0,0,13
10022.759825381343,failure,10,2,0,0,0,12
10022.759825381343,repair_start,10,2,1,0,1,12
10023.56961973953,repair_finish,10,3,0,0,0,13
10032.668789896694,failure,10,2,0,0,0,12
10032.668789896694,repair_start,10,2,1,0,1,12
10032.836931050124,repair_finish,10,3,0,0,0,13
10037.538481086713,failure,10,2,0,0,0,12
10037.538481086713,repair_start,10,2,1,0,1,12
10038.031586430188,repair_finish,10,3,0,0,0,13
10051.63608024616,failure,10,2,0,0,0,12
10051.63608024616,repair_start,10,2,1,0,1,12
10052.690513651625,failure,10,1,1,0,1,11
10052.690513651625,repair_queue,10,1,2,1,1,11
10053.027642113902,repair_finish,10,2,1,1,0,12
10053.027642113902,repair_start,10,2,1,0,1,12
10053.206571589784,repair_finish,10,3,0,0,0,13
10060.552722993009,failure,10,2,0,0,0,12
10060.552722993009,repair_start,10,2,1,0,1,12
10062.179775744755,repair_finish,10,3,0,0,0,13
10063.453846405251,failure,10,2,0,0,0,12
10063.453846405251,repair_start,10,2,1,0,1,12
10064.059552039615,repair_finish,10,3,0,0,0,13
10068.138851323738,failure,10,2,0,0,0,12
10068.138851323738,repair_start,10,2,1,0,1,12
10069.41194908048,repair_finish,10,3,0,0,0,13
10071.694110545703,failure,10,2,0,0,0,12
10071.694110545703,repair_start,10,2,1,0,1,12
10072.464453680745,repair_finish,10,3,0,0,0,13
10076.590425340642,failure,10,2,0,0,0,12
10076.590425340642,repair_start,10,2,1,0,1,12
10076.603077518545,repair_finish,10,3,0,0,0,13
10078.195275910894,failure,10,2,0,0,0,12
10078.195275910894,repair_start,10,2,1,0,1,12
10079.025065330468,repair_finish,10,3,0,0,0,13
10084.9764917779,failure,10,2,0,0,0,12
10084.9764917779,repair_start,10,2,1,0,1,12
10085.954948885017,repair_finish,10,3,0,0,0,13
10099.775762014251,failure,10,2,0,0,0,12
10099.775762014251,repair_start,10,2,1,0,1,12
10099.79990578896,repair_finish,10,3,0,0,0,13
10119.522982951004,failure,10,2,0,0,0,12
10119.522982951004,repair_start,10,2,1,0,1,12
10119.965189315557,repair_finish,10,3,0,0,0,13
10125.348224833102,failure,10,2,0,0,0,12
10125.348224833102,repair_start,10,2,1,0,1,12
10126.453323313961,repair_finish,10,3,0,0,0,13
10127.45300659322,failure,10,2,0,0,0,12
10127.45300659322,repair_start,10,2,1,0,1,12
10127.478397252722,repair_finish,10,3,0,0,0,13
10132.452604534996,failure,10,2,0,0,0,12
10132.452604534996,repair_start,10,2,1,0,1,12
10138.481951862668,repair_finish,10,3,0,0,0,13
10159.167430845217,failure,10,2,0,0,0,12
10159.167430845217,repair_start,10,2,1,0,1,12
10159.472142445224,repair_finish,10,3,0,0,0,13
10162.863724561497,failure,10,2,0,0,0,12
10162.863724561497,repair_start,10,2,1,0,1,12
10163.559926712736,repair_finish,10,3,0,0,0,13
10169.492272556365,failure,10,2,0,0,0,12
10169.492272556365,repair_start,10,2,1,0,1,12
10169.706129054075,repair_finish,10,3,0,0,0,13
10172.231910257535,failure,10,2,0,0,0,12
10172.231910257535,repair_start,10,2,1,0,1,12
10172.926536026092,repair_finish,10,3,0,0,0,13
10192.419422195451,failure,10,2,0,0,0,12
10192.419422195451,repair_start,10,2,1,0,1,12
10192.441739584247,repair_finish,10,3,0,0,0,13
10209.283097455185,failure,10,2,0,0,0,12
10209.283097455185,repair_start,10,2,1,0,1,12
10209.786336139987,repair_finish,10,3,0,0,0,13
10210.93377224416,failure,10,2,0,0,0,12
10210.93377224416,repair_start,10,2,1,0,1,12
10212.059136820213,repair_finish,10,3,0,0,0,13
10214.503888232928,failure,10,2,0,0,0,12
10214.503888232928,repair_start,10,2,1,0,1,12
10214.908911026992,repair_finish,10,3,0,0,0,13
10215.540880431132,failure,10,2,0,0,0,12
10215.540880431132,repair_start,10,2,1,0,1,12
10215.833678376992,repair_finish,10,3,0,0,0,13
10222.252218376749,failure,10,2,0,0,0,12
10222.252218376749,repair_start,10,2,1,0,1,12
10222.301325310584,repair_finish,10,3,0,0,0,13
10235.745105118518,failure,10,2,0,0,0,12
10235.745105118518,repair_start,10,2,1,0,1,12
10236.61569336139,failure,10,1,1,0,1,11
10236.61569336139,repair_queue,10,1,2,1,1,11
10238.369830224536,failure,10,0,2,1,1,10
10238.369830224536,repair_queue,10,0,3,2,1,10
10242.34450885923,repair_finish,10,1,2,2,0,11
10242.34450885923,repair_start,10,1,2,1,1,11
10244.5599262646,repair_finish,10,2,1,1,0,12
10244.5599262646,repair_start,10,2,1,0,1,12
10245.241572179895,failure,10,1,1,0,1,11
10245.241572179895,repair_queue,10,1,2,1,1,11
10246.14258331566,repair_finish,10,2,1,1,0,12
10246.14258331566,repair_start,10,2,1,0,1,12
10246.651402027483,repair_finish,10,3,0,0,0,13
10250.055833399065,failure,10,2,0,0,0,12
10250.055833399065,repair_start,10,2,1,0,1,12
10250.729570541733,failure,10,1,1,0,1,11
10250.729570541733,repair_queue,10,1,2,1,1,11
10251.176253066445,repair_finish,10,2,1,1,0,12
10251.176253066445,repair_start,10,2,1,0,1,12
10252.169623703283,repair_finish,10,3,0,0,0,13
10263.761546905329,failure,10,2,0,0,0,12
10263.761546905329,repair_start,10,2,1,0,1,12
10264.276867205224,repair_finish,10,3,0,0,0,13
10271.274906173618,failure,10,2,0,0,0,12
10271.274906173618,repair_start,10,2,1,0,1,12
10271.388407007289,repair_finish,10,3,0,0,0,13
10274.31946912748,failure,10,2,0,0,0,12
10274.31946912748,repair_start,10,2,1,0,1,12
10276.21350198817,repair_finish,10,3,0,0,0,13
10291.44471218015,failure,10,2,0,0,0,12
10291.44471218015,repair_start,10,2,1,0,1,12
10292.28678750255,repair_finish,10,3,0,0,0,13
10304.119699429337,failure,10,2,0,0,0,12
10304.119699429337,repair_start,10,2,1,0,1,12
10304.947536540772,repair_finish,10,3,0,0,0,13
10305.06027146391,failure,10,2,0,0,0,12
10305.06027146391,repair_start,10,2,1,0,1,12
10307.580925879965,failure,10,1,1,0,1,11
10307.580925879965,repair_queue,10,1,2,1,1,11
10307.60704815372,failure,10,0,2,1,1,10
10307.60704815372,repair_queue,10,0,3,2,1,10
10309.642739898543,repair_finish,10,1,2,2,0,11
10309.642739898543,repair_start,10,1,2,1,1,11
10309.878652994288,repair_finish,10,2,1,1,0,12
10309.878652994288,repair_start,10,2,1,0,1,12
10310.02879849036,failure,10,1,1,0,1,11
10310.02879849036,repair_queue,10,1,2,1,1,11
10310.354641400218,repair_finish,10,2,1,1,0,12
10310.354641400218,repair_start,10,2,1,0,1,12
10310.695170099241,repair_finish,10,3,0,0,0,13
10320.710864272247,failure,10,2,0,0,0,12
10320.710864272247,repair_start,10,2,1,0,1,12
10320.746177223875,repair_finish,10,3,0,0,0,13
10324.669972088688,failure,10,2,0,0,0,12
10324.669972088688,repair_start,10,2,1,0,1,12
10324.888744674206,repair_finish,10,3,0,0,0,13
10336.152039110657,failure,10,2,0,0,0,12
10336.152039110657,repair_start,10,2,1,0,1,12
10337.53769299223,failure,10,1,1,0,1,11
10337.53769299223,repair_queue,10,1,2,1,1,11
10337.99254054088,repair_finish,10,2,1,1,0,12
10337.99254054088,repair_start,10,2,1,0,1,12
10338.3515281941,repair_finish,10,3,0,0,0,13
10350.45129731637,failure,10,2,0,0,0,12
10350.45129731637,repair_start,10,2,1,0,1,12
10352.688637025454,repair_finish,10,3,0,0,0,13
10357.37932817017,failure,10,2,0,0,0,12
10357.37932817017,repair_start,10,2,1,0,1,12
10357.912616645015,repair_finish,10,3,0,0,0,13
10370.296815614576,failure,10,2,0,0,0,12
10370.296815614576,repair_start,10,2,1,0,1,12
10371.494129177256,repair_finish,10,3,0,0,0,13
10418.296958960818,failure,10,2,0,0,0,12
10418.296958960818,repair_start,10,2,1,0,1,12
10420.185124350102,repair_finish,10,3,0,0,0,13
10424.95756960495,failure,10,2,0,0,0,12
10424.95756960495,repair_start,10,2,1,0,1,12
10424.98860036971,repair_finish,10,3,0,0,0,13
10461.214902253094,failure,10,2,0,0,0,12
10461.214902253094,repair_start,10,2,1,0,1,12
10461.95323304423,repair_finish,10,3,0,0,0,13
10463.733107311933,failure,10,2,0,0,0,12
10463.733107311933,repair_start,10,2,1,0,1,12
10465.632292051869,repair_finish,10,3,0,0,0,13
10485.140734025314,failure,10,2,0,0,0,12
10485.140734025314,repair_start,10,2,1,0,1,12
10485.805970988878,repair_finish,10,3,0,0,0,13
10490.95724375877,failure,10,2,0,0,0,12
10490.95724375877,repair_start,10,2,1,0,1,12
10492.225777818636,repair_finish,10,3,0,0,0,13
10492.462229074481,failure,10,2,0,0,0,12
10492.462229074481,repair_start,10,2,1,0,1,12
10493.35211438109,repair_finish,10,3,0,0,0,13
10501.039755692076,failure,10,2,0,0,0,12
10501.039755692076,repair_start,10,2,1,0,1,12
10502.988030037233,failure,10,1,1,0,1,11
10502.988030037233,repair_queue,10,1,2,1,1,11
10504.074347464239,repair_finish,10,2,1,1,0,12
10504.074347464239,repair_start,10,2,1,0,1,12
10504.441467540035,repair_finish,10,3,0,0,0,13
10511.309218307344,failure,10,2,0,0,0,12
10511.309218307344,repair_start,10,2,1,0,1,12
10512.921735131371,repair_finish,10,3,0,0,0,13
10513.447384246938,failure,10,2,0,0,0,12
10513.447384246938,repair_start,10,2,1,0,1,12
10514.247420757865,repair_finish,10,3,0,0,0,13
10514.344672763276,failure,10,2,0,0,0,12
10514.344672763276,repair_start,10,2,1,0,1,12
10514.761760573556,repair_finish,10,3,0,0,0,13
10532.883768982254,failure,10,2,0,0,0,12
10532.883768982254,repair_start,10,2,1,0,1,12
10535.671294431819,repair_finish,10,3,0,0,0,13
10543.02352972357,failure,10,2,0,0,0,12
10543.02352972357,repair_start,10,2,1,0,1,12
10543.098289996758,failure,10,1,1,0,1,11
10543.098289996758,repair_queue,10,1,2,1,1,11
10543.1669516012,repair_finish,10,2,1,1,0,12
10543.1669516012,repair_start,10,2,1,0,1,12
10543.534820660148,repair_finish,10,3,0,0,0,13
10552.751358785312,failure,10,2,0,0,0,12
10552.751358785312,repair_start,10,2,1,0,1,12
10552.858980811907,repair_finish,10,3,0,0,0,13
10566.905455496626,failure,10,2,0,0,0,12
10566.905455496626,repair_start,10,2,1,0,1,12
10567.823356400484,repair_finish,10,3,0,0,0,13
10575.948147836354,failure,10,2,0,0,0,12
10575.948147836354,repair_start,10,2,1,0,1,12
10576.154242284694,repair_finish,10,3,0,0,0,13
10579.166535563032,failure,10,2,0,0,0,12
10579.166535563032,repair_start,10,2,1,0,1,12
10580.332097711236,repair_finish,10,3,0,0,0,13
10601.263470900049,failure,10,2,0,0,0,12
10601.263470900049,repair_start,10,2,1,0,1,12
10601.99199255326,repair_finish,10,3,0,0,0,13
10615.81970080613,failure,10,2,0,0,0,12
10615.81970080613,repair_start,10,2,1,0,1,12
10616.348791396853,repair_finish,10,3,0,0,0,13
10623.832619731953,failure,10,2,0,0,0,12
10623.832619731953,repair_start,10,2,1,0,1,12
10624.806113323486,repair_finish,10,3,0,0,0,13
10624.941916034779,failure,10,2,0,0,0,12
10624.941916034779,repair_start,10,2,1,0,1,12
10625.606410824315,repair_finish,10,3,0,0,0,13
10631.618906358139,failure,10,2,0,0,0,12
10631.618906358139,repair_start,10,2,1,0,1,12
10635.354289014851,repair_finish,10,3,0,0,0,13
10641.708819199424,failure,10,2,0,0,0,12
10641.708819199424,repair_start,10,2,1,0,1,12
10642.259844988319,repair_finish,10,3,0,0,0,13
10684.462028995844,failure,10,2,0,0,0,12
10684.462028995844,repair_start,10,2,1,0,1,12
10686.009751484391,repair_finish,10,3,0,0,0,13
10687.797649592383,failure,10,2,0,0,0,12
10687.797649592383,repair_start,10,2,1,0,1,12
10688.497715974534,repair_finish,10,3,0,0,0,13
10690.181795472958,failure,10,2,0,0,0,12
10690.181795472958,repair_start,10,2,1,0,1,12
10690.246842223922,repair_finish,10,3,0,0,0,13
10696.470692464207,failure,10,2,0,0,0,12
10696.470692464207,repair_start,10,2,1,0,1,12
10697.397585274393,repair_finish,10,3,0,0,0,13
10724.170096815189,failure,10,2,0,0,0,12
10724.170096815189,repair_start,10,2,1,0,1,12
10724.310886918322,repair_finish,10,3,0,0,0,13
10760.551355702595,failure,10,2,0,0,0,12
10760.551355702595,repair_start,10,2,1,0,1,12
10760.669184035414,repair_finish,10,3,0,0,0,13
10761.22346287873,failure,10,2,0,0,0,12
10761.22346287873,repair_start,10,2,1,0,1,12
10763.427288291394,repair_finish,10,3,0,0,0,13
10763.748831586976,failure,10,2,0,0,0,12
10763.748831586976,repair_start,10,2,1,0,1,12
10765.227315089742,repair_finish,10,3,0,0,0,13
10779.58323731937,failure,10,2,0,0,0,12
10779.58323731937,repair_start,10,2,1,0,1,12
10779.648798740967,repair_finish,10,3,0,0,0,13
10781.622948600747,failure,10,2,0,0,0,12
10781.622948600747,repair_start,10,2,1,0,1,12
10781.825513492819,failure,10,1,1,0,1,11
10781.825513492819,repair_queue,10,1,2,1,1,11
10781.90850456842,repair_finish,10,2,1,1,0,12
10781.90850456842,repair_start,10,2,1,0,1,12
10782.162083937219,repair_finish,10,3,0,0,0,13
10802.147053893008,failure,10,2,0,0,0,12
10802.147053893008,repair_start,10,2,1,0,1,12
10805.818769872412,failure,10,1,1,0,1,11
10805.818769872412,repair_queue,10,1,2,1,1,11
10806.570251594256,repair_finish,10,2,1,1,0,12
10806.570251594256,repair_start,10,2,1,0,1,12
10806.9142448334,repair_finish,10,3,0,0,0,13
10813.082942056308,failure,10,2,0,0,0,12
10813.082942056308,repair_start,10,2,1,0,1,12
10813.636982322869,failure,10,1,1,0,1,11
10813.636982322869,repair_queue,10,1,2,1,1,11
10814.819346558123,repair_finish,10,2,1,1,0,12
10814.819346558123,repair_start,10,2,1,0,1,12
10815.578313161006,failure,10,1,1,0,1,11
10815.578313161006,repair_queue,10,1,2,1,1,11
10816.287197642672,repair_finish,10,2,1,1,0,12
10816.287197642672,repair_start,10,2,1,0,1,12
10817.158158699858,repair_finish,10,3,0,0,0,13
10817.234147949695,failure,10,2,0,0,0,12
10817.234147949695,repair_start,10,2,1,0,1,12
10817.946133756766,repair_finish,10,3,0,0,0,13
10832.33589342531,failure,10,2,0,0,0,12
10832.33589342531,repair_start,10,2,1,0,1,12
10832.587726930435,repair_finish,10,3,0,0,0,13
10846.947265589242,failure,10,2,0,0,0,12
10846.947265589242,repair_start,10,2,1,0,1,12
10847.396407358887,repair_finish,10,3,0,0,0,13
10857.948345035287,failure,10,2,0,0,0,12
10857.948345035287,repair_start,10,2,1,0,1,12
10858.327980707101,repair_finish,10,3,0,0,0,13
10858.810231839758,failure,10,2,0,0,0,12
10858.810231839758,repair_start,10,2,1,0,1,12
10859.668764974704,repair_finish,10,3,0,0,0,13
10860.223089309466,failure,10,2,0,0,0,12
10860.223089309466,repair_start,10,2,1,0,1,12
10860.536328107031,repair_finish,10,3,0,0,0,13
10863.788455241542,failure,10,2,0,0,0,12
10863.788455241542,repair_start,10,2,1,0,1,12
10863.805932376927,repair_finish,10,3,0,0,0,13
10868.07051806843,failure,10,2,0,0,0,12
10868.07051806843,repair_start,10,2,1,0,1,12
10869.747486708606,repair_finish,10,3,0,0,0,13
10890.191289003793,failure,10,2,0,0,0,12
10890.191289003793,repair_start,10,2,1,0,1,12
10890.206195985653,repair_finish,10,3,0,0,0,13
10902.061763273045,failure,10,2,0,0,0,12
10902.061763273045,repair_start,10,2,1,0,1,12
10902.293407748648,failure,10,1,1,0,1,11
10902.293407748648,repair_queue,10,1,2,1,1,11
10902.499082663282,repair_finish,10,2,1,1,0,12
10902.499082663282,repair_start,10,2,1,0,1,12
10902.646851915422,repair_finish,10,3,0,0,0,13
10931.347240876172,failure,10,2,0,0,0,12
10931.347240876172,repair_start,10,2,1,0,1,12
10931.502729195943,repair_finish,10,3,0,0,0,13
10945.470011254698,failure,10,2,0,0,0,12
10945.470011254698,repair_start,10,2,1,0,1,12
10946.347381283287,repair_finish,10,3,0,0,0,13
10950.780461297205,failure,10,2,0,0,0,12
10950.780461297205,repair_start,10,2,1,0,1,12
10952.59331137739,repair_finish,10,3,0,0,0,13
10958.660901610023,failure,10,2,0,0,0,12
10958.660901610023,repair_start,10,2,1,0,1,12
10958.924737473306,repair_finish,10,3,0,0,0,13
10983.44219236442,failure,10,2,0,0,0,12
10983.44219236442,repair_start,10,2,1,0,1,12
10984.608958508672,repair_finish,10,3,0,0,0,13
10987.770113546654,failure,10,2,0,0,0,12
10987.770113546654,repair_start,10,2,1,0,1,12
10988.161897444048,repair_finish,10,3,0,0,0,13
10996.674962128523,failure,10,2,0,0,0,12
10996.674962128523,repair_start,10,2,1,0,1,12
10998.26656405426,repair_finish,10,3,0,0,0,13
11020.957535998394,failure,10,2,0,0,0,12
11020.957535998394,repair_start,10,2,1,0,1,12
11021.260302603154,failure,10,1,1,0,1,11
11021.260302603154,repair_queue,10,1,2,1,1,11
11021.596485535725,repair_finish,10,2,1,1,0,12
11021.596485535725,repair_start,10,2,1,0,1,12
11022.206985561492,repair_finish,10,3,0,0,0,13
11022.352891095812,failure,10,2,0,0,0,12
11022.352891095812,repair_start,10,2,1,0,1,12
11026.338597946442,repair_finish,10,3,0,0,0,13
11027.11121682348,failure,10,2,0,0,0,12
11027.11121682348,repair_start,10,2,1,0,1,12
11027.478959858672,repair_finish,10,3,0,0,0,13
11031.474888603994,failure,10,2,0,0,0,12
11031.474888603994,repair_start,10,2,1,0,1,12
11033.387408448574,repair_finish,10,3,0,0,0,13
11042.280886120721,failure,10,2,0,0,0,12
11042.280886120721,repair_start,10,2,1,0,1,12
11045.205364320358,repair_finish,10,3,0,0,0,13
11054.219901742752,failure,10,2,0,0,0,12
11054.219901742752,repair_start,10,2,1,0,1,12
11056.143297380782,repair_finish,10,3,0,0,0,13
11060.591520266888,failure,10,2,0,0,0,12
11060.591520266888,repair_start,10,2,1,0,1,12
11060.787358823854,repair_finish,10,3,0,0,0,13
11068.007595093975,failure,10,2,0,0,0,12
11068.007595093975,repair_start,10,2,1,0,1,12
11068.139939686218,repair_finish,10,3,0,0,0,13
11099.791449015655,failure,10,2,0,0,0,12
11099.791449015655,repair_start,10,2,1,0,1,12
11100.662540314723,repair_finish,10,3,0,0,0,13
11102.293106029292,failure,10,2,0,0,0,12
11102.293106029292,repair_start,10,2,1,0,1,12
11104.36073401609,repair_finish,10,3,0,0,0,13
11121.387640836712,failure,10,2,0,0,0,12
11121.387640836712,repair_start,10,2,1,0,1,12
11121.496637889233,failure,10,1,1,0,1,11
11121.496637889233,repair_queue,10,1,2,1,1,11
11121.691968934367,failure,10,0,2,1,1,10
11121.691968934367,repair_queue,10,0,3,2,1,10
11122.278823251185,repair_finish,10,1,2,2,0,11
11122.278823251185,repair_start,10,1,2,1,1,11
11122.734176523982,failure,10,0,2,1,1,10
11122.734176523982,repair_queue,10,0,3,2,1,10
11123.451554737503,repair_finish,10,1,2,2,0,11
11123.451554737503,repair_start,10,1,2,1,1,11
11125.105571754335,repair_finish,10,2,1,1,0,12
11125.105571754335,repair_start,10,2,1,0,1,12
11125.857938597599,repair_finish,10,3,0,0,0,13
11145.105441427228,failure,10,2,0,0,0,12
11145.105441427228,repair_start,10,2,1,0,1,12
11146.13167672714,failure,10,1,1,0,1,11
11146.13167672714,repair_queue,10,1,2,1,1,11
11146.149081096042,repair_finish,10,2,1,1,0,12
11146.149081096042,repair_start,10,2,1,0,1,12
11147.438865386159,failure,10,1,1,0,1,11
11147.438865386159,repair_queue,10,1,2,1,1,11
11148.348271289022,repair_finish,10,2,1,1,0,12
11148.348271289022,repair_start,10,2,1,0,1,12
11149.330563030075,repair_finish,10,3,0,0,0,13
11154.90405301763,failure,10,2,0,0,0,12
11154.90405301763,repair_start,10,2,1,0,1,12
11155.217277912423,repair_finish,10,3,0,0,0,13
11158.222514788005,failure,10,2,0,0,0,12
11158.222514788005,repair_start,10,2,1,0,1,12
11159.655264686513,repair_finish,10,3,0,0,0,13
11163.216203253776,failure,10,2,0,0,0,12
11163.216203253776,repair_start,10,2,1,0,1,12
11164.111566577018,failure,10,1,1,0,1,11
11164.111566577018,repair_queue,10,1,2,1,1,11
11165.218601737432,repair_finish,10,2,1,1,0,12
11165.218601737432,repair_start,10,2,1,0,1,12
11166.991272165376,repair_finish,10,3,0,0,0,13
11177.331666184462,failure,10,2,0,0,0,12
11177.331666184462,repair_start,10,2,1,0,1,12
11177.596304058989,repair_finish,10,3,0,0,0,13
11180.252622576012,failure,10,2,0,0,0,12
11180.252622576012,repair_start,10,2,1,0,1,12
11180.442546180333,repair_finish,10,3,0,0,0,13
11191.49337294187,failure,10,2,0,0,0,12
11191.49337294187,repair_start,10,2,1,0,1,12
11191.765768140038,repair_finish,10,3,0,0,0,13
11193.109744097304,failure,10,2,0,0,0,12
11193.109744097304,repair_start,10,2,1,0,1,12
11193.64437492905,failure,10,1,1,0,1,11
11193.64437492905,repair_queue,10,1,2,1,1,11
11195.120636120588,repair_finish,10,2,1,1,0,12
11195.120636120588,repair_start,10,2,1,0,1,12
11195.55846537004,repair_finish,10,3,0,0,0,13
11200.978461965648,failure,10,2,0,0,0,12
11200.978461965648,repair_start,10,2,1,0,1,12
11201.2290791462,failure,10,1,1,0,1,11
11201.2290791462,repair_queue,10,1,2,1,1,11
11201.4385793368,repair_finish,10,2,1,1,0,12
11201.4385793368,repair_start,10,2,1,0,1,12
11201.5681905153,repair_finish,10,3,0,0,0,13
11208.574496042675,failure,10,2,0,0,0,12
11208.574496042675,repair_start,10,2,1,0,1,12
11210.336397766538,repair_finish,10,3,0,0,0,13
11244.042872993978,failure,10,2,0,0,0,12
11244.042872993978,repair_start,10,2,1,0,1,12
11244.483466503843,repair_finish,10,3,0,0,0,13
11244.667054993284,failure,10,2,0,0,0,12
11244.667054993284,repair_start,10,2,1,0,1,12
11246.082655408234,repair_finish,10,3,0,0,0,13
11252.472558217858,failure,10,2,0,0,0,12
11252.472558217858,repair_start,10,2,1,0,1,12
11252.86387632113,repair_finish,10,3,0,0,0,13
11275.519197152329,failure,10,2,0,0,0,12
11275.519197152329,repair_start,10,2,1,0,1,12
11276.597317028152,repair_finish,10,3,0,0,0,13
11294.751715162081,failure,10,2,0,0,0,12
11294.751715162081,repair_start,10,2,1,0,1,12
11295.438366324874,repair_finish,10,3,0,0,0,13
11300.223778512276,failure,10,2,0,0,0,12
11300.223778512276,repair_start,10,2,1,0,1,12
11300.347055916154,repair_finish,10,3,0,0,0,13
11316.507527918617,failure,10,2,0,0,0,12
11316.507527918617,repair_start,10,2,1,0,1,12
11316.774196826147,repair_finish,10,3,0,0,0,13
11334.282003570228,failure,10,2,0,0,0,12
11334.282003570228,repair_start,10,2,1,0,1,12
11334.94899422291,repair_finish,10,3,0,0,0,13
11340.980393715508,failure,10,2,0,0,0,12
11340.980393715508,repair_start,10,2,1,0,1,12
11342.78530006264,repair_finish,10,3,0,0,0,13
11348.04191221997,failure,10,2,0,0,0,12
11348.04191221997,repair_start,10,2,1,0,1,12
11349.30129646631,repair_finish,10,3,0,0,0,13
11353.426404409454,failure,10,2,0,0,0,12
11353.426404409454,repair_start,10,2,1,0,1,12
11354.361619542502,repair_finish,10,3,0,0,0,13
11359.668978000223,failure,10,2,0,0,0,12
11359.668978000223,repair_start,10,2,1,0,1,12
11360.720946899806,repair_finish,10,3,0,0,0,13
11360.981573911158,failure,10,2,0,0,0,12
11360.981573911158,repair_start,10,2,1,0,1,12
11361.287098475163,repair_finish,10,3,0,0,0,13
11383.031262788181,failure,10,2,0,0,0,12
11383.031262788181,repair_start,10,2,1,0,1,12
11384.014458706512,repair_finish,10,3,0,0,0,13
11390.91872978737,failure,10,2,0,0,0,12
11390.91872978737,repair_start,10,2,1,0,1,12
11392.270526935841,repair_finish,10,3,0,0,0,13
11394.669482388144,failure,10,2,0,0,0,12
11394.669482388144,repair_start,10,2,1,0,1,12
11395.438103454519,failure,10,1,1,0,1,11
11395.438103454519,repair_queue,10,1,2,1,1,11
11395.666076025595,repair_finish,10,2,1,1,0,12
11395.666076025595,repair_start,10,2,1,0,1,12
11395.902268615591,repair_finish,10,3,0,0,0,13
11406.385412644158,failure,10,2,0,0,0,12
11406.385412644158,repair_start,10,2,1,0,1,12
11406.743495329483,repair_finish,10,3,0,0,0,13
11431.072393579769,failure,10,2,0,0,0,12
11431.072393579769,repair_start,10,2,1,0,1,12
11431.295203393185,failure,10,1,1,0,1,11
11431.295203393185,repair_queue,10,1,2,1,1,11
11431.340690358551,repair_finish,10,2,1,1,0,12
11431.340690358551,repair_start,10,2,1,0,1,12
11432.729123923296,repair_finish,10,3,0,0,0,13
11463.564765895782,failure,10,2,0,0,0,12
11463.564765895782,repair_start,10,2,1,0,1,12
11464.80399800554,repair_finish,10,3,0,0,0,13
11473.78778458099,failure,10,2,0,0,0,12
11473.78778458099,repair_start,10,2,1,0,1,12
11474.059482029801,repair_finish,10,3,0,0,0,13
11483.250968783257,failure,10,2,0,0,0,12
11483.250968783257,repair_start,10,2,1,0,1,12
11484.00140032491,repair_finish,10,3,0,0,0,13
11493.403465239002,failure,10,2,0,0,0,12
11493.403465239002,repair_start,10,2,1,0,1,12
11493.66094103366,repair_finish,10,3,0,0,0,13
11502.758327988338,failure,10,2,0,0,0,12
11502.758327988338,repair_start,10,2,1,0,1,12
11503.520257064383,repair_finish,10,3,0,0,0,13
11509.492831860565,failure,10,2,0,0,0,12
11509.492831860565,repair_start,10,2,1,0,1,12
11509.903300323536,repair_finish,10,3,0,0,0,13
11515.08028222433,failure,10,2,0,0,0,12
11515.08028222433,repair_start,10,2,1,0,1,12
11515.565631542748,repair_finish,10,3,0,0,0,13
11518.594859012976,failure,10,2,0,0,0,12
11518.594859012976,repair_start,10,2,1,0,1,12
11518.613302685722,repair_finish,10,3,0,0,0,13
11519.673833941382,failure,10,2,0,0,0,12
11519.673833941382,repair_start,10,2,1,0,1,12
11522.990144329113,repair_finish,10,3,0,0,0,13
11541.239454786999,failure,10,2,0,0,0,12
11541.239454786999,repair_start,10,2,1,0,1,12
11544.048027787458,repair_finish,10,3,0,0,0,13
11544.489686376393,failure,10,2,0,0,0,12
11544.489686376393,repair_start,10,2,1,0,1,12
11545.16966317949,repair_finish,10,3,0,0,0,13
11547.232302904637,failure,10,2,0,0,0,12
11547.232302904637,repair_start,10,2,1,0,1,12
11549.063124374665,repair_finish,10,3,0,0,0,13
11549.319482845573,failure,10,2,0,0,0,12
11549.319482845573,repair_start,10,2,1,0,1,12
11549.95629271102,repair_finish,10,3,0,0,0,13
11552.309085990413,failure,10,2,0,0,0,12
11552.309085990413,repair_start,10,2,1,0,1,12
11554.700995355724,repair_finish,10,3,0,0,0,13
11566.4847841574,failure,10,2,0,0,0,12
11566.4847841574,repair_start,10,2,1,0,1,12
11567.220301000618,repair_finish,10,3,0,0,0,13
11572.308012984779,failure,10,2,0,0,0,12
11572.308012984779,repair_start,10,2,1,0,1,12
11573.005153941072,repair_finish,10,3,0,0,0,13
11583.219172640567,failure,10,2,0,0,0,12
11583.219172640567,repair_start,10,2,1,0,1,12
11584.049752346136,repair_finish,10,3,0,0,0,13
11595.890203257628,failure,10,2,0,0,0,12
11595.890203257628,repair_start,10,2,1,0,1,12
11596.736129836634,failure,10,1,1,0,1,11
11596.736129836634,repair_queue,10,1,2,1,1,11
11597.765894425746,repair_finish,10,2,1,1,0,12
11597.765894425746,repair_start,10,2,1,0,1,12
11598.382487056175,failure,10,1,1,0,1,11
11598.382487056175,repair_queue,10,1,2,1,1,11
11598.967122126678,repair_finish,10,2,1,1,0,12
11598.967122126678,repair_start,10,2,1,0,1,12
11602.107093381786,repair_finish,10,3,0,0,0,13
11614.801797023489,failure,10,2,0,0,0,12
11614.801797023489,repair_start,10,2,1,0,1,12
11616.698985713667,repair_finish,10,3,0,0,0,13
11622.234597277999,failure,10,2,0,0,0,12
11622.234597277999,repair_start,10,2,1,0,1,12
11622.78502797079,repair_finish,10,3,0,0,0,13
11649.028389668138,failure,10,2,0,0,0,12
11649.028389668138,repair_start,10,2,1,0,1,12
11649.495701056743,repair_finish,10,3,0,0,0,13
11662.90273773908,failure,10,2,0,0,0,12
11662.90273773908,repair_start,10,2,1,0,1,12
11666.002289798467,repair_finish,10,3,0,0,0,13
11675.133200800694,failure,10,2,0,0,0,12
11675.133200800694,repair_start,10,2,1,0,1,12
11676.452786044616,repair_finish,10,3,0,0,0,13
11683.907208860082,failure,10,2,0,0,0,12
11683.907208860082,repair_start,10,2,1,0,1,12
11685.197235177817,repair_finish,10,3,0,0,0,13
11727.892721874892,failure,10,2,0,0,0,12
11727.892721874892,repair_start,10,2,1,0,1,12
11729.618031159198,repair_finish,10,3,0,0,0,13
11736.52865093944,failure,10,2,0,0,0,12
11736.52865093944,repair_start,10,2,1,0,1,12
11737.672463506326,repair_finish,10,3,0,0,0,13
11742.241174378301,failure,10,2,0,0,0,12
11742.241174378301,repair_start,10,2,1,0,1,12
11743.666769166266,repair_finish,10,3,0,0,0,13
11756.285299726058,failure,10,2,0,0,0,12
11756.285299726058,repair_start,10,2,1,0,1,12
11758.032268054389,repair_finish,10,3,0,0,0,13
11761.926368827708,failure,10,2,0,0,0,12
11761.926368827708,repair_start,10,2,1,0,1,12
11762.246040522581,failure,10,1,1,0,1,11
11762.246040522581,repair_queue,10,1,2,1,1,11
11763.216909869765,repair_finish,10,2,1,1,0,12
11763.216909869765,repair_start,10,2,1,0,1,12
11764.335787561135,repair_finish,10,3,0,0,0,13
11766.228322315628,failure,10,2,0,0,0,12
11766.228322315628,repair_start,10,2,1,0,1,12
11766.808955978437,repair_finish,10,3,0,0,0,13
11778.209795866822,failure,10,2,0,0,0,12
11778.209795866822,repair_start,10,2,1,0,1,12
11778.26533080654,repair_finish,10,3,0,0,0,13
11778.498916603736,failure,10,2,0,0,0,12
11778.498916603736,repair_start,10,2,1,0,1,12
11779.054717134331,repair_finish,10,3,0,0,0,13
11780.003647141359,failure,10,2,0,0,0,12
11780.003647141359,repair_start,10,2,1,0,1,12
11780.142059330392,repair_finish,10,3,0,0,0,13
11785.456868274674,failure,10,2,0,0,0,12
11785.456868274674,repair_start,10,2,1,0,1,12
11786.89926969869,failure,10,1,1,0,1,11
11786.89926969869,repair_queue,10,1,2,1,1,11
11788.921557956919,repair_finish,10,2,1,1,0,12
11788.921557956919,repair_start,10,2,1,0,1,12
11789.297486833455,failure,10,1,1,0,1,11
11789.297486833455,repair_queue,10,1,2,1,1,11
11790.365594464822,repair_finish,10,2,1,1,0,12
11790.365594464822,repair_start,10,2,1,0,1,12
11791.211106735003,repair_finish,10,3,0,0,0,13
11806.279438123787,failure,10,2,0,0,0,12
11806.279438123787,repair_start,10,2,1,0,1,12
11806.522560600843,repair_finish,10,3,0,0,0,13
11821.701418100272,failure,10,2,0,0,0,12
11821.701418100272,repair_start,10,2,1,0,1,12
11822.922483987242,repair_finish,10,3,0,0,0,13
11823.048079096023,failure,10,2,0,0,0,12
11823.048079096023,repair_start,10,2,1,0,1,12
11823.697052932977,repair_finish,10,3,0,0,0,13
11823.922917190182,failure,10,2,0,0,0,12
11823.922917190182,repair_start,10,2,1,0,1,12
11826.481044408127,repair_finish,10,3,0,0,0,13
11843.241554778557,failure,10,2,0,0,0,12
11843.241554778557,repair_start,10,2,1,0,1,12
11846.215228842299,repair_finish,10,3,0,0,0,13
11852.70982366283,failure,10,2,0,0,0,12
11852.70982366283,repair_start,10,2,1,0,1,12
11852.938740782623,repair_finish,10,3,0,0,0,13
11862.132324069406,failure,10,2,0,0,0,12
11862.132324069406,repair_start,10,2,1,0,1,12
11862.22372929153,failure,10,1,1,0,1,11
11862.22372929153,repair_queue,10,1,2,1,1,11
11863.0364913148,repair_finish,10,2,1,1,0,12
11863.0364913148,repair_start,10,2,1,0,1,12
11863.496485237343,repair_finish,10,3,0,0,0,13
11867.298161133405,failure,10,2,0,0,0,12
11867.298161133405,repair_start,10,2,1,0,1,12
11867.86284691278,repair_finish,10,3,0,0,0,13
11872.8842920374,failure,10,2,0,0,0,12
11872.8842920374,repair_start,10,2,1,0,1,12
11873.014691034099,repair_finish,10,3,0,0,0,13
11881.401832793665,failure,10,2,0,0,0,12
11881.401832793665,repair_start,10,2,1,0,1,12
11881.727437736923,repair_finish,10,3,0,0,0,13
11916.208474387307,failure,10,2,0,0,0,12
11916.208474387307,repair_start,10,2,1,0,1,12
11916.410803091383,repair_finish,10,3,0,0,0,13
11918.987773714807,failure,10,2,0,0,0,12
11918.987773714807,repair_start,10,2,1,0,1,12
11919.066116196334,failure,10,1,1,0,1,11
11919.066116196334,repair_queue,10,1,2,1,1,11
11919.41593640853,repair_finish,10,2,1,1,0,12
11919.41593640853,repair_start,10,2,1,0,1,12
11919.765906377348,repair_finish,10,3,0,0,0,13
11937.652703799411,failure,10,2,0,0,0,12
11937.652703799411,repair_start,10,2,1,0,1,12
11938.399820310415,failure,10,1,1,0,1,11
11938.399820310415,repair_queue,10,1,2,1,1,11
11938.523566236392,repair_finish,10,2,1,1,0,12
11938.523566236392,repair_start,10,2,1,0,1,12
11941.506217827462,repair_finish,10,3,0,0,0,13
11958.752323385592,failure,10,2,0,0,0,12
11958.752323385592,repair_start,10,2,1,0,1,12
11959.599507220468,repair_finish,10,3,0,0,0,13
11970.95067537717,failure,10,2,0,0,0,12
11970.95067537717,repair_start,10,2,1,0,1,12
11971.979935422913,repair_finish,10,3,0,0,0,13
11972.979890309218,failure,10,2,0,0,0,12
11972.979890309218,repair_start,10,2,1,0,1,12
11975.032338173853,repair_finish,10,3,0,0,0,13
11981.299931749993,failure,10,2,0,0,0,12
11981.299931749993,repair_start,10,2,1,0,1,12
11981.479332276127,repair_finish,10,3,0,0,0,13
12038.8212057804,failure,10,2,0,0,0,12
12038.8212057804,repair_start,10,2,1,0,1,12
12039.063973602766,repair_finish,10,3,0,0,0,13
12092.78462172916,failure,10,2,0,0,0,12
12092.78462172916,repair_start,10,2,1,0,1,12
12093.176317557312,repair_finish,10,3,0,0,0,13
12093.214960824906,failure,10,2,0,0,0,12
12093.214960824906,repair_start,10,2,1,0,1,12
12093.563051507415,repair_finish,10,3,0,0,0,13
12096.440964545314,failure,10,2,0,0,0,12
12096.440964545314,repair_start,10,2,1,0,1,12
12098.941264122315,repair_finish,10,3,0,0,0,13
12099.922236283071,failure,10,2,0,0,0,12
12099.922236283071,repair_start,10,2,1,0,1,12
12100.812233761046,repair_finish,10,3,0,0,0,13
12101.305790705577,failure,10,2,0,0,0,12
12101.305790705577,repair_start,10,2,1,0,1,12
12101.71472027863,repair_finish,10,3,0,0,0,13
12109.753646011017,failure,10,2,0,0,0,12
12109.753646011017,repair_start,10,2,1,0,1,12
12113.116883984316,repair_finish,10,3,0,0,0,13
12115.390038817968,failure,10,2,0,0,0,12
12115.390038817968,repair_start,10,2,1,0,1,12
12117.146702326656,repair_finish,10,3,0,0,0,13
12126.523013791513,failure,10,2,0,0,0,12
12126.523013791513,repair_start,10,2,1,0,1,12
12126.714115476998,repair_finish,10,3,0,0,0,13
12130.206980045674,failure,10,2,0,0,0,12
12130.206980045674,repair_start,10,2,1,0,1,12
12135.318769088406,repair_finish,10,3,0,0,0,13
12142.075840433637,failure,10,2,0,0,0,12
12142.075840433637,repair_start,10,2,1,0,1,12
12142.897684171516,repair_finish,10,3,0,0,0,13
12156.675635967478,failure,10,2,0,0,0,12
12156.675635967478,repair_start,10,2,1,0,1,12
12156.84078690417,repair_finish,10,3,0,0,0,13
12158.5734568716,failure,10,2,0,0,0,12
12158.5734568716,repair_start,10,2,1,0,1,12
12159.633277315224,repair_finish,10,3,0,0,0,13
12161.02428764432,failure,10,2,0,0,0,12
12161.02428764432,repair_start,10,2,1,0,1,12
12161.162174125999,repair_finish,10,3,0,0,0,13
12166.745559547404,failure,10,2,0,0,0,12
12166.745559547404,repair_start,10,2,1,0,1,12
12167.059833715726,repair_finish,10,3,0,0,0,13
12173.496193472583,failure,10,2,0,0,0,12
12173.496193472583,repair_start,10,2,1,0,1,12
12173.767938307748,repair_finish,10,3,0,0,0,13
12187.29116261535,failure,10,2,0,0,0,12
12187.29116261535,repair_start,10,2,1,0,1,12
12187.566263173634,repair_finish,10,3,0,0,0,13
12197.899083914685,failure,10,2,0,0,0,12
12197.899083914685,repair_start,10,2,1,0,1,12
12198.939562452848,repair_finish,10,3,0,0,0,13
12199.717456062006,failure,10,2,0,0,0,12
12199.717456062006,repair_start,10,2,1,0,1,12
12201.531356290541,repair_finish,10,3,0,0,0,13
12235.939675056708,failure,10,2,0,0,0,12
12235.939675056708,repair_start,10,2,1,0,1,12
12237.81341866354,repair_finish,10,3,0,0,0,13
12268.643148746847,failure,10,2,0,0,0,12
12268.643148746847,repair_start,10,2,1,0,1,12
12268.683041529228,repair_finish,10,3,0,0,0,13
12273.003074147657,failure,10,2,0,0,0,12
12273.003074147657,repair_start,10,2,1,0,1,12
12273.958324739244,repair_finish,10,3,0,0,0,13
12303.359205936056,failure,10,2,0,0,0,12
12303.359205936056,repair_start,10,2,1,0,1,12
12303.623537734851,repair_finish,10,3,0,0,0,13
12321.300729904671,failure,10,2,0,0,0,12
12321.300729904671,repair_start,10,2,1,0,1,12
12321.487481422446,repair_finish,10,3,0,0,0,13
12343.330851328385,failure,10,2,0,0,0,12
12343.330851328385,repair_start,10,2,1,0,1,12
12343.740681260804,repair_finish,10,3,0,0,0,13
12349.878381032655,failure,10,2,0,0,0,12
12349.878381032655,repair_start,10,2,1,0,1,12
12350.433806777639,repair_finish,10,3,0,0,0,13
12351.502429593402,failure,10,2,0,0,0,12
12351.502429593402,repair_start,10,2,1,0,1,12
12352.236285459447,repair_finish,10,3,0,0,0,13
12355.93027520303,failure,10,2,0,0,0,12
12355.93027520303,repair_start,10,2,1,0,1,12
12357.038940612789,repair_finish,10,3,0,0,0,13
12360.303308783235,failure,10,2,0,0,0,12
12360.303308783235,repair_start,10,2,1,0,1,12
12363.210820402464,repair_finish,10,3,0,0,0,13
12367.017016816919,failure,10,2,0,0,0,12
12367.017016816919,repair_start,10,2,1,0,1,12
12367.494286374547,repair_finish,10,3,0,0,0,13
12371.599880857986,failure,10,2,0,0,0,12
12371.599880857986,repair_start,10,2,1,0,1,12
12372.203790525906,repair_finish,10,3,0,0,0,13
12374.199296198634,failure,10,2,0,0,0,12
12374.199296198634,repair_start,10,2,1,0,1,12
12374.445759852812,repair_finish,10,3,0,0,0,13
12394.38300409512,failure,10,2,0,0,0,12
12394.38300409512,repair_start,10,2,1,0,1,12
12394.449502738806,failure,10,1,1,0,1,11
12394.449502738806,repair_queue,10,1,2,1,1,11
12396.05427259061,repair_finish,10,2,1,1,0,12
12396.05427259061,repair_start,10,2,1,0,1,12
12398.118584016322,repair_finish,10,3,0,0,0,13
12422.127536750442,failure,10,2,0,0,0,12
12422.127536750442,repair_start,10,2,1,0,1,12
12424.050316265819,repair_finish,10,3,0,0,0,13
12436.182897917506,failure,10,2,0,0,0,12
12436.182897917506,repair_start,10,2,1,0,1,12
12436.201731292449,repair_finish,10,3,0,0,0,13
12438.213909869084,failure,10,2,0,0,0,12
12438.213909869084,repair_start,10,2,1,0,1,12
12439.479246521285,repair_finish,10,3,0,0,0,13
12441.94629120273,failure,10,2,0,0,0,12
12441.94629120273,repair_start,10,2,1,0,1,12
12443.565322253042,repair_finish,10,3,0,0,0,13
12480.47434268168,failure,10,2,0,0,0,12
12480.47434268168,repair_start,10,2,1,0,1,12
12481.096664418055,repair_finish,10,3,0,0,0,13
12497.470207525026,failure,10,2,0,0,0,12
12497.470207525026,repair_start,10,2,1,0,1,12
12498.095543146546,repair_finish,10,3,0,0,0,13
12501.730991362216,failure,10,2,0,0,0,12
12501.730991362216,repair_start,10,2,1,0,1,12
12501.810113633277,repair_finish,10,3,0,0,0,13
12507.220488395775,failure,10,2,0,0,0,12
12507.220488395775,repair_start,10,2,1,0,1,12
12507.478916692417,failure,10,1,1,0,1,11
12507.478916692417,repair_queue,10,1,2,1,1,11
12507.619503387194,repair_finish,10,2,1,1,0,12
12507.619503387194,repair_start,10,2,1,0,1,12
12507.64898318858,repair_finish,10,3,0,0,0,13
12513.904883109917,failure,10,2,0,0,0,12
12513.904883109917,repair_start,10,2,1,0,1,12
12514.146757068016,repair_finish,10,3,0,0,0,13
12515.379838873201,failure,10,2,0,0,0,12
12515.379838873201,repair_start,10,2,1,0,1,12
12515.793369486462,repair_finish,10,3,0,0,0,13
12526.716939446926,failure,10,2,0,0,0,12
12526.716939446926,repair_start,10,2,1,0,1,12
12527.286393927785,repair_finish,10,3,0,0,0,13
12530.909800182184,failure,10,2,0,0,0,12
12530.909800182184,repair_start,10,2,1,0,1,12
12532.384697960835,repair_finish,10,3,0,0,0,13
12537.801991203249,failure,10,2,0,0,0,12
12537.801991203249,repair_start,10,2,1,0,1,12
12538.333336629112,failure,10,1,1,0,1,11
12538.333336629112,repair_queue,10,1,2,1,1,11
12539.236373657523,repair_finish,10,2,1,1,0,12
12539.236373657523,repair_start,10,2,1,0,1,12
12541.99367439649,repair_finish,10,3,0,0,0,13
12549.142031410216,failure,10,2,0,0,0,12
12549.142031410216,repair_start,10,2,1,0,1,12
12551.274006937927,repair_finish,10,3,0,0,0,13
12556.090465939616,failure,10,2,0,0,0,12
12556.090465939616,repair_start,10,2,1,0,1,12
12556.172196010517,repair_finish,10,3,0,0,0,13
12557.532048624415,failure,10,2,0,0,0,12
12557.532048624415,repair_start,10,2,1,0,1,12
12557.801585258372,repair_finish,10,3,0,0,0,13
12564.935960914705,failure,10,2,0,0,0,12
12564.935960914705,repair_start,10,2,1,0,1,12
12565.912500881677,repair_finish,10,3,0,0,0,13
12571.776589901152,failure,10,2,0,0,0,12
12571.776589901152,repair_start,10,2,1,0,1,12
12571.810362666032,repair_finish,10,3,0,0,0,13
12594.1175650365,failure,10,2,0,0,0,12
12594.1175650365,repair_start,10,2,1,0,1,12
12594.473742130673,repair_finish,10,3,0,0,0,13
12597.595692506302,failure,10,2,0,0,0,12
12597.595692506302,repair_start,10,2,1,0,1,12
12599.725016952767,repair_finish,10,3,0,0,0,13
12599.758080779107,failure,10,2,0,0,0,12
12599.758080779107,repair_start,10,2,1,0,1,12
12600.241329946613,repair_finish,10,3,0,0,0,13
12619.962290706728,failure,10,2,0,0,0,12
12619.962290706728,repair_start,10,2,1,0,1,12
12625.55192219227,repair_finish,10,3,0,0,0,13
12626.262471442842,failure,10,2,0,0,0,12
12626.262471442842,repair_start,10,2,1,0,1,12
12629.741523961751,repair_finish,10,3,0,0,0,13
12674.624711588958,failure,10,2,0,0,0,12
12674.624711588958,repair_start,10,2,1,0,1,12
12675.269425360282,repair_finish,10,3,0,0,0,13
12684.897150884748,failure,10,2,0,0,0,12
12684.897150884748,repair_start,10,2,1,0,1,12
12685.66739548174,failure,10,1,1,0,1,11
12685.66739548174,repair_queue,10,1,2,1,1,11
12687.843659478458,repair_finish,10,2,1,1,0,12
12687.843659478458,repair_start,10,2,1,0,1,12
12689.87749075189,repair_finish,10,3,0,0,0,13
12699.514540099422,failure,10,2,0,0,0,12
12699.514540099422,repair_start,10,2,1,0,1,12
12700.87393378927,failure,10,1,1,0,1,11
12700.87393378927,repair_queue,10,1,2,1,1,11
12701.215813717497,repair_finish,10,2,1,1,0,12
12701.215813717497,repair_start,10,2,1,0,1,12
12701.626579756241,repair_finish,10,3,0,0,0,13
12714.210232391395,failure,10,2,0,0,0,12
12714.210232391395,repair_start,10,2,1,0,1,12
12715.881412068726,repair_finish,10,3,0,0,0,13
12721.085714982313,failure,10,2,0,0,0,12
12721.085714982313,repair_start,10,2,1,0,1,12
12721.433602452076,repair_finish,10,3,0,0,0,13
12736.16956372008,failure,10,2,0,0,0,12
12736.16956372008,repair_start,10,2,1,0,1,12
12736.334865162238,repair_finish,10,3,0,0,0,13
12740.294758573176,failure,10,2,0,0,0,12
12740.294758573176,repair_start,10,2,1,0,1,12
12740.376359554004,failure,10,1,1,0,1,11
12740.376359554004,repair_queue,10,1,2,1,1,11
12740.986664853388,repair_finish,10,2,1,1,0,12
12740.986664853388,repair_start,10,2,1,0,1,12
12741.494938673633,repair_finish,10,3,0,0,0,13
12748.792851319022,failure,10,2,0,0,0,12
12748.792851319022,repair_start,10,2,1,0,1,12
12749.158267101782,repair_finish,10,3,0,0,0,13
12764.808985899137,failure,10,2,0,0,0,12
12764.808985899137,repair_start,10,2,1,0,1,12
12765.107693878299,repair_finish,10,3,0,0,0,13
12785.012329769765,failure,10,2,0,0,0,12
12785.012329769765,repair_start,10,2,1,0,1,12
12786.30654185973,repair_finish,10,3,0,0,0,13
12809.869668447865,failure,10,2,0,0,0,12
12809.869668447865,repair_start,10,2,1,0,1,12
12810.179297209193,repair_finish,10,3,0,0,0,13
12810.62149247488,failure,10,2,0,0,0,12
12810.62149247488,repair_start,10,2,1,0,1,12
12814.06654938064,repair_finish,10,3,0,0,0,13
12821.661005041662,failure,10,2,0,0,0,12
12821.661005041662,repair_start,10,2,1,0,1,12
12822.666164297205,repair_finish,10,3,0,0,0,13
12844.553185336714,failure,10,2,0,0,0,12
12844.553185336714,repair_start,10,2,1,0,1,12
12844.57032613596,repair_finish,10,3,0,0,0,13
12867.247981034201,failure,10,2,0,0,0,12
12867.247981034201,repair_start,10,2,1,0,1,12
12868.856928784631,repair_finish,10,3,0,0,0,13
12880.42119429085,failure,10,2,0,0,0,12
12880.42119429085,repair_start,10,2,1,0,1,12
12881.811838015434,repair_finish,10,3,0,0,0,13
12882.458753460109,failure,10,2,0,0,0,12
12882.458753460109,repair_start,10,2,1,0,1,12
12883.254831881115,repair_finish,10,3,0,0,0,13
12885.250155403437,failure,10,2,0,0,0,12
12885.250155403437,repair_start,10,2,1,0,1,12
12886.215278459513,repair_finish,10,3,0,0,0,13
12908.066149115364,failure,10,2,0,0,0,12
12908.066149115364,repair_start,10,2,1,0,1,12
12908.441050233321,repair_finish,10,3,0,0,0,13
12920.199068397693,failure,10,2,0,0,0,12
12920.199068397693,repair_start,10,2,1,0,1,12
12920.909335535129,repair_finish,10,3,0,0,0,13
12926.579565960747,failure,10,2,0,0,0,12
12926.579565960747,repair_start,10,2,1,0,1,12
12927.847891031555,failure,10,1,1,0,1,11
12927.847891031555,repair_queue,10,1,2,1,1,11
12932.419415465834,repair_finish,10,2,1,1,0,12
12932.419415465834,repair_start,10,2,1,0,1,12
12932.859602890458,repair_finish,10,3,0,0,0,13
12932.992423065765,failure,10,2,0,0,0,12
12932.992423065765,repair_start,10,2,1,0,1,12
12933.066277613283,repair_finish,10,3,0,0,0,13
12933.909466101542,failure,10,2,0,0,0,12
12933.909466101542,repair_start,10,2,1,0,1,12
12934.759969703788,repair_finish,10,3,0,0,0,13
12955.300448763699,failure,10,2,0,0,0,12
12955.300448763699,repair_start,10,2,1,0,1,12
12955.406886605148,repair_finish,10,3,0,0,0,13
12956.141035021252,failure,10,2,0,0,0,12
12956.141035021252,repair_start,10,2,1,0,1,12
12956.634053756132,repair_finish,10,3,0,0,0,13
12958.796825110723,failure,10,2,0,0,0,12
12958.796825110723,repair_start,10,2,1,0,1,12
12962.775793549265,repair_finish,10,3,0,0,0,13
12990.924988041828,failure,10,2,0,0,0,12
12990.924988041828,repair_start,10,2,1,0,1,12
12991.487156636567,failure,10,1,1,0,1,11
12991.487156636567,repair_queue,10,1,2,1,1,11
12991.902854395385,repair_finish,10,2,1,1,0,12
12991.902854395385,repair_start,10,2,1,0,1,12
12993.684762851986,repair_finish,10,3,0,0,0,13
13005.537546214735,failure,10,2,0,0,0,12
13005.537546214735,repair_start,10,2,1,0,1,12
13006.344283374532,repair_finish,10,3,0,0,0,13
13006.5344491566,failure,10,2,0,0,0,12
13006.5344491566,repair_start,10,2,1,0,1,12
13006.609613036908,repair_finish,10,3,0,0,0,13
13018.73284712079,failure,10,2,0,0,0,12
13018.73284712079,repair_start,10,2,1,0,1,12
13019.768021576845,repair_finish,10,3,0,0,0,13
13043.886828682726,failure,10,2,0,0,0,12
13043.886828682726,repair_start,10,2,1,0,1,12
13043.9362115174,repair_finish,10,3,0,0,0,13
13048.238898732963,failure,10,2,0,0,0,12
13048.238898732963,repair_start,10,2,1,0,1,12
13048.72539745401,repair_finish,10,3,0,0,0,13
13058.452369595874,failure,10,2,0,0,0,12
13058.452369595874,repair_start,10,2,1,0,1,12
13058.543722893466,repair_finish,10,3,0,0,0,13
13060.545374867714,failure,10,2,0,0,0,12
13060.545374867714,repair_start,10,2,1,0,1,12
13061.32432910552,repair_finish,10,3,0,0,0,13
13066.848918411075,failure,10,2,0,0,0,12
13066.848918411075,repair_start,10,2,1,0,1,12
13069.00120302191,repair_finish,10,3,0,0,0,13
13090.643524450596,failure,10,2,0,0,0,12
13090.643524450596,repair_start,10,2,1,0,1,12
13091.795741032152,repair_finish,10,3,0,0,0,13
13099.202532820951,failure,10,2,0,0,0,12
13099.202532820951,repair_start,10,2,1,0,1,12
13100.559539174554,repair_finish,10,3,0,0,0,13
13101.948009610065,failure,10,2,0,0,0,12
13101.948009610065,repair_start,10,2,1,0,1,12
13103.942973325013,repair_finish,10,3,0,0,0,13
13106.86710313047,failure,10,2,0,0,0,12
13106.86710313047,repair_start,10,2,1,0,1,12
13107.812616381429,failure,10,1,1,0,1,11
13107.812616381429,repair_queue,10,1,2,1,1,11
13109.708255414054,repair_finish,10,2,1,1,0,12
13109.708255414054,repair_start,10,2,1,0,1,12
13110.027521505479,repair_finish,10,3,0,0,0,13
13120.260942189096,failure,10,2,0,0,0,12
13120.260942189096,repair_start,10,2,1,0,1,12
13120.727447498492,repair_finish,10,3,0,0,0,13
13134.541159152091,failure,10,2,0,0,0,12
13134.541159152091,repair_start,10,2,1,0,1,12
13136.155367165797,repair_finish,10,3,0,0,0,13
13150.644679962932,failure,10,2,0,0,0,12
13150.644679962932,repair_start,10,2,1,0,1,12
13151.227006271753,repair_finish,10,3,0,0,0,13
13154.537946495162,failure,10,2,0,0,0,12
13154.537946495162,repair_start,10,2,1,0,1,12
13155.102673200889,repair_finish,10,3,0,0,0,13
13185.524839749489,failure,10,2,0,0,0,12
13185.524839749489,repair_start,10,2,1,0,1,12
13185.900500266609,repair_finish,10,3,0,0,0,13
13200.255792922251,failure,10,2,0,0,0,12
13200.255792922251,repair_start,10,2,1,0,1,12
13201.535038322536,repair_finish,10,3,0,0,0,13
13201.675219603327,failure,10,2,0,0,0,12
13201.675219603327,repair_start,10,2,1,0,1,12
13202.211744820906,repair_finish,10,3,0,0,0,13
13203.8370402822,failure,10,2,0,0,0,12
13203.8370402822,repair_start,10,2,1,0,1,12
13204.108147985271,repair_finish,10,3,0,0,0,13
13207.02156069406,failure,10,2,0,0,0,12
13207.02156069406,repair_start,10,2,1,0,1,12
13207.54577259529,repair_finish,10,3,0,0,0,13
13211.202886652609,failure,10,2,0,0,0,12
13211.202886652609,repair_start,10,2,1,0,1,12
13212.605333682788,failure,10,1,1,0,1,11
13212.605333682788,repair_queue,10,1,2,1,1,11
13212.669761156865,repair_finish,10,2,1,1,0,12
13212.669761156865,repair_start,10,2,1,0,1,12
13212.714370399071,repair_finish,10,3,0,0,0,13
13217.737675820688,failure,10,2,0,0,0,12
13217.737675820688,repair_start,10,2,1,0,1,12
13218.224654122074,repair_finish,10,3,0,0,0,13
13222.891130154954,failure,10,2,0,0,0,12
13222.891130154954,repair_start,10,2,1,0,1,12
13223.874413208481,repair_finish,10,3,0,0,0,13
13224.194169221964,failure,10,2,0,0,0,12
13224.194169221964,repair_start,10,2,1,0,1,12
13224.383741839569,repair_finish,10,3,0,0,0,13
13244.120245234526,failure,10,2,0,0,0,12
13244.120245234526,repair_start,10,2,1,0,1,12
13245.694787237335,repair_finish,10,3,0,0,0,13
13254.024717067647,failure,10,2,0,0,0,12
13254.024717067647,repair_start,10,2,1,0,1,12
13254.133197676108,repair_finish,10,3,0,0,0,13
13258.970329200427,failure,10,2,0,0,0,12
13258.970329200427,repair_start,10,2,1,0,1,12
13260.635156165996,repair_finish,10,3,0,0,0,13
13261.81711917299,failure,10,2,0,0,0,12
13261.81711917299,repair_start,10,2,1,0,1,12
13262.64300048827,repair_finish,10,3,0,0,0,13
13270.689489008833,failure,10,2,0,0,0,12
13270.689489008833,repair_start,10,2,1,0,1,12
13271.373049714939,failure,10,1,1,0,1,11
13271.373049714939,repair_queue,10,1,2,1,1,11
13271.463127469286,failure,10,0,2,1,1,10
13271.463127469286,repair_queue,10,0,3,2,1,10
13272.37735665802,repair_finish,10,1,2,2,0,11
13272.37735665802,repair_start,10,1,2,1,1,11
13274.284224777817,failure,10,0,2,1,1,10
13274.284224777817,repair_queue,10,0,3,2,1,10
13275.23158251019,repair_finish,10,1,2,2,0,11
13275.23158251019,repair_start,10,1,2,1,1,11
13275.236078333377,repair_finish,10,2,1,1,0,12
13275.236078333377,repair_start,10,2,1,0,1,12
13275.97561962621,repair_finish,10,3,0,0,0,13
13281.510755173083,failure,10,2,0,0,0,12
13281.510755173083,repair_start,10,2,1,0,1,12
13281.761335026007,repair_finish,10,3,0,0,0,13
13299.001385844274,failure,10,2,0,0,0,12
13299.001385844274,repair_start,10,2,1,0,1,12
13301.345447843725,repair_finish,10,3,0,0,0,13
13302.954484630312,failure,10,2,0,0,0,12
13302.954484630312,repair_start,10,2,1,0,1,12
13304.99854429602,repair_finish,10,3,0,0,0,13
13312.966752296099,failure,10,2,0,0,0,12
13312.966752296099,repair_start,10,2,1,0,1,12
13317.068988231946,repair_finish,10,3,0,0,0,13
13330.318013749496,failure,10,2,0,0,0,12
13330.318013749496,repair_start,10,2,1,0,1,12
13331.212249331948,repair_finish,10,3,0,0,0,13
13335.212870087898,failure,10,2,0,0,0,12
13335.212870087898,repair_start,10,2,1,0,1,12
13335.689932786821,repair_finish,10,3,0,0,0,13
13348.244283398897,failure,10,2,0,0,0,12
13348.244283398897,repair_start,10,2,1,0,1,12
13348.973909742335,repair_finish,10,3,0,0,0,13
13355.70071805427,failure,10,2,0,0,0,12
13355.70071805427,repair_start,10,2,1,0,1,12
13355.808734246068,repair_finish,10,3,0,0,0,13
13359.791702060034,failure,10,2,0,0,0,12
13359.791702060034,repair_start,10,2,1,0,1,12
13361.424228255344,repair_finish,10,3,0,0,0,13
13371.17133308072,failure,10,2,0,0,0,12
13371.17133308072,repair_start,10,2,1,0,1,12
13372.355621222652,repair_finish,10,3,0,0,0,13
13383.273760576827,failure,10,2,0,0,0,12
13383.273760576827,repair_start,10,2,1,0,1,12
13384.763633306906,repair_finish,10,3,0,0,0,13
13440.647808540434,failure,10,2,0,0,0,12
13440.647808540434,repair_start,10,2,1,0,1,12
13441.868701224008,repair_finish,10,3,0,0,0,13
13454.391987481296,failure,10,2,0,0,0,12
13454.391987481296,repair_start,10,2,1,0,1,12
13456.635511869963,repair_finish,10,3,0,0,0,13
13473.341810604088,failure,10,2,0,0,0,12
13473.341810604088,repair_start,10,2,1,0,1,12
13476.15190893786,repair_finish,10,3,0,0,0,13
13490.004881674295,failure,10,2,0,0,0,12
13490.004881674295,repair_start,10,2,1,0,1,12
13490.901636352364,repair_finish,10,3,0,0,0,13
13501.07589058725,failure,10,2,0,0,0,12
13501.07589058725,repair_start,10,2,1,0,1,12
13502.172684964267,repair_finish,10,3,0,0,0,13
13556.043733291606,failure,10,2,0,0,0,12
13556.043733291606,repair_start,10,2,1,0,1,12
13556.43887055014,repair_finish,10,3,0,0,0,13
13557.266372573373,failure,10,2,0,0,0,12
13557.266372573373,repair_start,10,2,1,0,1,12
13558.477523892027,repair_finish,10,3,0,0,0,13
13569.879805110146,failure,10,2,0,0,0,12
13569.879805110146,repair_start,10,2,1,0,1,12
13570.649384333612,repair_finish,10,3,0,0,0,13
13596.766736839081,failure,10,2,0,0,0,12
13596.766736839081,repair_start,10,2,1,0,1,12
13596.89641074269,repair_finish,10,3,0,0,0,13
13601.106861498454,failure,10,2,0,0,0,12
13601.106861498454,repair_start,10,2,1,0,1,12
13603.039830912929,repair_finish,10,3,0,0,0,13
13605.501087980256,failure,10,2,0,0,0,12
13605.501087980256,repair_start,10,2,1,0,1,12
13607.296489824765,repair_finish,10,3,0,0,0,13
13631.201535448947,failure,10,2,0,0,0,12
13631.201535448947,repair_start,10,2,1,0,1,12
13632.041734361837,repair_finish,10,3,0,0,0,13
13638.519369405343,failure,10,2,0,0,0,12
13638.519369405343,repair_start,10,2,1,0,1,12
13638.796234399839,repair_finish,10,3,0,0,0,13
13650.356994489452,failure,10,2,0,0,0,12
13650.356994489452,repair_start,10,2,1,0,1,12
13650.379147473433,repair_finish,10,3,0,0,0,13
13653.013670872519,failure,10,2,0,0,0,12
13653.013670872519,repair_start,10,2,1,0,1,12
13653.166378945236,repair_finish,10,3,0,0,0,13
13654.549742052914,failure,10,2,0,0,0,12
13654.549742052914,repair_start,10,2,1,0,1,12
13655.007795764257,repair_finish,10,3,0,0,0,13
13672.034034746108,failure,10,2,0,0,0,12
13672.034034746108,repair_start,10,2,1,0,1,12
13673.50834794148,repair_finish,10,3,0,0,0,13
13680.255992940862,failure,10,2,0,0,0,12
13680.255992940862,repair_start,10,2,1,0,1,12
13681.061871840502,repair_finish,10,3,0,0,0,13
13682.66191513262,failure,10,2,0,0,0,12
13682.66191513262,repair_start,10,2,1,0,1,12
13684.479014500022,repair_finish,10,3,0,0,0,13
13685.89033743585,failure,10,2,0,0,0,12
13685.89033743585,repair_start,10,2,1,0,1,12
13686.382858786257,repair_finish,10,3,0,0,0,13
13692.829674891938,failure,10,2,0,0,0,12
13692.829674891938,repair_start,10,2,1,0,1,12
13693.15293481755,repair_finish,10,3,0,0,0,13
13726.89070893513,failure,10,2,0,0,0,12
13726.89070893513,repair_start,10,2,1,0,1,12
13727.030041943546,repair_finish,10,3,0,0,0,13
13728.693829150487,failure,10,2,0,0,0,12
13728.693829150487,repair_start,10,2,1,0,1,12
13729.215249209308,repair_finish,10,3,0,0,0,13
13739.401415948645,failure,10,2,0,0,0,12
13739.401415948645,repair_start,10,2,1,0,1,12
13739.929282287367,repair_finish,10,3,0,0,0,13
13763.304981323225,failure,10,2,0,0,0,12
13763.304981323225,repair_start,10,2,1,0,1,12
13764.60735919903,repair_finish,10,3,0,0,0,13
13765.710222170468,failure,10,2,0,0,0,12
13765.710222170468,repair_start,10,2,1,0,1,12
13766.147144822162,repair_finish,10,3,0,0,0,13
13768.992873188212,failure,10,2,0,0,0,12
13768.992873188212,repair_start,10,2,1,0,1,12
13769.557577955673,repair_finish,10,3,0,0,0,13
13771.750577205286,failure,10,2,0,0,0,12
13771.750577205286,repair_start,10,2,1,0,1,12
13771.932044152582,failure,10,1,1,0,1,11
13771.932044152582,repair_queue,10,1,2,1,1,11
13772.22656037377,repair_finish,10,2,1,1,0,12
13772.22656037377,repair_start,10,2,1,0,1,12
13773.611889538155,repair_finish,10,3,0,0,0,13
13803.033338556448,failure,10,2,0,0,0,12
13803.033338556448,repair_start,10,2,1,0,1,12
13804.494439744047,repair_finish,10,3,0,0,0,13
13816.504877174772,failure,10,2,0,0,0,12
13816.504877174772,repair_start,10,2,1,0,1,12
13816.560127062381,repair_finish,10,3,0,0,0,13
13836.125029739938,failure,10,2,0,0,0,12
13836.125029739938,repair_start,10,2,1,0,1,12
13836.974765430523,repair_finish,10,3,0,0,0,13
13846.594136434596,failure,10,2,0,0,0,12
13846.594136434596,repair_start,10,2,1,0,1,12
13846.85290383113,repair_finish,10,3,0,0,0,13
13874.31895604415,failure,10,2,0,0,0,12
13874.31895604415,repair_start,10,2,1,0,1,12
13875.302815758958,repair_finish,10,3,0,0,0,13
13878.046196897501,failure,10,2,0,0,0,12
13878.046196897501,repair_start,10,2,1,0,1,12
13879.156034828547,failure,10,1,1,0,1,11
13879.156034828547,repair_queue,10,1,2,1,1,11
13879.359822262324,repair_finish,10,2,1,1,0,12
13879.359822262324,repair_start,10,2,1,0,1,12
13879.39185073963,repair_finish,10,3,0,0,0,13
13880.290612225941,failure,10,2,0,0,0,12
13880.290612225941,repair_start,10,2,1,0,1,12
13881.690835112018,repair_finish,10,3,0,0,0,13
13892.694179996084,failure,10,2,0,0,0,12
13892.694179996084,repair_start,10,2,1,0,1,12
13893.62544018514,failure,10,1,1,0,1,11
13893.62544018514,repair_queue,10,1,2,1,1,11
13895.186578379662,failure,10,0,2,1,1,10
13895.186578379662,repair_queue,10,0,3,2,1,10
13896.054834876604,repair_finish,10,1,2,2,0,11
13896.054834876604,repair_start,10,1,2,1,1,11
13896.225610289253,repair_finish,10,2,1,1,0,12
13896.225610289253,repair_start,10,2,1,0,1,12
13896.986887749232,repair_finish,10,3,0,0,0,13
13901.444601793675,failure,10,2,0,0,0,12
13901.444601793675,repair_start,10,2,1,0,1,12
13901.757438491743,repair_finish,10,3,0,0,0,13
13908.79933893553,failure,10,2,0,0,0,12
13908.79933893553,repair_start,10,2,1,0,1,12
13908.84308372603,repair_finish,10,3,0,0,0,13
13920.82598352865,failure,10,2,0,0,0,12
13920.82598352865,repair_start,10,2,1,0,1,12
13921.207065606744,repair_finish,10,3,0,0,0,13
13925.440672796656,failure,10,2,0,0,0,12
13925.440672796656,repair_start,10,2,1,0,1,12
13928.286783529917,repair_finish,10,3,0,0,0,13
13931.211478421694,failure,10,2,0,0,0,12
13931.211478421694,repair_start,10,2,1,0,1,12
13934.78808266367,failure,10,1,1,0,1,11
13934.78808266367,repair_queue,10,1,2,1,1,11
13934.834907530434,repair_finish,10,2,1,1,0,12
13934.834907530434,repair_start,10,2,1,0,1,12
13936.078853587489,repair_finish,10,3,0,0,0,13
13936.906618279701,failure,10,2,0,0,0,12
13936.906618279701,repair_start,10,2,1,0,1,12
13938.438769129123,failure,10,1,1,0,1,11
13938.438769129123,repair_queue,10,1,2,1,1,11
13940.609544457342,repair_finish,10,2,1,1,0,12
13940.609544457342,repair_start,10,2,1,0,1,12
13941.119506779338,repair_finish,10,3,0,0,0,13
13949.805903895114,failure,10,2,0,0,0,12
13949.805903895114,repair_start,10,2,1,0,1,12
13949.965510830189,repair_finish,10,3,0,0,0,13
13952.41315009636,failure,10,2,0,0,0,12
13952.41315009636,repair_start,10,2,1,0,1,12
13952.832244671054,repair_finish,10,3,0,0,0,13
13974.419388701548,failure,10,2,0,0,0,12
13974.419388701548,repair_start,10,2,1,0,1,12
13977.037360544751,repair_finish,10,3,0,0,0,13
13977.276490149377,failure,10,2,0,0,0,12
13977.276490149377,repair_start,10,2,1,0,1,12
13977.559610613233,repair_finish,10,3,0,0,0,13
13977.764360612791,failure,10,2,0,0,0,12
13977.764360612791,repair_start,10,2,1,0,1,12
13978.638476022506,repair_finish,10,3,0,0,0,13
13984.309641057935,failure,10,2,0,0,0,12
13984.309641057935,repair_start,10,2,1,0,1,12
13984.63667357653,failure,10,1,1,0,1,11
13984.63667357653,repair_queue,10,1,2,1,1,11
13986.114660667501,repair_finish,10,2,1,1,0,12
13986.114660667501,repair_start,10,2,1,0,1,12
13986.337599185712,repair_finish,10,3,0,0,0,13
13986.991515869151,failure,10,2,0,0,0,12
13986.991515869151,repair_start,10,2,1,0,1,12
13987.543270420374,repair_finish,10,3,0,0,0,13
13995.839669118357,failure,10,2,0,0,0,12
13995.839669118357,repair_start,10,2,1,0,1,12
13996.14138352279,repair_finish,10,3,0,0,0,13
13996.916690229926,failure,10,2,0,0,0,12
13996.916690229926,repair_start,10,2,1,0,1,12
13997.062591485617,repair_finish,10,3,0,0,0,13
13998.18120563504,failure,10,2,0,0,0,12
13998.18120563504,repair_start,10,2,1,0,1,12
13999.750923121595,repair_finish,10,3,0,0,0,13
14001.138675011423,failure,10,2,0,0,0,12
14001.138675011423,repair_start,10,2,1,0,1,12
14001.348040783705,repair_finish,10,3,0,0,0,13
14010.743135052802,failure,10,2,0,0,0,12
14010.743135052802,repair_start,10,2,1,0,1,12
14011.910065149561,repair_finish,10,3,0,0,0,13
14017.823124675728,failure,10,2,0,0,0,12
14017.823124675728,repair_start,10,2,1,0,1,12
14018.221705792339,repair_finish,10,3,0,0,0,13
14041.182813754767,failure,10,2,0,0,0,12
14041.182813754767,repair_start,10,2,1,0,1,12
14045.442560002019,repair_finish,10,3,0,0,0,13
14060.043307351218,failure,10,2,0,0,0,12
14060.043307351218,repair_start,10,2,1,0,1,12
14060.211148703373,repair_finish,10,3,0,0,0,13
14065.178815573889,failure,10,2,0,0,0,12
14065.178815573889,repair_start,10,2,1,0,1,12
14065.203226281488,repair_finish,10,3,0,0,0,13
14065.396101443648,failure,10,2,0,0,0,12
14065.396101443648,repair_start,10,2,1,0,1,12
14065.603693694224,repair_finish,10,3,0,0,0,13
14066.99586073743,failure,10,2,0,0,0,12
14066.99586073743,repair_start,10,2,1,0,1,12
14067.349945675982,repair_finish,10,3,0,0,0,13
14077.840404479206,failure,10,2,0,0,0,12
14077.840404479206,repair_start,10,2,1,0,1,12
14078.02153645423,repair_finish,10,3,0,0,0,13
14092.028123560309,failure,10,2,0,0,0,12
14092.028123560309,repair_start,10,2,1,0,1,12
14094.065334633155,repair_finish,10,3,0,0,0,13
14099.89114092254,failure,10,2,0,0,0,12
14099.89114092254,repair_start,10,2,1,0,1,12
14101.781857357257,repair_finish,10,3,0,0,0,13
14104.212274254653,failure,10,2,0,0,0,12
14104.212274254653,repair_start,10,2,1,0,1,12
14104.726950415965,repair_finish,10,3,0,0,0,13
14104.851187325066,failure,10,2,0,0,0,12
14104.851187325066,repair_start,10,2,1,0,1,12
14106.072041999965,failure,10,1,1,0,1,11
14106.072041999965,repair_queue,10,1,2,1,1,11
14106.367275956609,repair_finish,10,2,1,1,0,12
14106.367275956609,repair_start,10,2,1,0,1,12
14107.116238222774,failure,10,1,1,0,1,11
14107.116238222774,repair_queue,10,1,2,1,1,11
14108.252885805012,failure,10,0,2,1,1,10
14108.252885805012,repair_queue,10,0,3,2,1,10
14108.621145892288,repair_finish,10,1,2,2,0,11
14108.621145892288,repair_start,10,1,2,1,1,11
14108.980337795972,repair_finish,10,2,1,1,0,12
14108.980337795972,repair_start,10,2,1,0,1,12
14111.223986259272,repair_finish,10,3,0,0,0,13
14114.855014631663,failure,10,2,0,0,0,12
14114.855014631663,repair_start,10,2,1,0,1,12
14115.74908132199,repair_finish,10,3,0,0,0,13
14132.9576364801,failure,10,2,0,0,0,12
14132.9576364801,repair_start,10,2,1,0,1,12
14136.80805804247,repair_finish,10,3,0,0,0,13
14136.86146252191,failure,10,2,0,0,0,12
14136.86146252191,repair_start,10,2,1,0,1,12
14138.490541763238,repair_finish,10,3,0,0,0,13
14138.743694606746,failure,10,2,0,0,0,12
14138.743694606746,repair_start,10,2,1,0,1,12
14139.14503568343,failure,10,1,1,0,1,11
14139.14503568343,repair_queue,10,1,2,1,1,11
14141.350238780506,repair_finish,10,2,1,1,0,12
14141.350238780506,repair_start,10,2,1,0,1,12
14141.360179581985,repair_finish,10,3,0,0,0,13
14143.26329077709,failure,10,2,0,0,0,12
14143.26329077709,repair_start,10,2,1,0,1,12
14143.904659869017,repair_finish,10,3,0,0,0,13
14154.398376743613,failure,10,2,0,0,0,12
14154.398376743613,repair_start,10,2,1,0,1,12
14154.460326106799,repair_finish,10,3,0,0,0,13
14171.745579250755,failure,10,2,0,0,0,12
14171.745579250755,repair_start,10,2,1,0,1,12
14172.867671372762,repair_finish,10,3,0,0,0,13
14176.176994634037,failure,10,2,0,0,0,12
14176.176994634037,repair_start,10,2,1,0,1,12
14176.519431721385,repair_finish,10,3,0,0,0,13
14185.76607023785,failure,10,2,0,0,0,12
14185.76607023785,repair_start,10,2,1,0,1,12
14186.09628131191,repair_finish,10,3,0,0,0,13
14197.542456209745,failure,10,2,0,0,0,12
14197.542456209745,repair_start,10,2,1,0,1,12
14198.844814513743,repair_finish,10,3,0,0,0,13
14217.768625539984,failure,10,2,0,0,0,12
14217.768625539984,repair_start,10,2,1,0,1,12
14218.347772137331,repair_finish,10,3,0,0,0,13
14232.006561536453,failure,10,2,0,0,0,12
14232.006561536453,repair_start,10,2,1,0,1,12
14232.031558070494,repair_finish,10,3,0,0,0,13
14247.568043119843,failure,10,2,0,0,0,12
14247.568043119843,repair_start,10,2,1,0,1,12
14248.08007804082,repair_finish,10,3,0,0,0,13
14251.412592866076,failure,10,2,0,0,0,12
14251.412592866076,repair_start,10,2,1,0,1,12
14251.654873560557,repair_finish,10,3,0,0,0,13
14277.020525302742,failure,10,2,0,0,0,12
14277.020525302742,repair_start,10,2,1,0,1,12
14277.096309476823,repair_finish,10,3,0,0,0,13
14306.58907176044,failure,10,2,0,0,0,12
14306.58907176044,repair_start,10,2,1,0,1,12
14306.89569302538,failure,10,1,1,0,1,11
14306.89569302538,repair_queue,10,1,2,1,1,11
14308.575863377217,repair_finish,10,2,1,1,0,12
14308.575863377217,repair_start,10,2,1,0,1,12
14311.168420466074,repair_finish,10,3,0,0,0,13
14313.839230434403,failure,10,2,0,0,0,12
14313.839230434403,repair_start,10,2,1,0,1,12
14314.056095596563,repair_finish,10,3,0,0,0,13
14325.523505772298,failure,10,2,0,0,0,12
14325.523505772298,repair_start,10,2,1,0,1,12
14326.20707476916,repair_finish,10,3,0,0,0,13
14329.969332525794,failure,10,2,0,0,0,12
14329.969332525794,repair_start,10,2,1,0,1,12
14330.732282622692,repair_finish,10,3,0,0,0,13
14336.911434527132,failure,10,2,0,0,0,12
14336.911434527132,repair_start,10,2,1,0,1,12
14337.198362226338,repair_finish,10,3,0,0,0,13
14344.892170236211,failure,10,2,0,0,0,12
14344.892170236211,repair_start,10,2,1,0,1,12
14345.48678361813,repair_finish,10,3,0,0,0,13
14352.835571860578,failure,10,2,0,0,0,12
14352.835571860578,repair_start,10,2,1,0,1,12
14358.834469142399,repair_finish,10,3,0,0,0,13
14363.263692257122,failure,10,2,0,0,0,12
14363.263692257122,repair_start,10,2,1,0,1,12
14363.537052663567,repair_finish,10,3,0,0,0,13
14372.814829403214,failure,10,2,0,0,0,12
14372.814829403214,repair_start,10,2,1,0,1,12
14373.26181542515,repair_finish,10,3,0,0,0,13
14373.69440066876,failure,10,2,0,0,0,12
14373.69440066876,repair_start,10,2,1,0,1,12
14375.92772421692,repair_finish,10,3,0,0,0,13
14382.17868023547,failure,10,2,0,0,0,12
14382.17868023547,repair_start,10,2,1,0,1,12
14382.24838051744,repair_finish,10,3,0,0,0,13
14389.535846960578,failure,10,2,0,0,0,12
14389.535846960578,repair_start,10,2,1,0,1,12
14390.440161950764,repair_finish,10,3,0,0,0,13
14406.31471600025,failure,10,2,0,0,0,12
14406.31471600025,repair_start,10,2,1,0,1,12
14407.099808702822,repair_finish,10,3,0,0,0,13
14409.601068518825,failure,10,2,0,0,0,12
14409.601068518825,repair_start,10,2,1,0,1,12
14410.962154537952,repair_finish,10,3,0,0,0,13
14412.576589966835,failure,10,2,0,0,0,12
14412.576589966835,repair_start,10,2,1,0,1,12
14412.811272783136,failure,10,1,1,0,1,11
14412.811272783136,repair_queue,10,1,2,1,1,11
14413.50676792851,failure,10,0,2,1,1,10
14413.50676792851,repair_queue,10,0,3,2,1,10
14414.024680794046,repair_finish,10,1,2,2,0,11
14414.024680794046,repair_start,10,1,2,1,1,11
14414.364839790313,repair_finish,10,2,1,1,0,12
14414.364839790313,repair_start,10,2,1,0,1,12
14414.475753082572,repair_finish,10,3,0,0,0,13
14415.044773191923,failure,10,2,0,0,0,12
14415.044773191923,repair_start,10,2,1,0,1,12
14416.407148399805,repair_finish,10,3,0,0,0,13
14429.976952285919,failure,10,2,0,0,0,12
14429.976952285919,repair_start,10,2,1,0,1,12
14430.084354613173,failure,10,1,1,0,1,11
14430.084354613173,repair_queue,10,1,2,1,1,11
14430.758429684263,repair_finish,10,2,1,1,0,12
14430.758429684263,repair_start,10,2,1,0,1,12
14431.554459082397,repair_finish,10,3,0,0,0,13
14451.501957980176,failure,10,2,0,0,0,12
14451.501957980176,repair_start,10,2,1,0,1,12
14451.534591459918,repair_finish,10,3,0,0,0,13
14466.0945522012,failure,10,2,0,0,0,12
14466.0945522012,repair_start,10,2,1,0,1,12
14467.214001512326,repair_finish,10,3,0,0,0,13
14479.296938178422,failure,10,2,0,0,0,12
14479.296938178422,repair_start,10,2,1,0,1,12
14479.948453234918,repair_finish,10,3,0,0,0,13
14489.356588023336,failure,10,2,0,0,0,12
14489.356588023336,repair_start,10,2,1,0,1,12
14490.317044099645,repair_finish,10,3,0,0,0,13
14527.959353088469,failure,10,2,0,0,0,12
14527.959353088469,repair_start,10,2,1,0,1,12
14528.912369267333,repair_finish,10,3,0,0,0,13
14531.622339971327,failure,10,2,0,0,0,12
14531.622339971327,repair_start,10,2,1,0,1,12
14531.907961017165,repair_finish,10,3,0,0,0,13
14554.267705934293,failure,10,2,0,0,0,12
14554.267705934293,repair_start,10,2,1,0,1,12
14558.3112234485,repair_finish,10,3,0,0,0,13
14589.594420097003,failure,10,2,0,0,0,12
14589.594420097003,repair_start,10,2,1,0,1,12
14589.597687900767,repair_finish,10,3,0,0,0,13
14627.545200980308,failure,10,2,0,0,0,12
14627.545200980308,repair_start,10,2,1,0,1,12
14627.786978526816,repair_finish,10,3,0,0,0,13
14629.531076956675,failure,10,2,0,0,0,12
14629.531076956675,repair_start,10,2,1,0,1,12
14631.365822670257,repair_finish,10,3,0,0,0,13
14641.434144127965,failure,10,2,0,0,0,12
14641.434144127965,repair_start,10,2,1,0,1,12
14641.571842065883,failure,10,1,1,0,1,11
14641.571842065883,repair_queue,10,1,2,1,1,11
14644.304206183106,repair_finish,10,2,1,1,0,12
14644.304206183106,repair_start,10,2,1,0,1,12
14644.7126037563,repair_finish,10,3,0,0,0,13
14690.630712922633,failure,10,2,0,0,0,12
14690.630712922633,repair_start,10,2,1,0,1,12
14692.264369097496,repair_finish,10,3,0,0,0,13
14705.218762457289,failure,10,2,0,0,0,12
14705.218762457289,repair_start,10,2,1,0,1,12
14706.839461844234,failure,10,1,1,0,1,11
14706.839461844234,repair_queue,10,1,2,1,1,11
14707.028191471467,repair_finish,10,2,1,1,0,12
14707.028191471467,repair_start,10,2,1,0,1,12
14707.42066272099,repair_finish,10,3,0,0,0,13
14768.618608064897,failure,10,2,0,0,0,12
14768.618608064897,repair_start,10,2,1,0,1,12
14768.91929417178,failure,10,1,1,0,1,11
14768.91929417178,repair_queue,10,1,2,1,1,11
14768.928382712476,repair_finish,10,2,1,1,0,12
14768.928382712476,repair_start,10,2,1,0,1,12
14769.045029335863,repair_finish,10,3,0,0,0,13
14784.319939175484,failure,10,2,0,0,0,12
14784.319939175484,repair_start,10,2,1,0,1,12
14785.139109816586,repair_finish,10,3,0,0,0,13
14788.27370150515,failure,10,2,0,0,0,12
14788.27370150515,repair_start,10,2,1,0,1,12
14788.492303179473,repair_finish,10,3,0,0,0,13
14802.109870744838,failure,10,2,0,0,0,12
14802.109870744838,repair_start,10,2,1,0,1,12
14802.67128250925,repair_finish,10,3,0,0,0,13
14807.232698440086,failure,10,2,0,0,0,12
14807.232698440086,repair_start,10,2,1,0,1,12
14807.740959206087,repair_finish,10,3,0,0,0,13
14814.640344017975,failure,10,2,0,0,0,12
14814.640344017975,repair_start,10,2,1,0,1,12
14817.773734182882,repair_finish,10,3,0,0,0,13
14819.045319810524,failure,10,2,0,0,0,12
14819.045319810524,repair_start,10,2,1,0,1,12
14819.347366747688,repair_finish,10,3,0,0,0,13
14828.241644004916,failure,10,2,0,0,0,12
14828.241644004916,repair_start,10,2,1,0,1,12
14828.595726925352,repair_finish,10,3,0,0,0,13
14833.372982302313,failure,10,2,0,0,0,12
14833.372982302313,repair_start,10,2,1,0,1,12
14834.340117711463,repair_finish,10,3,0,0,0,13
14835.884869790356,failure,10,2,0,0,0,12
14835.884869790356,repair_start,10,2,1,0,1,12
14839.802724136036,repair_finish,10,3,0,0,0,13
14868.869878241258,failure,10,2,0,0,0,12
14868.869878241258,repair_start,10,2,1,0,1,12
14868.928758112008,repair_finish,10,3,0,0,0,13
14897.058526145558,failure,10,2,0,0,0,12
14897.058526145558,repair_start,10,2,1,0,1,12
14897.16827945664,repair_finish,10,3,0,0,0,13
14901.886077987541,failure,10,2,0,0,0,12
14901.886077987541,repair_start,10,2,1,0,1,12
14902.080159569417,repair_finish,10,3,0,0,0,13
14903.71451133249,failure,10,2,0,0,0,12
14903.71451133249,repair_start,10,2,1,0,1,12
14903.818349402065,repair_finish,10,3,0,0,0,13
14936.162545421636,failure,10,2,0,0,0,12
14936.162545421636,repair_start,10,2,1,0,1,12
14936.264345239417,repair_finish,10,3,0,0,0,13
14947.11871211152,failure,10,2,0,0,0,12
14947.11871211152,repair_start,10,2,1,0,1,12
14949.65529714827,repair_finish,10,3,0,0,0,13
14953.046115073284,failure,10,2,0,0,0,12
14953.046115073284,repair_start,10,2,1,0,1,12
14953.152594860692,repair_finish,10,3,0,0,0,13
14957.832712411788,failure,10,2,0,0,0,12
14957.832712411788,repair_start,10,2,1,0,1,12
14959.281323532428,repair_finish,10,3,0,0,0,13
14982.914959619606,failure,10,2,0,0,0,12
14982.914959619606,repair_start,10,2,1,0,1,12
14983.377177172797,repair_finish,10,3,0,0,0,13
14995.282984576605,failure,10,2,0,0,0,12
14995.282984576605,repair_start,10,2,1,0,1,12
14996.980996812674,repair_finish,10,3,0,0,0,13
15042.358300127493,failure,10,2,0,0,0,12
15042.358300127493,repair_start,10,2,1,0,1,12
15042.42994868342,repair_finish,10,3,0,0,0,13
15051.006678417381,failure,10,2,0,0,0,12
15051.006678417381,repair_start,10,2,1,0,1,12
15051.528149594149,repair_finish,10,3,0,0,0,13
15074.131703203893,failure,10,2,0,0,0,12
15074.131703203893,repair_start,10,2,1,0,1,12
15074.202515188665,repair_finish,10,3,0,0,0,13
15085.585623144405,failure,10,2,0,0,0,12
15085.585623144405,repair_start,10,2,1,0,1,12
15085.892257526106,repair_finish,10,3,0,0,0,13
15099.941592233265,failure,10,2,0,0,0,12
15099.941592233265,repair_start,10,2,1,0,1,12
15101.844359699222,repair_finish,10,3,0,0,0,13
15110.218076816604,failure,10,2,0,0,0,12
15110.218076816604,repair_start,10,2,1,0,1,12
15111.20993447621,repair_finish,10,3,0,0,0,13
15113.218305691516,failure,10,2,0,0,0,12
15113.218305691516,repair_start,10,2,1,0,1,12
15113.586833334979,repair_finish,10,3,0,0,0,13
15115.717101819291,failure,10,2,0,0,0,12
15115.717101819291,repair_start,10,2,1,0,1,12
15116.711824522397,repair_finish,10,3,0,0,0,13
15128.015793262864,failure,10,2,0,0,0,12
15128.015793262864,repair_start,10,2,1,0,1,12
15129.062686733962,failure,10,1,1,0,1,11
15129.062686733962,repair_queue,10,1,2,1,1,11
15130.12267558707,repair_finish,10,2,1,1,0,12
15130.12267558707,repair_start,10,2,1,0,1,12
15134.07158813099,repair_finish,10,3,0,0,0,13
15170.703853795809,failure,10,2,0,0,0,12
15170.703853795809,repair_start,10,2,1,0,1,12
15170.71621286537,repair_finish,10,3,0,0,0,13
15181.05466127732,failure,10,2,0,0,0,12
15181.05466127732,repair_start,10,2,1,0,1,12
15181.821626842233,repair_finish,10,3,0,0,0,13
15197.250336838884,failure,10,2,0,0,0,12
15197.250336838884,repair_start,10,2,1,0,1,12
15197.295093596294,failure,10,1,1,0,1,11
15197.295093596294,repair_queue,10,1,2,1,1,11
15198.987946990412,repair_finish,10,2,1,1,0,12
15198.987946990412,repair_start,10,2,1,0,1,12
15199.49545632848,repair_finish,10,3,0,0,0,13
15234.234652526113,failure,10,2,0,0,0,12
15234.234652526113,repair_start,10,2,1,0,1,12
15234.668060038823,repair_finish,10,3,0,0,0,13
15235.966840130373,failure,10,2,0,0,0,12
15235.966840130373,repair_start,10,2,1,0,1,12
15236.144795153834,repair_finish,10,3,0,0,0,13
15243.010590222906,failure,10,2,0,0,0,12
15243.010590222906,repair_start,10,2,1,0,1,12
15243.351126507452,failure,10,1,1,0,1,11
15243.351126507452,repair_queue,10,1,2,1,1,11
15244.239607884338,repair_finish,10,2,1,1,0,12
15244.239607884338,repair_start,10,2,1,0,1,12
15244.408874143228,repair_finish,10,3,0,0,0,13
15252.541072677453,failure,10,2,0,0,0,12
15252.541072677453,repair_start,10,2,1,0,1,12
15255.871927494098,repair_finish,10,3,0,0,0,13
15260.921017834457,failure,10,2,0,0,0,12
15260.921017834457,repair_start,10,2,1,0,1,12
15261.290424584166,repair_finish,10,3,0,0,0,13
15272.875055482355,failure,10,2,0,0,0,12
15272.875055482355,repair_start,10,2,1,0,1,12
15274.544505338232,repair_finish,10,3,0,0,0,13
15278.57194836059,failure,10,2,0,0,0,12
15278.57194836059,repair_start,10,2,1,0,1,12
15278.90105331258,repair_finish,10,3,0,0,0,13
15301.084560787836,failure,10,2,0,0,0,12
15301.084560787836,repair_start,10,2,1,0,1,12
15301.896170643007,repair_finish,10,3,0,0,0,13
15327.09870018208,failure,10,2,0,0,0,12
15327.09870018208,repair_start,10,2,1,0,1,12
15327.710566952916,repair_finish,10,3,0,0,0,13
15334.955615380282,failure,10,2,0,0,0,12
15334.955615380282,repair_start,10,2,1,0,1,12
15335.269039106963,repair_finish,10,3,0,0,0,13
15357.954248049544,failure,10,2,0,0,0,12
15357.954248049544,repair_start,10,2,1,0,1,12
15358.934289071256,repair_finish,10,3,0,0,0,13
15366.365080005482,failure,10,2,0,0,0,12
15366.365080005482,repair_start,10,2,1,0,1,12
15366.879954502412,repair_finish,10,3,0,0,0,13
15380.811528342712,failure,10,2,0,0,0,12
15380.811528342712,repair_start,10,2,1,0,1,12
15381.36615870682,repair_finish,10,3,0,0,0,13
15383.863403122443,failure,10,2,0,0,0,12
15383.863403122443,repair_start,10,2,1,0,1,12
15384.153271952422,repair_finish,10,3,0,0,0,13
15391.22017837958,failure,10,2,0,0,0,12
15391.22017837958,repair_start,10,2,1,0,1,12
15391.58405321274,failure,10,1,1,0,1,11
15391.58405321274,repair_queue,10,1,2,1,1,11
15391.634109732906,repair_finish,10,2,1,1,0,12
15391.634109732906,repair_start,10,2,1,0,1,12
15392.589668386941,repair_finish,10,3,0,0,0,13
15398.971245713848,failure,10,2,0,0,0,12
15398.971245713848,repair_start,10,2,1,0,1,12
15399.033861806474,repair_finish,10,3,0,0,0,13
15435.528291532386,failure,10,2,0,0,0,12
15435.528291532386,repair_start,10,2,1,0,1,12
15436.334226641893,repair_finish,10,3,0,0,0,13
15436.603442125655,failure,10,2,0,0,0,12
15436.603442125655,repair_start,10,2,1,0,1,12
15438.850941237286,repair_finish,10,3,0,0,0,13
15466.633457548292,failure,10,2,0,0,0,12
15466.633457548292,repair_start,10,2,1,0,1,12
15467.755692965125,repair_finish,10,3,0,0,0,13
15496.148611221759,failure,10,2,0,0,0,12
15496.148611221759,repair_start,10,2,1,0,1,12
15497.032369340073,failure,10,1,1,0,1,11
15497.032369340073,repair_queue,10,1,2,1,1,11
15497.9883811801,repair_finish,10,2,1,1,0,12
15497.9883811801,repair_start,10,2,1,0,1,12
15499.7273664416,repair_finish,10,3,0,0,0,13
15500.328769467138,failure,10,2,0,0,0,12
15500.328769467138,repair_start,10,2,1,0,1,12
15501.043258815364,repair_finish,10,3,0,0,0,13
15510.211774897807,failure,10,2,0,0,0,12
15510.211774897807,repair_start,10,2,1,0,1,12
15510.512989151595,repair_finish,10,3,0,0,0,13
15511.008864053412,failure,10,2,0,0,0,12
15511.008864053412,repair_start,10,2,1,0,1,12
15511.511962897594,repair_finish,10,3,0,0,0,13
15524.71159586806,failure,10,2,0,0,0,12
15524.71159586806,repair_start,10,2,1,0,1,12
15526.185651836655,repair_finish,10,3,0,0,0,13
15532.695226363794,failure,10,2,0,0,0,12
15532.695226363794,repair_start,10,2,1,0,1,12
15533.476455378555,failure,10,1,1,0,1,11
15533.476455378555,repair_queue,10,1,2,1,1,11
15534.4023552066,repair_finish,10,2,1,1,0,12
15534.4023552066,repair_start,10,2,1,0,1,12
15534.71835601848,repair_finish,10,3,0,0,0,13
15577.090596009019,failure,10,2,0,0,0,12
15577.090596009019,repair_start,10,2,1,0,1,12
15577.407144624269,repair_finish,10,3,0,0,0,13
15583.910924320742,failure,10,2,0,0,0,12
15583.910924320742,repair_start,10,2,1,0,1,12
15584.713663316705,repair_finish,10,3,0,0,0,13
15587.27339105884,failure,10,2,0,0,0,12
15587.27339105884,repair_start,10,2,1,0,1,12
15587.33381008206,repair_finish,10,3,0,0,0,13
15591.994457364217,failure,10,2,0,0,0,12
15591.994457364217,repair_start,10,2,1,0,1,12
15593.354628560219,repair_finish,10,3,0,0,0,13
15599.040459843736,failure,10,2,0,0,0,12
15599.040459843736,repair_start,10,2,1,0,1,12
15600.713685960485,repair_finish,10,3,0,0,0,13
15600.714885602163,failure,10,2,0,0,0,12
15600.714885602163,repair_start,10,2,1,0,1,12
15601.390507987247,repair_finish,10,3,0,0,0,13
15603.557464182873,failure,10,2,0,0,0,12
15603.557464182873,repair_start,10,2,1,0,1,12
15604.288066127956,repair_finish,10,3,0,0,0,13
15642.875759202741,failure,10,2,0,0,0,12
15642.875759202741,repair_start,10,2,1,0,1,12
15643.830993183796,repair_finish,10,3,0,0,0,13
15650.936375514817,failure,10,2,0,0,0,12
15650.936375514817,repair_start,10,2,1,0,1,12
15652.434859570076,repair_finish,10,3,0,0,0,13
15657.480430286618,failure,10,2,0,0,0,12
15657.480430286618,repair_start,10,2,1,0,1,12
15657.546110282663,failure,10,1,1,0,1,11
15657.546110282663,repair_queue,10,1,2,1,1,11
15657.793016226611,repair_finish,10,2,1,1,0,12
15657.793016226611,repair_start,10,2,1,0,1,12
15658.985920649158,repair_finish,10,3,0,0,0,13
15665.763342095328,failure,10,2,0,0,0,12
15665.763342095328,repair_start,10,2,1,0,1,12
15665.793554838025,repair_finish,10,3,0,0,0,13
15683.47770623823,failure,10,2,0,0,0,12
15683.47770623823,repair_start,10,2,1,0,1,12
15687.405676067834,repair_finish,10,3,0,0,0,13
15689.946407324014,failure,10,2,0,0,0,12
15689.946407324014,repair_start,10,2,1,0,1,12
15690.153548640792,failure,10,1,1,0,1,11
15690.153548640792,repair_queue,10,1,2,1,1,11
15690.805342085237,repair_finish,10,2,1,1,0,12
15690.805342085237,repair_start,10,2,1,0,1,12
15691.592625497704,repair_finish,10,3,0,0,0,13
15693.23921509257,failure,10,2,0,0,0,12
15693.23921509257,repair_start,10,2,1,0,1,12
15693.494943198528,repair_finish,10,3,0,0,0,13
15707.07228154995,failure,10,2,0,0,0,12
15707.07228154995,repair_start,10,2,1,0,1,12
15707.801024643491,repair_finish,10,3,0,0,0,13
15707.903846574914,failure,10,2,0,0,0,12
15707.903846574914,repair_start,10,2,1,0,1,12
15710.27187153883,repair_finish,10,3,0,0,0,13
15715.347158106008,failure,10,2,0,0,0,12
15715.347158106008,repair_start,10,2,1,0,1,12
15716.314475420193,repair_finish,10,3,0,0,0,13
15733.541304227812,failure,10,2,0,0,0,12
15733.541304227812,repair_start,10,2,1,0,1,12
15734.747232216183,repair_finish,10,3,0,0,0,13
15750.385478399205,failure,10,2,0,0,0,12
15750.385478399205,repair_start,10,2,1,0,1,12
15751.295032703265,repair_finish,10,3,0,0,0,13
15759.576686152717,failure,10,2,0,0,0,12
15759.576686152717,repair_start,10,2,1,0,1,12
15759.759827882111,repair_finish,10,3,0,0,0,13
15760.469049428846,failure,10,2,0,0,0,12
15760.469049428846,repair_start,10,2,1,0,1,12
15760.655732101117,repair_finish,10,3,0,0,0,13
15773.690768333176,failure,10,2,0,0,0,12
15773.690768333176,repair_start,10,2,1,0,1,12
15775.315176346483,repair_finish,10,3,0,0,0,13
15775.86168571084,failure,10,2,0,0,0,12
15775.86168571084,repair_start,10,2,1,0,1,12
15776.099379135801,repair_finish,10,3,0,0,0,13
15781.972526928608,failure,10,2,0,0,0,12
15781.972526928608,repair_start,10,2,1,0,1,12
15782.96143480832,repair_finish,10,3,0,0,0,13
15792.572934924914,failure,10,2,0,0,0,12
15792.572934924914,repair_start,10,2,1,0,1,12
15793.60204687292,repair_finish,10,3,0,0,0,13
15797.294770256234,failure,10,2,0,0,0,12
15797.294770256234,repair_start,10,2,1,0,1,12
15797.373150170813,repair_finish,10,3,0,0,0,13
15806.029284662776,failure,10,2,0,0,0,12
15806.029284662776,repair_start,10,2,1,0,1,12
15806.216123716848,repair_finish,10,3,0,0,0,13
15825.943036535624,failure,10,2,0,0,0,12
15825.943036535624,repair_start,10,2,1,0,1,12
15827.400004309042,repair_finish,10,3,0,0,0,13
15827.671610672696,failure,10,2,0,0,0,12
15827.671610672696,repair_start,10,2,1,0,1,12
15832.012567722677,repair_finish,10,3,0,0,0,13
15840.300793492625,failure,10,2,0,0,0,12
15840.300793492625,repair_start,10,2,1,0,1,12
15841.055153139245,repair_finish,10,3,0,0,0,13
15845.814173396566,failure,10,2,0,0,0,12
15845.814173396566,repair_start,10,2,1,0,1,12
15846.902287151474,repair_finish,10,3,0,0,0,13
15852.852219089755,failure,10,2,0,0,0,12
15852.852219089755,repair_start,10,2,1,0,1,12
15858.640210433874,repair_finish,10,3,0,0,0,13
15872.495416425923,failure,10,2,0,0,0,12
15872.495416425923,repair_start,10,2,1,0,1,12
15873.589578201021,repair_finish,10,3,0,0,0,13
15874.346709726551,failure,10,2,0,0,0,12
15874.346709726551,repair_start,10,2,1,0,1,12
15874.348459739549,repair_finish,10,3,0,0,0,13
15880.872313824642,failure,10,2,0,0,0,12
15880.872313824642,repair_start,10,2,1,0,1,12
15880.911030762936,repair_finish,10,3,0,0,0,13
15915.200854279401,failure,10,2,0,0,0,12
15915.200854279401,repair_start,10,2,1,0,1,12
15915.268075175578,repair_finish,10,3,0,0,0,13
15943.137509346723,failure,10,2,0,0,0,12
15943.137509346723,repair_start,10,2,1,0,1,12
15945.114757494937,repair_finish,10,3,0,0,0,13
15945.41438137171,failure,10,2,0,0,0,12
15945.41438137171,repair_start,10,2,1,0,1,12
15946.155983461384,repair_finish,10,3,0,0,0,13
15946.80917066046,failure,10,2,0,0,0,12
15946.80917066046,repair_start,10,2,1,0,1,12
15949.267201705286,repair_finish,10,3,0,0,0,13
15952.562629369702,failure,10,2,0,0,0,12
15952.562629369702,repair_start,10,2,1,0,1,12
15954.505240789973,repair_finish,10,3,0,0,0,13
15960.382244115379,failure,10,2,0,0,0,12
15960.382244115379,repair_start,10,2,1,0,1,12
15960.549305674867,repair_finish,10,3,0,0,0,13
15962.399586115685,failure,10,2,0,0,0,12
15962.399586115685,repair_start,10,2,1,0,1,12
15962.409418761945,repair_finish,10,3,0,0,0,13
15970.722658078534,failure,10,2,0,0,0,12
15970.722658078534,repair_start,10,2,1,0,1,12
15972.867174941568,repair_finish,10,3,0,0,0,13
15983.148877230587,failure,10,2,0,0,0,12
15983.148877230587,repair_start,10,2,1,0,1,12
15983.266677002637,repair_finish,10,3,0,0,0,13
15984.033140001704,failure,10,2,0,0,0,12
15984.033140001704,repair_start,10,2,1,0,1,12
15984.340377131535,repair_finish,10,3,0,0,0,13
16000.953552707322,failure,10,2,0,0,0,12
16000.953552707322,repair_start,10,2,1,0,1,12
16001.16182521511,repair_finish,10,3,0,0,0,13
16028.90725624297,failure,10,2,0,0,0,12
16028.90725624297,repair_start,10,2,1,0,1,12
16029.804239608597,repair_finish,10,3,0,0,0,13
16030.26243377923,failure,10,2,0,0,0,12
16030.26243377923,repair_start,10,2,1,0,1,12
16030.51309025769,repair_finish,10,3,0,0,0,13
16044.077438503195,failure,10,2,0,0,0,12
16044.077438503195,repair_start,10,2,1,0,1,12
16044.104475835073,repair_finish,10,3,0,0,0,13
16054.709084598,failure,10,2,0,0,0,12
16054.709084598,repair_start,10,2,1,0,1,12
16055.386535825479,repair_finish,10,3,0,0,0,13
16055.706401269454,failure,10,2,0,0,0,12
16055.706401269454,repair_start,10,2,1,0,1,12
16056.729525947503,repair_finish,10,3,0,0,0,13
16059.669115049208,failure,10,2,0,0,0,12
16059.669115049208,repair_start,10,2,1,0,1,12
16060.062425399115,repair_finish,10,3,0,0,0,13
16092.580509078727,failure,10,2,0,0,0,12
16092.580509078727,repair_start,10,2,1,0,1,12
16093.887187228729,repair_finish,10,3,0,0,0,13
16099.07991715233,failure,10,2,0,0,0,12
16099.07991715233,repair_start,10,2,1,0,1,12
16099.509998842017,repair_finish,10,3,0,0,0,13
16100.08852629808,failure,10,2,0,0,0,12
16100.08852629808,repair_start,10,2,1,0,1,12
16100.167950404131,repair_finish,10,3,0,0,0,13
16103.655564061857,failure,10,2,0,0,0,12
16103.655564061857,repair_start,10,2,1,0,1,12
16105.067298132337,repair_finish,10,3,0,0,0,13
16110.764792386355,failure,10,2,0,0,0,12
16110.764792386355,repair_start,10,2,1,0,1,12
16111.3455870818,repair_finish,10,3,0,0,0,13
16129.664061527505,failure,10,2,0,0,0,12
16129.664061527505,repair_start,10,2,1,0,1,12
16129.934238222117,repair_finish,10,3,0,0,0,13
16138.631267453762,failure,10,2,0,0,0,12
16138.631267453762,repair_start,10,2,1,0,1,12
16141.739710421609,repair_finish,10,3,0,0,0,13
16155.307679083664,failure,10,2,0,0,0,12
16155.307679083664,repair_start,10,2,1,0,1,12
16158.010125688448,repair_finish,10,3,0,0,0,13
16162.448518382183,failure,10,2,0,0,0,12
16162.448518382183,repair_start,10,2,1,0,1,12
16163.21326855792,repair_finish,10,3,0,0,0,13
16174.014167841024,failure,10,2,0,0,0,12
16174.014167841024,repair_start,10,2,1,0,1,12
16174.520491245788,repair_finish,10,3,0,0,0,13
16174.890458050248,failure,10,2,0,0,0,12
16174.890458050248,repair_start,10,2,1,0,1,12
16175.337423229872,repair_finish,10,3,0,0,0,13
16175.940876000564,failure,10,2,0,0,0,12
16175.940876000564,repair_start,10,2,1,0,1,12
16178.089226616868,repair_finish,10,3,0,0,0,13
16183.30408988695,failure,10,2,0,0,0,12
16183.30408988695,repair_start,10,2,1,0,1,12
16183.581800266946,repair_finish,10,3,0,0,0,13
16203.510634523334,failure,10,2,0,0,0,12
16203.510634523334,repair_start,10,2,1,0,1,12
16204.038872099083,repair_finish,10,3,0,0,0,13
16209.353134362762,failure,10,2,0,0,0,12
16209.353134362762,repair_start,10,2,1,0,1,12
16210.382590105946,repair_finish,10,3,0,0,0,13
16212.294135780221,failure,10,2,0,0,0,12
16212.294135780221,repair_start,10,2,1,0,1,12
16214.23393874988,repair_finish,10,3,0,0,0,13
16221.649210801072,failure,10,2,0,0,0,12
16221.649210801072,repair_start,10,2,1,0,1,12
16221.827711568823,repair_finish,10,3,0,0,0,13
16223.404043247514,failure,10,2,0,0,0,12
16223.404043247514,repair_start,10,2,1,0,1,12
16225.030635143474,repair_finish,10,3,0,0,0,13
16253.130709801591,failure,10,2,0,0,0,12
16253.130709801591,repair_start,10,2,1,0,1,12
16254.749886060235,repair_finish,10,3,0,0,0,13
16258.11515836823,failure,10,2,0,0,0,12
16258.11515836823,repair_start,10,2,1,0,1,12
16258.484171368502,repair_finish,10,3,0,0,0,13
16285.311257390575,failure,10,2,0,0,0,12
16285.311257390575,repair_start,10,2,1,0,1,12
16287.706893241373,failure,10,1,1,0,1,11
16287.706893241373,repair_queue,10,1,2,1,1,11
16287.897481420208,repair_finish,10,2,1,1,0,12
16287.897481420208,repair_start,10,2,1,0,1,12
16289.767634415064,repair_finish,10,3,0,0,0,13
16291.916531147013,failure,10,2,0,0,0,12
16291.916531147013,repair_start,10,2,1,0,1,12
16292.483968716564,repair_finish,10,3,0,0,0,13
16303.489863124605,failure,10,2,0,0,0,12
16303.489863124605,repair_start,10,2,1,0,1,12
16303.98172371518,repair_finish,10,3,0,0,0,13
16304.107571290022,failure,10,2,0,0,0,12
16304.107571290022,repair_start,10,2,1,0,1,12
16305.01687780795,repair_finish,10,3,0,0,0,13
16348.06435215244,failure,10,2,0,0,0,12
16348.06435215244,repair_start,10,2,1,0,1,12
16348.419817829328,repair_finish,10,3,0,0,0,13
16350.949338281462,failure,10,2,0,0,0,12
16350.949338281462,repair_start,10,2,1,0,1,12
16352.637087976702,repair_finish,10,3,0,0,0,13
16381.343912151498,failure,10,2,0,0,0,12
16381.343912151498,repair_start,10,2,1,0,1,12
16383.668096492178,repair_finish,10,3,0,0,0,13
16395.225292031922,failure,10,2,0,0,0,12
16395.225292031922,repair_start,10,2,1,0,1,12
16396.239622952373,repair_finish,10,3,0,0,0,13
16396.290958010373,failure,10,2,0,0,0,12
16396.290958010373,repair_start,10,2,1,0,1,12
16396.671663087458,repair_finish,10,3,0,0,0,13
16402.605904317188,failure,10,2,0,0,0,12
16402.605904317188,repair_start,10,2,1,0,1,12
16404.86196244795,repair_finish,10,3,0,0,0,13
16408.367143938678,failure,10,2,0,0,0,12
16408.367143938678,repair_start,10,2,1,0,1,12
16408.89841249153,repair_finish,10,3,0,0,0,13
16410.451276253618,failure,10,2,0,0,0,12
16410.451276253618,repair_start,10,2,1,0,1,12
16410.794009869634,repair_finish,10,3,0,0,0,13
16481.019761261246,failure,10,2,0,0,0,12
16481.019761261246,repair_start,10,2,1,0,1,12
16481.351267489423,repair_finish,10,3,0,0,0,13
16485.61976829692,failure,10,2,0,0,0,12
16485.61976829692,repair_start,10,2,1,0,1,12
16489.419949495066,repair_finish,10,3,0,0,0,13
16490.692607556688,failure,10,2,0,0,0,12
16490.692607556688,repair_start,10,2,1,0,1,12
16491.70608910288,repair_finish,10,3,0,0,0,13
16516.809921122524,failure,10,2,0,0,0,12
16516.809921122524,repair_start,10,2,1,0,1,12
16517.525164620445,repair_finish,10,3,0,0,0,13
16525.053817194792,failure,10,2,0,0,0,12
16525.053817194792,repair_start,10,2,1,0,1,12
16526.110277545933,repair_finish,10,3,0,0,0,13
16526.200910589818,failure,10,2,0,0,0,12
16526.200910589818,repair_start,10,2,1,0,1,12
16526.413374640506,repair_finish,10,3,0,0,0,13
16534.945477031797,failure,10,2,0,0,0,12
16534.945477031797,repair_start,10,2,1,0,1,12
16537.669307636716,repair_finish,10,3,0,0,0,13
16541.92650373475,failure,10,2,0,0,0,12
16541.92650373475,repair_start,10,2,1,0,1,12
16543.291217591657,repair_finish,10,3,0,0,0,13
16553.24629842726,failure,10,2,0,0,0,12
16553.24629842726,repair_start,10,2,1,0,1,12
16555.00654174411,repair_finish,10,3,0,0,0,13
16590.576782385742,failure,10,2,0,0,0,12
16590.576782385742,repair_start,10,2,1,0,1,12
16590.645757774735,repair_finish,10,3,0,0,0,13
16594.87080134905,failure,10,2,0,0,0,12
16594.87080134905,repair_start,10,2,1,0,1,12
16595.07803351449,repair_finish,10,3,0,0,0,13
16603.92961741487,failure,10,2,0,0,0,12
16603.92961741487,repair_start,10,2,1,0,1,12
16606.337673473277,repair_finish,10,3,0,0,0,13
16614.120385080674,failure,10,2,0,0,0,12
16614.120385080674,repair_start,10,2,1,0,1,12
16614.164406883712,repair_finish,10,3,0,0,0,13
16632.24702845542,failure,10,2,0,0,0,12
16632.24702845542,repair_start,10,2,1,0,1,12
16632.601867819747,repair_finish,10,3,0,0,0,13
16640.65725710682,failure,10,2,0,0,0,12
16640.65725710682,repair_start,10,2,1,0,1,12
16642.81873402681,repair_finish,10,3,0,0,0,13
16647.35556566846,failure,10,2,0,0,0,12
16647.35556566846,repair_start,10,2,1,0,1,12
16648.99451986525,repair_finish,10,3,0,0,0,13
16663.012908324174,failure,10,2,0,0,0,12
16663.012908324174,repair_start,10,2,1,0,1,12
16663.38986582473,repair_finish,10,3,0,0,0,13
16674.96514698028,failure,10,2,0,0,0,12
16674.96514698028,repair_start,10,2,1,0,1,12
16678.2330051299,repair_finish,10,3,0,0,0,13
16690.554833480048,failure,10,2,0,0,0,12
16690.554833480048,repair_start,10,2,1,0,1,12
16691.186932844746,repair_finish,10,3,0,0,0,13
16709.10527875629,failure,10,2,0,0,0,12
16709.10527875629,repair_start,10,2,1,0,1,12
16709.447068728714,repair_finish,10,3,0,0,0,13
16712.453910194185,failure,10,2,0,0,0,12
16712.453910194185,repair_start,10,2,1,0,1,12
16716.167079057723,repair_finish,10,3,0,0,0,13
16717.5865599649,failure,10,2,0,0,0,12
16717.5865599649,repair_start,10,2,1,0,1,12
16718.467711232403,repair_finish,10,3,0,0,0,13
16730.885651530898,failure,10,2,0,0,0,12
16730.885651530898,repair_start,10,2,1,0,1,12
16732.72829687371,repair_finish,10,3,0,0,0,13
16748.930055310633,failure,10,2,0,0,0,12
16748.930055310633,repair_start,10,2,1,0,1,12
16749.825386753542,repair_finish,10,3,0,0,0,13
16757.09787082346,failure,10,2,0,0,0,12
16757.09787082346,repair_start,10,2,1,0,1,12
16757.932231305196,repair_finish,10,3,0,0,0,13
16761.172665624097,failure,10,2,0,0,0,12
16761.172665624097,repair_start,10,2,1,0,1,12
16761.62602007937,repair_finish,10,3,0,0,0,13
16768.92979666216,failure,10,2,0,0,0,12
16768.92979666216,repair_start,10,2,1,0,1,12
16769.864194850972,repair_finish,10,3,0,0,0,13
16787.25773001151,failure,10,2,0,0,0,12
16787.25773001151,repair_start,10,2,1,0,1,12
16787.647231492123,repair_finish,10,3,0,0,0,13
16812.428573301222,failure,10,2,0,0,0,12
16812.428573301222,repair_start,10,2,1,0,1,12
16812.626604319143,repair_finish,10,3,0,0,0,13
16815.690884542248,failure,10,2,0,0,0,12
16815.690884542248,repair_start,10,2,1,0,1,12
16815.820908116297,repair_finish,10,3,0,0,0,13
16820.640166371402,failure,10,2,0,0,0,12
16820.640166371402,repair_start,10,2,1,0,1,12
16821.447656234,repair_finish,10,3,0,0,0,13
16826.228981489807,failure,10,2,0,0,0,12
16826.228981489807,repair_start,10,2,1,0,1,12
16828.307118733966,repair_finish,10,3,0,0,0,13
16846.66275829714,failure,10,2,0,0,0,12
16846.66275829714,repair_start,10,2,1,0,1,12
16847.347638716412,repair_finish,10,3,0,0,0,13
16856.086649213496,failure,10,2,0,0,0,12
16856.086649213496,repair_start,10,2,1,0,1,12
16858.67830566711,repair_finish,10,3,0,0,0,13
16860.825621657415,failure,10,2,0,0,0,12
16860.825621657415,repair_start,10,2,1,0,1,12
16862.202115008295,repair_finish,10,3,0,0,0,13
16879.77558726246,failure,10,2,0,0,0,12
16879.77558726246,repair_start,10,2,1,0,1,12
16880.363092877957,repair_finish,10,3,0,0,0,13
16881.74583777216,failure,10,2,0,0,0,12
16881.74583777216,repair_start,10,2,1,0,1,12
16881.88546552253,repair_finish,10,3,0,0,0,13
16887.374287303825,failure,10,2,0,0,0,12
16887.374287303825,repair_start,10,2,1,0,1,12
16888.24385773287,repair_finish,10,3,0,0,0,13
16927.4423399538,failure,10,2,0,0,0,12
16927.4423399538,repair_start,10,2,1,0,1,12
16927.52967768015,repair_finish,10,3,0,0,0,13
16928.46016882111,failure,10,2,0,0,0,12
16928.46016882111,repair_start,10,2,1,0,1,12
16929.49931426431,repair_finish,10,3,0,0,0,13
16945.276380202566,failure,10,2,0,0,0,12
16945.276380202566,repair_start,10,2,1,0,1,12
16946.10801943265,repair_finish,10,3,0,0,0,13
16950.95890992763,failure,10,2,0,0,0,12
16950.95890992763,repair_start,10,2,1,0,1,12
16951.005959451228,repair_finish,10,3,0,0,0,13
16955.19218586793,failure,10,2,0,0,0,12
16955.19218586793,repair_start,10,2,1,0,1,12
16955.740268639365,repair_finish,10,3,0,0,0,13
16962.929021984746,failure,10,2,0,0,0,12
16962.929021984746,repair_start,10,2,1,0,1,12
16964.501449896194,failure,10,1,1,0,1,11
16964.501449896194,repair_queue,10,1,2,1,1,11
16964.855101640915,repair_finish,10,2,1,1,0,12
16964.855101640915,repair_start,10,2,1,0,1,12
16967.68762418438,failure,10,1,1,0,1,11
16967.68762418438,repair_queue,10,1,2,1,1,11
16967.932452760822,repair_finish,10,2,1,1,0,12
16967.932452760822,repair_start,10,2,1,0,1,12
16968.53969390026,repair_finish,10,3,0,0,0,13
16973.895798627877,failure,10,2,0,0,0,12
16973.895798627877,repair_start,10,2,1,0,1,12
16974.54579877308,repair_finish,10,3,0,0,0,13
16977.507369751835,failure,10,2,0,0,0,12
16977.507369751835,repair_start,10,2,1,0,1,12
16982.03116594811,repair_finish,10,3,0,0,0,13
16985.048417502563,failure,10,2,0,0,0,12
16985.048417502563,repair_start,10,2,1,0,1,12
16985.20521605412,repair_finish,10,3,0,0,0,13
16999.518750993768,failure,10,2,0,0,0,12
16999.518750993768,repair_start,10,2,1,0,1,12
17000.338308881233,repair_finish,10,3,0,0,0,13
17051.524859955785,failure,10,2,0,0,0,12
17051.524859955785,repair_start,10,2,1,0,1,12
17052.144560843728,repair_finish,10,3,0,0,0,13
17060.840559525877,failure,10,2,0,0,0,12
17060.840559525877,repair_start,10,2,1,0,1,12
17060.947876294253,failure,10,1,1,0,1,11
17060.947876294253,repair_queue,10,1,2,1,1,11
17060.965197596448,repair_finish,10,2,1,1,0,12
17060.965197596448,repair_start,10,2,1,0,1,12
17062.01376809778,repair_finish,10,3,0,0,0,13
17063.70102208527,failure,10,2,0,0,0,12
17063.70102208527,repair_start,10,2,1,0,1,12
17064.396950320188,repair_finish,10,3,0,0,0,13
17071.368456928063,failure,10,2,0,0,0,12
17071.368456928063,repair_start,10,2,1,0,1,12
17071.919099573333,failure,10,1,1,0,1,11
17071.919099573333,repair_queue,10,1,2,1,1,11
17072.018001659366,repair_finish,10,2,1,1,0,12
17072.018001659366,repair_start,10,2,1,0,1,12
17072.252709139164,repair_finish,10,3,0,0,0,13
17078.876287280964,failure,10,2,0,0,0,12
17078.876287280964,repair_start,10,2,1,0,1,12
17078.955003452862,repair_finish,10,3,0,0,0,13
17082.889239896158,failure,10,2,0,0,0,12
17082.889239896158,repair_start,10,2,1,0,1,12
17082.93520596858,repair_finish,10,3,0,0,0,13
17082.989176645773,failure,10,2,0,0,0,12
17082.989176645773,repair_start,10,2,1,0,1,12
17083.386942055546,repair_finish,10,3,0,0,0,13
17104.060101265808,failure,10,2,0,0,0,12
17104.060101265808,repair_start,10,2,1,0,1,12
17104.519993583282,repair_finish,10,3,0,0,0,13
17115.716059951545,failure,10,2,0,0,0,12
17115.716059951545,repair_start,10,2,1,0,1,12
17115.722791360226,repair_finish,10,3,0,0,0,13
17125.99388163232,failure,10,2,0,0,0,12
17125.99388163232,repair_start,10,2,1,0,1,12
17127.058951387626,repair_finish,10,3,0,0,0,13
17159.93279632301,failure,10,2,0,0,0,12
17159.93279632301,repair_start,10,2,1,0,1,12
17160.581035079413,repair_finish,10,3,0,0,0,13
17161.970458696185,failure,10,2,0,0,0,12
17161.970458696185,repair_start,10,2,1,0,1,12
17162.20998164691,repair_finish,10,3,0,0,0,13
17173.327103106814,failure,10,2,0,0,0,12
17173.327103106814,repair_start,10,2,1,0,1,12
17173.722159369463,repair_finish,10,3,0,0,0,13
17191.681101713904,failure,10,2,0,0,0,12
17191.681101713904,repair_start,10,2,1,0,1,12
17194.61669986706,repair_finish,10,3,0,0,0,13
17195.884242814333,failure,10,2,0,0,0,12
17195.884242814333,repair_start,10,2,1,0,1,12
17196.18382669181,repair_finish,10,3,0,0,0,13
17201.421549918945,failure,10,2,0,0,0,12
17201.421549918945,repair_start,10,2,1,0,1,12
17204.214877367987,repair_finish,10,3,0,0,0,13
17205.0288689768,failure,10,2,0,0,0,12
17205.0288689768,repair_start,10,2,1,0,1,12
17205.7862476593,repair_finish,10,3,0,0,0,13
17205.85279099676,failure,10,2,0,0,0,12
17205.85279099676,repair_start,10,2,1,0,1,12
17206.585310281447,repair_finish,10,3,0,0,0,13
17241.73322338324,failure,10,2,0,0,0,12
17241.73322338324,repair_start,10,2,1,0,1,12
17243.52565627268,failure,10,1,1,0,1,11
17243.52565627268,repair_queue,10,1,2,1,1,11
17244.75104636565,repair_finish,10,2,1,1,0,12
17244.75104636565,repair_start,10,2,1,0,1,12
17245.39567914036,repair_finish,10,3,0,0,0,13
17250.27787936918,failure,10,2,0,0,0,12
17250.27787936918,repair_start,10,2,1,0,1,12
17250.348039571527,failure,10,1,1,0,1,11
17250.348039571527,repair_queue,10,1,2,1,1,11
17250.875713775877,repair_finish,10,2,1,1,0,12
17250.875713775877,repair_start,10,2,1,0,1,12
17250.991341699937,repair_finish,10,3,0,0,0,13
17266.48900027923,failure,10,2,0,0,0,12
17266.48900027923,repair_start,10,2,1,0,1,12
17267.717647658304,repair_finish,10,3,0,0,0,13
17269.397216856996,failure,10,2,0,0,0,12
17269.397216856996,repair_start,10,2,1,0,1,12
17270.227061017275,repair_finish,10,3,0,0,0,13
17284.186613850718,failure,10,2,0,0,0,12
17284.186613850718,repair_start,10,2,1,0,1,12
17284.19006402771,repair_finish,10,3,0,0,0,13
17296.408099996253,failure,10,2,0,0,0,12
17296.408099996253,repair_start,10,2,1,0,1,12
17296.41559619394,failure,10,1,1,0,1,11
17296.41559619394,repair_queue,10,1,2,1,1,11
17296.74564720548,repair_finish,10,2,1,1,0,12
17296.74564720548,repair_start,10,2,1,0,1,12
17296.864670592815,repair_finish,10,3,0,0,0,13
17297.978991928117,failure,10,2,0,0,0,12
17297.978991928117,repair_start,10,2,1,0,1,12
17298.32901500849,failure,10,1,1,0,1,11
17298.32901500849,repair_queue,10,1,2,1,1,11
17299.322104001938,repair_finish,10,2,1,1,0,12
17299.322104001938,repair_start,10,2,1,0,1,12
17299.437877800723,repair_finish,10,3,0,0,0,13
17308.65016555134,failure,10,2,0,0,0,12
17308.65016555134,repair_start,10,2,1,0,1,12
17309.14728589312,repair_finish,10,3,0,0,0,13
17309.38954122879,failure,10,2,0,0,0,12
17309.38954122879,repair_start,10,2,1,0,1,12
17310.388357347376,repair_finish,10,3,0,0,0,13
17328.64785152574,failure,10,2,0,0,0,12
17328.64785152574,repair_start,10,2,1,0,1,12
17330.898400797036,repair_finish,10,3,0,0,0,13
17338.635315053907,failure,10,2,0,0,0,12
17338.635315053907,repair_start,10,2,1,0,1,12
17339.400749592063,repair_finish,10,3,0,0,0,13
17346.272570371293,failure,10,2,0,0,0,12
17346.272570371293,repair_start,10,2,1,0,1,12
17346.979798343757,repair_finish,10,3,0,0,0,13
17357.294732078826,failure,10,2,0,0,0,12
17357.294732078826,repair_start,10,2,1,0,1,12
17358.247954520248,failure,10,1,1,0,1,11
17358.247954520248,repair_queue,10,1,2,1,1,11
17359.07679292784,repair_finish,10,2,1,1,0,12
17359.07679292784,repair_start,10,2,1,0,1,12
17360.576983555635,repair_finish,10,3,0,0,0,13
17363.981042208492,failure,10,2,0,0,0,12
17363.981042208492,repair_start,10,2,1,0,1,12
17364.98373840447,repair_finish,10,3,0,0,0,13
17366.432712713413,failure,10,2,0,0,0,12
17366.432712713413,repair_start,10,2,1,0,1,12
17367.133236202724,repair_finish,10,3,0,0,0,13
17382.800713996163,failure,10,2,0,0,0,12
17382.800713996163,repair_start,10,2,1,0,1,12
17383.41543725242,repair_finish,10,3,0,0,0,13
17399.87450895729,failure,10,2,0,0,0,12
17399.87450895729,repair_start,10,2,1,0,1,12
17401.06746278931,repair_finish,10,3,0,0,0,13
17401.527392320917,failure,10,2,0,0,0,12
17401.527392320917,repair_start,10,2,1,0,1,12
17402.016538412594,repair_finish,10,3,0,0,0,13
17404.59903897825,failure,10,2,0,0,0,12
17404.59903897825,repair_start,10,2,1,0,1,12
17404.73530328222,repair_finish,10,3,0,0,0,13
17407.163730939814,failure,10,2,0,0,0,12
17407.163730939814,repair_start,10,2,1,0,1,12
17409.578918600724,repair_finish,10,3,0,0,0,13
17412.90802965346,failure,10,2,0,0,0,12
17412.90802965346,repair_start,10,2,1,0,1,12
17413.33464654889,repair_finish,10,3,0,0,0,13
17415.146535335414,failure,10,2,0,0,0,12
17415.146535335414,repair_start,10,2,1,0,1,12
17415.531248583047,repair_finish,10,3,0,0,0,13
17438.443946800202,failure,10,2,0,0,0,12
17438.443946800202,repair_start,10,2,1,0,1,12
17441.23028922533,repair_finish,10,3,0,0,0,13
17452.782028278627,failure,10,2,0,0,0,12
17452.782028278627,repair_start,10,2,1,0,1,12
17453.02405151695,repair_finish,10,3,0,0,0,13
17463.13746823596,failure,10,2,0,0,0,12
17463.13746823596,repair_start,10,2,1,0,1,12
17463.26439022704,repair_finish,10,3,0,0,0,13
17488.970308911124,failure,10,2,0,0,0,12
17488.970308911124,repair_start,10,2,1,0,1,12
17491.00631415426,repair_finish,10,3,0,0,0,13
17500.116334802282,failure,10,2,0,0,0,12
17500.116334802282,repair_start,10,2,1,0,1,12
17500.272599229582,repair_finish,10,3,0,0,0,13
17501.111553896633,failure,10,2,0,0,0,12
17501.111553896633,repair_start,10,2,1,0,1,12
17502.107495171236,repair_finish,10,3,0,0,0,13
17540.10540589797,failure,10,2,0,0,0,12
17540.10540589797,repair_start,10,2,1,0,1,12
17545.10029384553,failure,10,1,1,0,1,11
17545.10029384553,repair_queue,10,1,2,1,1,11
17547.05041968727,repair_finish,10,2,1,1,0,12
17547.05041968727,repair_start,10,2,1,0,1,12
17547.241813386405,repair_finish,10,3,0,0,0,13
17547.530442089228,failure,10,2,0,0,0,12
17547.530442089228,repair_start,10,2,1,0,1,12
17548.49697764258,repair_finish,10,3,0,0,0,13
17564.974972852306,failure,10,2,0,0,0,12
17564.974972852306,repair_start,10,2,1,0,1,12
17565.605200806393,repair_finish,10,3,0,0,0,13
17595.1014677439,failure,10,2,0,0,0,12
17595.1014677439,repair_start,10,2,1,0,1,12
17595.599493901187,repair_finish,10,3,0,0,0,13
17629.39181388733,failure,10,2,0,0,0,12
17629.39181388733,repair_start,10,2,1,0,1,12
17631.001060097962,repair_finish,10,3,0,0,0,13
17633.749930773985,failure,10,2,0,0,0,12
17633.749930773985,repair_start,10,2,1,0,1,12
17633.97083266701,repair_finish,10,3,0,0,0,13
17640.472462569334,failure,10,2,0,0,0,12
17640.472462569334,repair_start,10,2,1,0,1,12
17640.626955986,repair_finish,10,3,0,0,0,13
17641.722554297605,failure,10,2,0,0,0,12
17641.722554297605,repair_start,10,2,1,0,1,12
17642.734481434032,repair_finish,10,3,0,0,0,13
17648.310841817147,failure,10,2,0,0,0,12
17648.310841817147,repair_start,10,2,1,0,1,12
17650.528327673015,repair_finish,10,3,0,0,0,13
17665.70222678579,failure,10,2,0,0,0,12
17665.70222678579,repair_start,10,2,1,0,1,12
17665.932319550895,repair_finish,10,3,0,0,0,13
17665.964595579855,failure,10,2,0,0,0,12
17665.964595579855,repair_start,10,2,1,0,1,12
17666.661801372626,repair_finish,10,3,0,0,0,13
17666.870190773367,failure,10,2,0,0,0,12
17666.870190773367,repair_start,10,2,1,0,1,12
17668.39768178688,repair_finish,10,3,0,0,0,13
17693.129763053792,failure,10,2,0,0,0,12
17693.129763053792,repair_start,10,2,1,0,1,12
17694.063651829572,repair_finish,10,3,0,0,0,13
17712.35473584878,failure,10,2,0,0,0,12
17712.35473584878,repair_start,10,2,1,0,1,12
17712.821992651105,repair_finish,10,3,0,0,0,13
17740.94073488959,failure,10,2,0,0,0,12
17740.94073488959,repair_start,10,2,1,0,1,12
17743.159194267882,repair_finish,10,3,0,0,0,13
17747.17678339752,failure,10,2,0,0,0,12
17747.17678339752,repair_start,10,2,1,0,1,12
17747.85901560461,repair_finish,10,3,0,0,0,13
17749.195072840826,failure,10,2,0,0,0,12
17749.195072840826,repair_start,10,2,1,0,1,12
17751.39771331564,repair_finish,10,3,0,0,0,13
17756.144686840176,failure,10,2,0,0,0,12
17756.144686840176,repair_start,10,2,1,0,1,12
17758.74442269362,repair_finish,10,3,0,0,0,13
17765.712726291225,failure,10,2,0,0,0,12
17765.712726291225,repair_start,10,2,1,0,1,12
17765.846028708333,repair_finish,10,3,0,0,0,13
17770.989177899424,failure,10,2,0,0,0,12
17770.989177899424,repair_start,10,2,1,0,1,12
17771.177394828337,repair_finish,10,3,0,0,0,13
17785.166261282633,failure,10,2,0,0,0,12
17785.166261282633,repair_start,10,2,1,0,1,12
17785.751111006033,failure,10,1,1,0,1,11
17785.751111006033,repair_queue,10,1,2,1,1,11
17787.183870195342,repair_finish,10,2,1,1,0,12
17787.183870195342,repair_start,10,2,1,0,1,12
17788.519843102255,repair_finish,10,3,0,0,0,13
17801.52828008983,failure,10,2,0,0,0,12
17801.52828008983,repair_start,10,2,1,0,1,12
17801.832414135948,repair_finish,10,3,0,0,0,13
17802.830400019357,failure,10,2,0,0,0,12
17802.830400019357,repair_start,10,2,1,0,1,12
17805.33873402313,repair_finish,10,3,0,0,0,13
17809.06446584292,failure,10,2,0,0,0,12
17809.06446584292,repair_start,10,2,1,0,1,12
17811.315263501776,repair_finish,10,3,0,0,0,13
17817.446067672605,failure,10,2,0,0,0,12
17817.446067672605,repair_start,10,2,1,0,1,12
17817.55591337864,repair_finish,10,3,0,0,0,13
17829.80379663673,failure,10,2,0,0,0,12
17829.80379663673,repair_start,10,2,1,0,1,12
17832.224594795804,repair_finish,10,3,0,0,0,13
17839.566931907462,failure,10,2,0,0,0,12
17839.566931907462,repair_start,10,2,1,0,1,12
17839.617380489726,failure,10,1,1,0,1,11
17839.617380489726,repair_queue,10,1,2,1,1,11
17842.67176183244,repair_finish,10,2,1,1,0,12
17842.67176183244,repair_start,10,2,1,0,1,12
17842.84188332101,repair_finish,10,3,0,0,0,13
17863.135204274113,failure,10,2,0,0,0,12
17863.135204274113,repair_start,10,2,1,0,1,12
17863.30309263109,repair_finish,10,3,0,0,0,13
17878.322493546482,failure,10,2,0,0,0,12
17878.322493546482,repair_start,10,2,1,0,1,12
17879.57509965542,failure,10,1,1,0,1,11
17879.57509965542,repair_queue,10,1,2,1,1,11
17881.434232868836,repair_finish,10,2,1,1,0,12
17881.434232868836,repair_start,10,2,1,0,1,12
17881.686755126073,repair_finish,10,3,0,0,0,13
17889.80579718136,failure,10,2,0,0,0,12
17889.80579718136,repair_start,10,2,1,0,1,12
17890.984155347804,repair_finish,10,3,0,0,0,13
17915.084130622476,failure,10,2,0,0,0,12
17915.084130622476,repair_start,10,2,1,0,1,12
17917.158602968186,repair_finish,10,3,0,0,0,13
17918.72004572949,failure,10,2,0,0,0,12
17918.72004572949,repair_start,10,2,1,0,1,12
17919.97722410299,repair_finish,10,3,0,0,0,13
17937.394207167992,failure,10,2,0,0,0,12
17937.394207167992,repair_start,10,2,1,0,1,12
17938.38152390846,repair_finish,10,3,0,0,0,13
17941.365339645796,failure,10,2,0,0,0,12
17941.365339645796,repair_start,10,2,1,0,1,12
17941.81500519027,repair_finish,10,3,0,0,0,13
17942.16088270204,failure,10,2,0,0,0,12
17942.16088270204,repair_start,10,2,1,0,1,12
17942.767025505047,repair_finish,10,3,0,0,0,13
17943.615815779405,failure,10,2,0,0,0,12
17943.615815779405,repair_start,10,2,1,0,1,12
17943.990318609798,repair_finish,10,3,0,0,0,13
17954.23787295809,failure,10,2,0,0,0,12
17954.23787295809,repair_start,10,2,1,0,1,12
17955.826544872685,repair_finish,10,3,0,0,0,13
17962.892284906353,failure,10,2,0,0,0,12
17962.892284906353,repair_start,10,2,1,0,1,12
17964.0917685964,repair_finish,10,3,0,0,0,13
17982.74819829597,failure,10,2,0,0,0,12
17982.74819829597,repair_start,10,2,1,0,1,12
17982.961432520682,repair_finish,10,3,0,0,0,13
17983.626020347674,failure,10,2,0,0,0,12
17983.626020347674,repair_start,10,2,1,0,1,12
17984.820336767407,repair_finish,10,3,0,0,0,13
18001.63352394874,failure,10,2,0,0,0,12
18001.63352394874,repair_start,10,2,1,0,1,12
18001.683294139257,failure,10,1,1,0,1,11
18001.683294139257,repair_queue,10,1,2,1,1,11
18003.065185069456,repair_finish,10,2,1,1,0,12
18003.065185069456,repair_start,10,2,1,0,1,12
18006.0101669604,failure,10,1,1,0,1,11
18006.0101669604,repair_queue,10,1,2,1,1,11
18006.30983990092,repair_finish,10,2,1,1,0,12
18006.30983990092,repair_start,10,2,1,0,1,12
18008.775069780706,repair_finish,10,3,0,0,0,13
18021.491649031195,failure,10,2,0,0,0,12
18021.491649031195,repair_start,10,2,1,0,1,12
18021.70921976031,repair_finish,10,3,0,0,0,13
18029.176015385838,failure,10,2,0,0,0,12
18029.176015385838,repair_start,10,2,1,0,1,12
18029.811311948277,repair_finish,10,3,0,0,0,13
18057.545020168058,failure,10,2,0,0,0,12
18057.545020168058,repair_start,10,2,1,0,1,12
18057.740818711274,repair_finish,10,3,0,0,0,13
18077.92024700471,failure,10,2,0,0,0,12
18077.92024700471,repair_start,10,2,1,0,1,12
18078.39445052689,repair_finish,10,3,0,0,0,13
18085.140943501618,failure,10,2,0,0,0,12
18085.140943501618,repair_start,10,2,1,0,1,12
18085.92773756765,repair_finish,10,3,0,0,0,13
18114.60060136981,failure,10,2,0,0,0,12
18114.60060136981,repair_start,10,2,1,0,1,12
18115.309401113565,repair_finish,10,3,0,0,0,13
18127.85406303226,failure,10,2,0,0,0,12
18127.85406303226,repair_start,10,2,1,0,1,12
18128.551491901595,repair_finish,10,3,0,0,0,13
18133.15930243417,failure,10,2,0,0,0,12
18133.15930243417,repair_start,10,2,1,0,1,12
18134.555122405032,repair_finish,10,3,0,0,0,13
18148.128678302255,failure,10,2,0,0,0,12
18148.128678302255,repair_start,10,2,1,0,1,12
18148.7730064401,repair_finish,10,3,0,0,0,13
18161.112153103237,failure,10,2,0,0,0,12
18161.112153103237,repair_start,10,2,1,0,1,12
18162.31611210411,repair_finish,10,3,0,0,0,13
18179.912369181588,failure,10,2,0,0,0,12
18179.912369181588,repair_start,10,2,1,0,1,12
18180.136258024162,repair_finish,10,3,0,0,0,13
18188.86739769003,failure,10,2,0,0,0,12
18188.86739769003,repair_start,10,2,1,0,1,12
18190.12074444446,repair_finish,10,3,0,0,0,13
18197.786586072554,failure,10,2,0,0,0,12
18197.786586072554,repair_start,10,2,1,0,1,12
18198.37856686046,repair_finish,10,3,0,0,0,13
18199.619094363254,failure,10,2,0,0,0,12
18199.619094363254,repair_start,10,2,1,0,1,12
18200.80312086982,repair_finish,10,3,0,0,0,13
18213.15564902892,failure,10,2,0,0,0,12
18213.15564902892,repair_start,10,2,1,0,1,12
18213.743689380717,repair_finish,10,3,0,0,0,13
18214.89959867467,failure,10,2,0,0,0,12
18214.89959867467,repair_start,10,2,1,0,1,12
18214.915561178972,repair_finish,10,3,0,0,0,13
18215.08353134837,failure,10,2,0,0,0,12
18215.08353134837,repair_start,10,2,1,0,1,12
18215.184357093498,repair_finish,10,3,0,0,0,13
18224.531672831064,failure,10,2,0,0,0,12
18224.531672831064,repair_start,10,2,1,0,1,12
18224.81127364508,repair_finish,10,3,0,0,0,13
18234.861373866708,failure,10,2,0,0,0,12
18234.861373866708,repair_start,10,2,1,0,1,12
18236.04097914662,repair_finish,10,3,0,0,0,13
18239.887548631636,failure,10,2,0,0,0,12
18239.887548631636,repair_start,10,2,1,0,1,12
18241.402656275146,repair_finish,10,3,0,0,0,13
18247.19679117421,failure,10,2,0,0,0,12
18247.19679117421,repair_start,10,2,1,0,1,12
18248.001774296976,repair_finish,10,3,0,0,0,13
18248.097501393902,failure,10,2,0,0,0,12
18248.097501393902,repair_start,10,2,1,0,1,12
18248.6411528139,failure,10,1,1,0,1,11
18248.6411528139,repair_queue,10,1,2,1,1,11
18248.85777673463,repair_finish,10,2,1,1,0,12
18248.85777673463,repair_start,10,2,1,0,1,12
18251.287675446325,repair_finish,10,3,0,0,0,13
18287.72314461716,failure,10,2,0,0,0,12
18287.72314461716,repair_start,10,2,1,0,1,12
18289.209066677115,repair_finish,10,3,0,0,0,13
18292.64496003065,failure,10,2,0,0,0,12
18292.64496003065,repair_start,10,2,1,0,1,12
18292.958733463194,repair_finish,10,3,0,0,0,13
18295.954208849173,failure,10,2,0,0,0,12
18295.954208849173,repair_start,10,2,1,0,1,12
18295.954561227056,repair_finish,10,3,0,0,0,13
18299.998617102272,failure,10,2,0,0,0,12
18299.998617102272,repair_start,10,2,1,0,1,12
18300.89762835204,repair_finish,10,3,0,0,0,13
18303.397295555875,failure,10,2,0,0,0,12
18303.397295555875,repair_start,10,2,1,0,1,12
18308.13258740824,repair_finish,10,3,0,0,0,13
18312.92454013905,failure,10,2,0,0,0,12
18312.92454013905,repair_start,10,2,1,0,1,12
18314.37144978707,repair_finish,10,3,0,0,0,13
18330.49342164225,failure,10,2,0,0,0,12
18330.49342164225,repair_start,10,2,1,0,1,12
18330.49928134519,repair_finish,10,3,0,0,0,13
18369.546096364204,failure,10,2,0,0,0,12
18369.546096364204,repair_start,10,2,1,0,1,12
18369.795177267144,failure,10,1,1,0,1,11
18369.795177267144,repair_queue,10,1,2,1,1,11
18370.030089271582,repair_finish,10,2,1,1,0,12
18370.030089271582,repair_start,10,2,1,0,1,12
18370.236207443402,repair_finish,10,3,0,0,0,13
18371.902957745067,failure,10,2,0,0,0,12
18371.902957745067,repair_start,10,2,1,0,1,12
18372.481148501025,repair_finish,10,3,0,0,0,13
18372.927723274588,failure,10,2,0,0,0,12
18372.927723274588,repair_start,10,2,1,0,1,12
18375.522037337792,repair_finish,10,3,0,0,0,13
18413.258831666677,failure,10,2,0,0,0,12
18413.258831666677,repair_start,10,2,1,0,1,12
18414.222076368642,repair_finish,10,3,0,0,0,13
18418.989619291417,failure,10,2,0,0,0,12
18418.989619291417,repair_start,10,2,1,0,1,12
18419.55707606036,repair_finish,10,3,0,0,0,13
18423.007941423402,failure,10,2,0,0,0,12
18423.007941423402,repair_start,10,2,1,0,1,12
18423.720947081285,repair_finish,10,3,0,0,0,13
18431.139082184334,failure,10,2,0,0,0,12
18431.139082184334,repair_start,10,2,1,0,1,12
18431.551205035892,repair_finish,10,3,0,0,0,13
18436.873734525816,failure,10,2,0,0,0,12
18436.873734525816,repair_start,10,2,1,0,1,12
18436.90068072012,repair_finish,10,3,0,0,0,13
18457.68140053716,failure,10,2,0,0,0,12
18457.68140053716,repair_start,10,2,1,0,1,12
18458.027712216368,repair_finish,10,3,0,0,0,13
18462.61060556182,failure,10,2,0,0,0,12
18462.61060556182,repair_start,10,2,1,0,1,12
18462.72234895195,repair_finish,10,3,0,0,0,13
18467.709571464642,failure,10,2,0,0,0,12
18467.709571464642,repair_start,10,2,1,0,1,12
18468.599855413737,repair_finish,10,3,0,0,0,13
18475.504191215492,failure,10,2,0,0,0,12
18475.504191215492,repair_start,10,2,1,0,1,12
18476.579189250962,repair_finish,10,3,0,0,0,13
18480.373203230305,failure,10,2,0,0,0,12
18480.373203230305,repair_start,10,2,1,0,1,12
18480.481273240046,repair_finish,10,3,0,0,0,13
18481.982967086155,failure,10,2,0,0,0,12
18481.982967086155,repair_start,10,2,1,0,1,12
18482.94171182848,repair_finish,10,3,0,0,0,13
18521.65362365622,failure,10,2,0,0,0,12
18521.65362365622,repair_start,10,2,1,0,1,12
18522.232064218737,repair_finish,10,3,0,0,0,13
18542.447997459156,failure,10,2,0,0,0,12
18542.447997459156,repair_start,10,2,1,0,1,12
18544.293284368294,failure,10,1,1,0,1,11
18544.293284368294,repair_queue,10,1,2,1,1,11
18545.112315140068,repair_finish,10,2,1,1,0,12
18545.112315140068,repair_start,10,2,1,0,1,12
18545.329585907544,repair_finish,10,3,0,0,0,13
18559.771173023306,failure,10,2,0,0,0,12
18559.771173023306,repair_start,10,2,1,0,1,12
18560.24663183306,repair_finish,10,3,0,0,0,13
18571.056101753726,failure,10,2,0,0,0,12
18571.056101753726,repair_start,10,2,1,0,1,12
18571.74031847577,repair_finish,10,3,0,0,0,13
18572.32835482143,failure,10,2,0,0,0,12
18572.32835482143,repair_start,10,2,1,0,1,12
18572.760708197042,repair_finish,10,3,0,0,0,13
18574.66724960815,failure,10,2,0,0,0,12
18574.66724960815,repair_start,10,2,1,0,1,12
18575.325192521428,repair_finish,10,3,0,0,0,13
18585.551413496454,failure,10,2,0,0,0,12
18585.551413496454,repair_start,10,2,1,0,1,12
18587.53566073395,repair_finish,10,3,0,0,0,13
18591.163012766283,failure,10,2,0,0,0,12
18591.163012766283,repair_start,10,2,1,0,1,12
18592.837272368655,failure,10,1,1,0,1,11
18592.837272368655,repair_queue,10,1,2,1,1,11
18593.34290135438,repair_finish,10,2,1,1,0,12
18593.34290135438,repair_start,10,2,1,0,1,12
18594.32131393756,repair_finish,10,3,0,0,0,13
18599.0421028619,failure,10,2,0,0,0,12
18599.0421028619,repair_start,10,2,1,0,1,12
18599.950961878778,failure,10,1,1,0,1,11
18599.950961878778,repair_queue,10,1,2,1,1,11
18601.486848758344,repair_finish,10,2,1,1,0,12
18601.486848758344,repair_start,10,2,1,0,1,12
18603.090187645645,repair_finish,10,3,0,0,0,13
18630.18910907233,failure,10,2,0,0,0,12
18630.18910907233,repair_start,10,2,1,0,1,12
18631.224753440212,repair_finish,10,3,0,0,0,13
18638.27267543598,failure,10,2,0,0,0,12
18638.27267543598,repair_start,10,2,1,0,1,12
18638.601683474073,repair_finish,10,3,0,0,0,13
18666.212328394682,failure,10,2,0,0,0,12
18666.212328394682,repair_start,10,2,1,0,1,12
18668.061368791554,repair_finish,10,3,0,0,0,13
18672.068755995562,failure,10,2,0,0,0,12
18672.068755995562,repair_start,10,2,1,0,1,12
18672.14572591181,repair_finish,10,3,0,0,0,13
18675.479200155605,failure,10,2,0,0,0,12
18675.479200155605,repair_start,10,2,1,0,1,12
18676.38364460669,repair_finish,10,3,0,0,0,13
18686.462247186228,failure,10,2,0,0,0,12
18686.462247186228,repair_start,10,2,1,0,1,12
18686.51596367268,repair_finish,10,3,0,0,0,13
18686.75376989872,failure,10,2,0,0,0,12
18686.75376989872,repair_start,10,2,1,0,1,12
18687.029667696923,repair_finish,10,3,0,0,0,13
18688.058613805973,failure,10,2,0,0,0,12
18688.058613805973,repair_start,10,2,1,0,1,12
18688.607338273338,repair_finish,10,3,0,0,0,13
18704.408570009102,failure,10,2,0,0,0,12
18704.408570009102,repair_start,10,2,1,0,1,12
18705.575394016265,repair_finish,10,3,0,0,0,13
18709.71238828673,failure,10,2,0,0,0,12
18709.71238828673,repair_start,10,2,1,0,1,12
18711.741085982896,repair_finish,10,3,0,0,0,13
18714.944494048028,failure,10,2,0,0,0,12
18714.944494048028,repair_start,10,2,1,0,1,12
18716.355690808967,failure,10,1,1,0,1,11
18716.355690808967,repair_queue,10,1,2,1,1,11
18716.386110917756,repair_finish,10,2,1,1,0,12
18716.386110917756,repair_start,10,2,1,0,1,12
18716.71117299577,repair_finish,10,3,0,0,0,13
18754.340235570377,failure,10,2,0,0,0,12
18754.340235570377,repair_start,10,2,1,0,1,12
18754.894207491678,repair_finish,10,3,0,0,0,13
18768.297385902475,failure,10,2,0,0,0,12
18768.297385902475,repair_start,10,2,1,0,1,12
18768.52666887498,repair_finish,10,3,0,0,0,13
18769.06809811032,failure,10,2,0,0,0,12
18769.06809811032,repair_start,10,2,1,0,1,12
18770.750946497497,repair_finish,10,3,0,0,0,13
18801.865341466942,failure,10,2,0,0,0,12
18801.865341466942,repair_start,10,2,1,0,1,12
18802.67361072935,repair_finish,10,3,0,0,0,13
18807.661139301857,failure,10,2,0,0,0,12
18807.661139301857,repair_start,10,2,1,0,1,12
18808.129348152986,failure,10,1,1,0,1,11
18808.129348152986,repair_queue,10,1,2,1,1,11
18808.636147197263,repair_finish,10,2,1,1,0,12
18808.636147197263,repair_start,10,2,1,0,1,12
18808.822939730762,repair_finish,10,3,0,0,0,13
18829.595181402467,failure,10,2,0,0,0,12
18829.595181402467,repair_start,10,2,1,0,1,12
18830.328642291875,repair_finish,10,3,0,0,0,13
18864.253612232755,failure,10,2,0,0,0,12
18864.253612232755,repair_start,10,2,1,0,1,12
18864.43944182143,repair_finish,10,3,0,0,0,13
18869.607025347992,failure,10,2,0,0,0,12
18869.607025347992,repair_start,10,2,1,0,1,12
18870.631070073232,repair_finish,10,3,0,0,0,13
18881.17828694488,failure,10,2,0,0,0,12
18881.17828694488,repair_start,10,2,1,0,1,12
18881.731624379972,repair_finish,10,3,0,0,0,13
18915.56184293554,failure,10,2,0,0,0,12
18915.56184293554,repair_start,10,2,1,0,1,12
18917.07238522355,repair_finish,10,3,0,0,0,13
18923.185786066366,failure,10,2,0,0,0,12
18923.185786066366,repair_start,10,2,1,0,1,12
18924.137603585295,repair_finish,10,3,0,0,0,13
18936.767977980435,failure,10,2,0,0,0,12
18936.767977980435,repair_start,10,2,1,0,1,12
18937.76255464998,repair_finish,10,3,0,0,0,13
18942.11063781735,failure,10,2,0,0,0,12
18942.11063781735,repair_start,10,2,1,0,1,12
18943.548826603455,repair_finish,10,3,0,0,0,13
18952.933739875854,failure,10,2,0,0,0,12
18952.933739875854,repair_start,10,2,1,0,1,12
18953.334390444383,repair_finish,10,3,0,0,0,13
18955.666117651606,failure,10,2,0,0,0,12
18955.666117651606,repair_start,10,2,1,0,1,12
18957.37168049403,repair_finish,10,3,0,0,0,13
18979.161159509036,failure,10,2,0,0,0,12
18979.161159509036,repair_start,10,2,1,0,1,12
18979.422659371074,repair_finish,10,3,0,0,0,13
18982.630421982918,failure,10,2,0,0,0,12
18982.630421982918,repair_start,10,2,1,0,1,12
18983.261666753562,repair_finish,10,3,0,0,0,13
18991.778873707553,failure,10,2,0,0,0,12
18991.778873707553,repair_start,10,2,1,0,1,12
18992.722672345077,failure,10,1,1,0,1,11
18992.722672345077,repair_queue,10,1,2,1,1,11
18993.76318748307,repair_finish,10,2,1,1,0,12
18993.76318748307,repair_start,10,2,1,0,1,12
18994.308018232645,repair_finish,10,3,0,0,0,13
18998.84574182297,failure,10,2,0,0,0,12
18998.84574182297,repair_start,10,2,1,0,1,12
18998.97752164152,repair_finish,10,3,0,0,0,13
19021.15673977459,failure,10,2,0,0,0,12
19021.15673977459,repair_start,10,2,1,0,1,12
19022.07818222817,repair_finish,10,3,0,0,0,13
19029.390101756904,failure,10,2,0,0,0,12
19029.390101756904,repair_start,10,2,1,0,1,12
19031.752037534425,repair_finish,10,3,0,0,0,13
19042.463758475136,failure,10,2,0,0,0,12
19042.463758475136,repair_start,10,2,1,0,1,12
19042.951936578414,repair_finish,10,3,0,0,0,13
19063.10916105561,failure,10,2,0,0,0,12
19063.10916105561,repair_start,10,2,1,0,1,12
19063.31735560297,repair_finish,10,3,0,0,0,13
19065.34170923816,failure,10,2,0,0,0,12
19065.34170923816,repair_start,10,2,1,0,1,12
19066.55801540261,repair_finish,10,3,0,0,0,13
19071.55285167731,failure,10,2,0,0,0,12
19071.55285167731,repair_start,10,2,1,0,1,12
19071.909548509557,repair_finish,10,3,0,0,0,13
19074.331894968444,failure,10,2,0,0,0,12
19074.331894968444,repair_start,10,2,1,0,1,12
19074.35089081118,repair_finish,10,3,0,0,0,13
19076.793781661425,failure,10,2,0,0,0,12
19076.793781661425,repair_start,10,2,1,0,1,12
19076.90758943128,repair_finish,10,3,0,0,0,13
19077.92156033185,failure,10,2,0,0,0,12
19077.92156033185,repair_start,10,2,1,0,1,12
19078.064706076788,repair_finish,10,3,0,0,0,13
19090.994315446213,failure,10,2,0,0,0,12
19090.994315446213,repair_start,10,2,1,0,1,12
19091.155824497426,repair_finish,10,3,0,0,0,13
19092.594821144896,failure,10,2,0,0,0,12
19092.594821144896,repair_start,10,2,1,0,1,12
19095.03847933632,repair_finish,10,3,0,0,0,13
19115.649471191875,failure,10,2,0,0,0,12
19115.649471191875,repair_start,10,2,1,0,1,12
19116.491520242394,repair_finish,10,3,0,0,0,13
19121.248123444406,failure,10,2,0,0,0,12
19121.248123444406,repair_start,10,2,1,0,1,12
19122.42029725609,repair_finish,10,3,0,0,0,13
19140.798793311656,failure,10,2,0,0,0,12
19140.798793311656,repair_start,10,2,1,0,1,12
19142.125915132514,repair_finish,10,3,0,0,0,13
19174.749489863476,failure,10,2,0,0,0,12
19174.749489863476,repair_start,10,2,1,0,1,12
19174.82193002781,repair_finish,10,3,0,0,0,13
19186.107591817596,failure,10,2,0,0,0,12
19186.107591817596,repair_start,10,2,1,0,1,12
19188.224517007457,repair_finish,10,3,0,0,0,13
19188.898979883772,failure,10,2,0,0,0,12
19188.898979883772,repair_start,10,2,1,0,1,12
19189.32735302572,repair_finish,10,3,0,0,0,13
19200.297503395836,failure,10,2,0,0,0,12
19200.297503395836,repair_start,10,2,1,0,1,12
19200.6648075819,repair_finish,10,3,0,0,0,13
19203.139419333278,failure,10,2,0,0,0,12
19203.139419333278,repair_start,10,2,1,0,1,12
19203.432339179875,repair_finish,10,3,0,0,0,13
19218.056061380812,failure,10,2,0,0,0,12
19218.056061380812,repair_start,10,2,1,0,1,12
19218.16420924779,repair_finish,10,3,0,0,0,13
19224.41183033604,failure,10,2,0,0,0,12
19224.41183033604,repair_start,10,2,1,0,1,12
19224.541194891583,repair_finish,10,3,0,0,0,13
19230.654046907443,failure,10,2,0,0,0,12
19230.654046907443,repair_start,10,2,1,0,1,12
19231.603725431847,failure,10,1,1,0,1,11
19231.603725431847,repair_queue,10,1,2,1,1,11
19231.93854115548,repair_finish,10,2,1,1,0,12
19231.93854115548,repair_start,10,2,1,0,1,12
19231.99851381306,repair_finish,10,3,0,0,0,13
19258.035375891755,failure,10,2,0,0,0,12
19258.035375891755,repair_start,10,2,1,0,1,12
19258.62344080452,repair_finish,10,3,0,0,0,13
19276.620142190743,failure,10,2,0,0,0,12
19276.620142190743,repair_start,10,2,1,0,1,12
19277.52839386959,repair_finish,10,3,0,0,0,13
19298.29358880768,failure,10,2,0,0,0,12
19298.29358880768,repair_start,10,2,1,0,1,12
19299.475096154732,repair_finish,10,3,0,0,0,13
19300.158758902802,failure,10,2,0,0,0,12
19300.158758902802,repair_start,10,2,1,0,1,12
19300.180404739545,repair_finish,10,3,0,0,0,13
19302.7093180919,failure,10,2,0,0,0,12
19302.7093180919,repair_start,10,2,1,0,1,12
19303.39612844383,repair_finish,10,3,0,0,0,13
19326.740647137878,failure,10,2,0,0,0,12
19326.740647137878,repair_start,10,2,1,0,1,12
19326.891420693435,repair_finish,10,3,0,0,0,13
19326.922755321048,failure,10,2,0,0,0,12
19326.922755321048,repair_start,10,2,1,0,1,12
19327.122623347,repair_finish,10,3,0,0,0,13
19333.87772766469,failure,10,2,0,0,0,12
19333.87772766469,repair_start,10,2,1,0,1,12
19334.25455884577,repair_finish,10,3,0,0,0,13
19337.715597917882,failure,10,2,0,0,0,12
19337.715597917882,repair_start,10,2,1,0,1,12
19340.674443052714,repair_finish,10,3,0,0,0,13
19354.204402398896,failure,10,2,0,0,0,12
19354.204402398896,repair_start,10,2,1,0,1,12
19354.373912999043,repair_finish,10,3,0,0,0,13
19359.06678506813,failure,10,2,0,0,0,12
19359.06678506813,repair_start,10,2,1,0,1,12
19359.966002372654,repair_finish,10,3,0,0,0,13
19363.072243895447,failure,10,2,0,0,0,12
19363.072243895447,repair_start,10,2,1,0,1,12
19367.768518954716,repair_finish,10,3,0,0,0,13
19389.764082475496,failure,10,2,0,0,0,12
19389.764082475496,repair_start,10,2,1,0,1,12
19390.483574962396,repair_finish,10,3,0,0,0,13
19392.278131577037,failure,10,2,0,0,0,12
19392.278131577037,repair_start,10,2,1,0,1,12
19392.38601351535,repair_finish,10,3,0,0,0,13
19420.48555625553,failure,10,2,0,0,0,12
19420.48555625553,repair_start,10,2,1,0,1,12
19420.916992623326,failure,10,1,1,0,1,11
19420.916992623326,repair_queue,10,1,2,1,1,11
19421.321710830784,repair_finish,10,2,1,1,0,12
19421.321710830784,repair_start,10,2,1,0,1,12
19421.88047438174,repair_finish,10,3,0,0,0,13
19428.27716575584,failure,10,2,0,0,0,12
19428.27716575584,repair_start,10,2,1,0,1,12
19429.43307752397,failure,10,1,1,0,1,11
19429.43307752397,repair_queue,10,1,2,1,1,11
19429.488692487346,repair_finish,10,2,1,1,0,12
19429.488692487346,repair_start,10,2,1,0,1,12
19429.77901077959,failure,10,1,1,0,1,11
19429.77901077959,repair_queue,10,1,2,1,1,11
19431.37555992418,repair_finish,10,2,1,1,0,12
19431.37555992418,repair_start,10,2,1,0,1,12
19432.144838814173,repair_finish,10,3,0,0,0,13
19446.447072134702,failure,10,2,0,0,0,12
19446.447072134702,repair_start,10,2,1,0,1,12
19447.127985306368,failure,10,1,1,0,1,11
19447.127985306368,repair_queue,10,1,2,1,1,11
19449.775354194895,repair_finish,10,2,1,1,0,12
19449.775354194895,repair_start,10,2,1,0,1,12
19451.959195857224,repair_finish,10,3,0,0,0,13
19460.91890329278,failure,10,2,0,0,0,12
19460.91890329278,repair_start,10,2,1,0,1,12
19461.41272824107,repair_finish,10,3,0,0,0,13
19464.383278688452,failure,10,2,0,0,0,12
19464.383278688452,repair_start,10,2,1,0,1,12
19464.475940709515,failure,10,1,1,0,1,11
19464.475940709515,repair_queue,10,1,2,1,1,11
19466.493874075226,failure,10,0,2,1,1,10
19466.493874075226,repair_queue,10,0,3,2,1,10
19466.68400246235,repair_finish,10,1,2,2,0,11
19466.68400246235,repair_start,10,1,2,1,1,11
19468.182394335206,repair_finish,10,2,1,1,0,12
19468.182394335206,repair_start,10,2,1,0,1,12
19469.224473816623,repair_finish,10,3,0,0,0,13
19469.336051099846,failure,10,2,0,0,0,12
19469.336051099846,repair_start,10,2,1,0,1,12
19470.14611548098,repair_finish,10,3,0,0,0,13
19483.01379840316,failure,10,2,0,0,0,12
19483.01379840316,repair_start,10,2,1,0,1,12
19483.867751430564,repair_finish,10,3,0,0,0,13
19488.875844860413,failure,10,2,0,0,0,12
19488.875844860413,repair_start,10,2,1,0,1,12
19489.160928059875,repair_finish,10,3,0,0,0,13
19496.612319503114,failure,10,2,0,0,0,12
19496.612319503114,repair_start,10,2,1,0,1,12
19499.79636833094,repair_finish,10,3,0,0,0,13
19505.437346999333,failure,10,2,0,0,0,12
19505.437346999333,repair_start,10,2,1,0,1,12
19506.02647062051,failure,10,1,1,0,1,11
19506.02647062051,repair_queue,10,1,2,1,1,11
19507.33433345538,repair_finish,10,2,1,1,0,12
19507.33433345538,repair_start,10,2,1,0,1,12
19511.17867335928,repair_finish,10,3,0,0,0,13
19564.91211697931,failure,10,2,0,0,0,12
19564.91211697931,repair_start,10,2,1,0,1,12
19564.941142285166,repair_finish,10,3,0,0,0,13
19566.143449063606,failure,10,2,0,0,0,12
19566.143449063606,repair_start,10,2,1,0,1,12
19567.344403004292,repair_finish,10,3,0,0,0,13
19570.77840453637,failure,10,2,0,0,0,12
19570.77840453637,repair_start,10,2,1,0,1,12
19571.16526745998,repair_finish,10,3,0,0,0,13
19612.437172306152,failure,10,2,0,0,0,12
19612.437172306152,repair_start,10,2,1,0,1,12
19612.691297409114,repair_finish,10,3,0,0,0,13
19613.667901141274,failure,10,2,0,0,0,12
19613.667901141274,repair_start,10,2,1,0,1,12
19615.787879488857,repair_finish,10,3,0,0,0,13
19624.057953192172,failure,10,2,0,0,0,12
19624.057953192172,repair_start,10,2,1,0,1,12
19630.447606947444,repair_finish,10,3,0,0,0,13
19649.393815797757,failure,10,2,0,0,0,12
19649.393815797757,repair_start,10,2,1,0,1,12
19649.897172877514,repair_finish,10,3,0,0,0,13
19651.769327390888,failure,10,2,0,0,0,12
19651.769327390888,repair_start,10,2,1,0,1,12
19652.3071685859,repair_finish,10,3,0,0,0,13
19675.219274305826,failure,10,2,0,0,0,12
19675.219274305826,repair_start,10,2,1,0,1,12
19675.40876731108,repair_finish,10,3,0,0,0,13
19707.0545748939,failure,10,2,0,0,0,12
19707.0545748939,repair_start,10,2,1,0,1,12
19707.359318838797,repair_finish,10,3,0,0,0,13
19708.55658402914,failure,10,2,0,0,0,12
19708.55658402914,repair_start,10,2,1,0,1,12
19709.277560336042,repair_finish,10,3,0,0,0,13
19721.529864725828,failure,10,2,0,0,0,12
19721.529864725828,repair_start,10,2,1,0,1,12
19722.535132147957,repair_finish,10,3,0,0,0,13
19722.739738087865,failure,10,2,0,0,0,12
19722.739738087865,repair_start,10,2,1,0,1,12
19722.93862920069,repair_finish,10,3,0,0,0,13
19731.486111415732,failure,10,2,0,0,0,12
19731.486111415732,repair_start,10,2,1,0,1,12
19732.996996907325,repair_finish,10,3,0,0,0,13
19738.28525927874,failure,10,2,0,0,0,12
19738.28525927874,repair_start,10,2,1,0,1,12
19739.62715013176,repair_finish,10,3,0,0,0,13
19740.51916982115,failure,10,2,0,0,0,12
19740.51916982115,repair_start,10,2,1,0,1,12
19741.074305172388,repair_finish,10,3,0,0,0,13
19749.271457455307,failure,10,2,0,0,0,12
19749.271457455307,repair_start,10,2,1,0,1,12
19749.836801456873,failure,10,1,1,0,1,11
19749.836801456873,repair_queue,10,1,2,1,1,11
19751.74717318091,repair_finish,10,2,1,1,0,12
19751.74717318091,repair_start,10,2,1,0,1,12
19752.232284008605,repair_finish,10,3,0,0,0,13
19757.02216233744,failure,10,2,0,0,0,12
19757.02216233744,repair_start,10,2,1,0,1,12
19760.378042638786,repair_finish,10,3,0,0,0,13
19773.975052410646,failure,10,2,0,0,0,12
19773.975052410646,repair_start,10,2,1,0,1,12
19777.352424685996,failure,10,1,1,0,1,11
19777.352424685996,repair_queue,10,1,2,1,1,11
19777.46728254711,repair_finish,10,2,1,1,0,12
19777.46728254711,repair_start,10,2,1,0,1,12
19779.050503438568,failure,10,1,1,0,1,11
19779.050503438568,repair_queue,10,1,2,1,1,11
19779.157013068518,failure,10,0,2,1,1,10
19779.157013068518,repair_queue,10,0,3,2,1,10
19779.877008324016,repair_finish,10,1,2,2,0,11
19779.877008324016,repair_start,10,1,2,1,1,11
19780.884018626377,repair_finish,10,2,1,1,0,12
19780.884018626377,repair_start,10,2,1,0,1,12
19782.174365915933,repair_finish,10,3,0,0,0,13
19795.14201648323,failure,10,2,0,0,0,12
19795.14201648323,repair_start,10,2,1,0,1,12
19796.447890638887,repair_finish,10,3,0,0,0,13
19803.21780396779,failure,10,2,0,0,0,12
19803.21780396779,repair_start,10,2,1,0,1,12
19803.548772832328,repair_finish,10,3,0,0,0,13
19812.04562357003,failure,10,2,0,0,0,12
19812.04562357003,repair_start,10,2,1,0,1,12
19814.082175671912,repair_finish,10,3,0,0,0,13
19817.300739571474,failure,10,2,0,0,0,12
19817.300739571474,repair_start,10,2,1,0,1,12
19819.581904162616,repair_finish,10,3,0,0,0,13
19832.153395430072,failure,10,2,0,0,0,12
19832.153395430072,repair_start,10,2,1,0,1,12
19832.230886240406,repair_finish,10,3,0,0,0,13
19837.315796515875,failure,10,2,0,0,0,12
19837.315796515875,repair_start,10,2,1,0,1,12
19837.68098454852,repair_finish,10,3,0,0,0,13
19839.229905719178,failure,10,2,0,0,0,12
19839.229905719178,repair_start,10,2,1,0,1,12
19839.252590349068,repair_finish,10,3,0,0,0,13
19840.898108411726,failure,10,2,0,0,0,12
19840.898108411726,repair_start,10,2,1,0,1,12
19841.853947238586,repair_finish,10,3,0,0,0,13
19850.952828039084,failure,10,2,0,0,0,12
19850.952828039084,repair_start,10,2,1,0,1,12
19850.9764341474,repair_finish,10,3,0,0,0,13
19854.413485360787,failure,10,2,0,0,0,12
19854.413485360787,repair_start,10,2,1,0,1,12
19856.030647959233,repair_finish,10,3,0,0,0,13
19869.726627806074,failure,10,2,0,0,0,12
19869.726627806074,repair_start,10,2,1,0,1,12
19870.338934759802,repair_finish,10,3,0,0,0,13
19880.006279878977,failure,10,2,0,0,0,12
19880.006279878977,repair_start,10,2,1,0,1,12
19881.96481284798,repair_finish,10,3,0,0,0,13
19887.788811390685,failure,10,2,0,0,0,12
19887.788811390685,repair_start,10,2,1,0,1,12
19888.642726391867,repair_finish,10,3,0,0,0,13
19895.83875715674,failure,10,2,0,0,0,12
19895.83875715674,repair_start,10,2,1,0,1,12
19895.895836290558,repair_finish,10,3,0,0,0,13
19904.784348232435,failure,10,2,0,0,0,12
19904.784348232435,repair_start,10,2,1,0,1,12
19904.994577705223,repair_finish,10,3,0,0,0,13
19936.78567146349,failure,10,2,0,0,0,12
19936.78567146349,repair_start,10,2,1,0,1,12
19937.945308719445,repair_finish,10,3,0,0,0,13
19959.82703925343,failure,10,2,0,0,0,12
19959.82703925343,repair_start,10,2,1,0,1,12
19959.92522591849,repair_finish,10,3,0,0,0,13
19986.492834145654,failure,10,2,0,0,0,12
19986.492834145654,repair_start,10,2,1,0,1,12
19987.273070389758,repair_finish,10,3,0,0,0,13
19993.861567442993,failure,10,2,0,0,0,12
19993.861567442993,repair_start,10,2,1,0,1,12
19994.20974129237,repair_finish,10,3,0,0,0,13
20001.207265002213,failure,10,2,0,0,0,12
20001.207265002213,repair_start,10,2,1,0,1,12
20002.642219274418,failure,10,1,1,0,1,11
20002.642219274418,repair_queue,10,1,2,1,1,11
20002.654795339044,repair_finish,10,2,1,1,0,12
20002.654795339044,repair_start,10,2,1,0,1,12
20004.685487378956,repair_finish,10,3,0,0,0,13
20024.418935997357,failure,10,2,0,0,0,12
20024.418935997357,repair_start,10,2,1,0,1,12
20024.677471872164,failure,10,1,1,0,1,11
20024.677471872164,repair_queue,10,1,2,1,1,11
20025.1264298553,repair_finish,10,2,1,1,0,12
20025.1264298553,repair_start,10,2,1,0,1,12
20025.56778626964,repair_finish,10,3,0,0,0,13
20028.252505999226,failure,10,2,0,0,0,12
20028.252505999226,repair_start,10,2,1,0,1,12
20030.254363225147,repair_finish,10,3,0,0,0,13
20031.531832721656,failure,10,2,0,0,0,12
20031.531832721656,repair_start,10,2,1,0,1,12
20031.772023966776,failure,10,1,1,0,1,11
20031.772023966776,repair_queue,10,1,2,1,1,11
20033.61872109004,repair_finish,10,2,1,1,0,12
20033.61872109004,repair_start,10,2,1,0,1,12
20035.047648302683,failure,10,1,1,0,1,11
20035.047648302683,repair_queue,10,1,2,1,1,11
20036.86624039565,repair_finish,10,2,1,1,0,12
20036.86624039565,repair_start,10,2,1,0,1,12
20037.635607861128,repair_finish,10,3,0,0,0,13
20050.720056965933,failure,10,2,0,0,0,12
20050.720056965933,repair_start,10,2,1,0,1,12
20051.39190351184,failure,10,1,1,0,1,11
20051.39190351184,repair_queue,10,1,2,1,1,11
20053.73476618165,repair_finish,10,2,1,1,0,12
20053.73476618165,repair_start,10,2,1,0,1,12
20054.14191828711,failure,10,1,1,0,1,11
20054.14191828711,repair_queue,10,1,2,1,1,11
20054.59654495697,repair_finish,10,2,1,1,0,12
20054.59654495697,repair_start,10,2,1,0,1,12
20055.632422883824,repair_finish,10,3,0,0,0,13
20063.38984477158,failure,10,2,0,0,0,12
20063.38984477158,repair_start,10,2,1,0,1,12
20063.60457974647,repair_finish,10,3,0,0,0,13
20072.51499980077,failure,10,2,0,0,0,12
20072.51499980077,repair_start,10,2,1,0,1,12
20072.89819114544,repair_finish,10,3,0,0,0,13
20086.257628079846,failure,10,2,0,0,0,12
20086.257628079846,repair_start,10,2,1,0,1,12
20089.2201889016,repair_finish,10,3,0,0,0,13
20095.570143007448,failure,10,2,0,0,0,12
20095.570143007448,repair_start,10,2,1,0,1,12
20096.352889327114,repair_finish,10,3,0,0,0,13
20100.102705651654,failure,10,2,0,0,0,12
20100.102705651654,repair_start,10,2,1,0,1,12
20100.921233045297,repair_finish,10,3,0,0,0,13
20104.265861301927,failure,10,2,0,0,0,12
20104.265861301927,repair_start,10,2,1,0,1,12
20104.64470047623,repair_finish,10,3,0,0,0,13
20108.256035282364,failure,10,2,0,0,0,12
20108.256035282364,repair_start,10,2,1,0,1,12
20108.842266537144,repair_finish,10,3,0,0,0,13
20110.132309902045,failure,10,2,0,0,0,12
20110.132309902045,repair_start,10,2,1,0,1,12
20111.846327725838,repair_finish,10,3,0,0,0,13
20117.96609924958,failure,10,2,0,0,0,12
20117.96609924958,repair_start,10,2,1,0,1,12
20119.348959874507,repair_finish,10,3,0,0,0,13
20134.42124692432,failure,10,2,0,0,0,12
20134.42124692432,repair_start,10,2,1,0,1,12
20136.167486737286,failure,10,1,1,0,1,11
20136.167486737286,repair_queue,10,1,2,1,1,11
20136.407625202617,repair_finish,10,2,1,1,0,12
20136.407625202617,repair_start,10,2,1,0,1,12
20137.419914418082,repair_finish,10,3,0,0,0,13
20137.694683875252,failure,10,2,0,0,0,12
20137.694683875252,repair_start,10,2,1,0,1,12
20137.7131608533,repair_finish,10,3,0,0,0,13
20148.374109861354,failure,10,2,0,0,0,12
20148.374109861354,repair_start,10,2,1,0,1,12
20150.36074726908,repair_finish,10,3,0,0,0,13
20153.04150406801,failure,10,2,0,0,0,12
20153.04150406801,repair_start,10,2,1,0,1,12
20153.261257353653,repair_finish,10,3,0,0,0,13
20172.167176876395,failure,10,2,0,0,0,12
20172.167176876395,repair_start,10,2,1,0,1,12
20172.34345754702,repair_finish,10,3,0,0,0,13
20178.66195534608,failure,10,2,0,0,0,12
20178.66195534608,repair_start,10,2,1,0,1,12
20181.443551849316,repair_finish,10,3,0,0,0,13
20187.99335902995,failure,10,2,0,0,0,12
20187.99335902995,repair_start,10,2,1,0,1,12
20189.092234138923,repair_finish,10,3,0,0,0,13
20198.569584037374,failure,10,2,0,0,0,12
20198.569584037374,repair_start,10,2,1,0,1,12
20200.073864122063,repair_finish,10,3,0,0,0,13
20218.543401791572,failure,10,2,0,0,0,12
20218.543401791572,repair_start,10,2,1,0,1,12
20218.629859012293,repair_finish,10,3,0,0,0,13
20226.927519599732,failure,10,2,0,0,0,12
20226.927519599732,repair_start,10,2,1,0,1,12
20227.83330028337,failure,10,1,1,0,1,11
20227.83330028337,repair_queue,10,1,2,1,1,11
20228.967304332862,repair_finish,10,2,1,1,0,12
20228.967304332862,repair_start,10,2,1,0,1,12
20228.982895840763,repair_finish,10,3,0,0,0,13
20233.233789962687,failure,10,2,0,0,0,12
20233.233789962687,repair_start,10,2,1,0,1,12
20235.57546174338,repair_finish,10,3,0,0,0,13
20247.1081849464,failure,10,2,0,0,0,12
20247.1081849464,repair_start,10,2,1,0,1,12
20248.53028626651,repair_finish,10,3,0,0,0,13
20249.411148181578,failure,10,2,0,0,0,12
20249.411148181578,repair_start,10,2,1,0,1,12
20249.54898805527,repair_finish,10,3,0,0,0,13
20282.410669747478,failure,10,2,0,0,0,12
20282.410669747478,repair_start,10,2,1,0,1,12
20282.90444591592,repair_finish,10,3,0,0,0,13
20323.77094903756,failure,10,2,0,0,0,12
20323.77094903756,repair_start,10,2,1,0,1,12
20327.342118536977,repair_finish,10,3,0,0,0,13
20360.59050496917,failure,10,2,0,0,0,12
20360.59050496917,repair_start,10,2,1,0,1,12
20360.86579881255,failure,10,1,1,0,1,11
20360.86579881255,repair_queue,10,1,2,1,1,11
20363.213188783157,repair_finish,10,2,1,1,0,12
20363.213188783157,repair_start,10,2,1,0,1,12
20363.99411483374,failure,10,1,1,0,1,11
20363.99411483374,repair_queue,10,1,2,1,1,11
20364.66516984468,repair_finish,10,2,1,1,0,12
20364.66516984468,repair_start,10,2,1,0,1,12
20365.633185893555,failure,10,1,1,0,1,11
20365.633185893555,repair_queue,10,1,2,1,1,11
20365.83123197584,failure,10,0,2,1,1,10
20365.83123197584,repair_queue,10,0,3,2,1,10
20367.170668006147,repair_finish,10,1,2,2,0,11
20367.170668006147,repair_start,10,1,2,1,1,11
20367.332612100414,failure,10,0,2,1,1,10
20367.332612100414,repair_queue,10,0,3,2,1,10
20367.579613803668,repair_finish,10,1,2,2,0,11
20367.579613803668,repair_start,10,1,2,1,1,11
20370.135042559617,repair_finish,10,2,1,1,0,12
20370.135042559617,repair_start,10,2,1,0,1,12
20370.151040569934,repair_finish,10,3,0,0,0,13
20374.361934960827,failure,10,2,0,0,0,12
20374.361934960827,repair_start,10,2,1,0,1,12
20375.865656159833,repair_finish,10,3,0,0,0,13
20385.541969789767,failure,10,2,0,0,0,12
20385.541969789767,repair_start,10,2,1,0,1,12
20386.162793619376,repair_finish,10,3,0,0,0,13
20405.614593871614,failure,10,2,0,0,0,12
20405.614593871614,repair_start,10,2,1,0,1,12
20406.259762499423,failure,10,1,1,0,1,11
20406.259762499423,repair_queue,10,1,2,1,1,11
20406.587733395845,repair_finish,10,2,1,1,0,12
20406.587733395845,repair_start,10,2,1,0,1,12
20408.02284121672,repair_finish,10,3,0,0,0,13
20425.352917304655,failure,10,2,0,0,0,12
20425.352917304655,repair_start,10,2,1,0,1,12
20425.760218990305,repair_finish,10,3,0,0,0,13
20441.67726098605,failure,10,2,0,0,0,12
20441.67726098605,repair_start,10,2,1,0,1,12
20443.014477112156,repair_finish,10,3,0,0,0,13
20445.14703278416,failure,10,2,0,0,0,12
20445.14703278416,repair_start,10,2,1,0,1,12
20445.904735818007,repair_finish,10,3,0,0,0,13
20457.483312133594,failure,10,2,0,0,0,12
20457.483312133594,repair_start,10,2,1,0,1,12
20459.017768210255,failure,10,1,1,0,1,11
20459.017768210255,repair_queue,10,1,2,1,1,11
20459.40328229054,repair_finish,10,2,1,1,0,12
20459.40328229054,repair_start,10,2,1,0,1,12
20460.247412682438,repair_finish,10,3,0,0,0,13
20467.23717409228,failure,10,2,0,0,0,12
20467.23717409228,repair_start,10,2,1,0,1,12
20467.47133528463,repair_finish,10,3,0,0,0,13
20469.47203561913,failure,10,2,0,0,0,12
20469.47203561913,repair_start,10,2,1,0,1,12
20470.248750020062,repair_finish,10,3,0,0,0,13
20502.993053157243,failure,10,2,0,0,0,12
20502.993053157243,repair_start,10,2,1,0,1,12
20503.09286224228,repair_finish,10,3,0,0,0,13
20514.141463000942,failure,10,2,0,0,0,12
20514.141463000942,repair_start,10,2,1,0,1,12
20515.13616780565,repair_finish,10,3,0,0,0,13
20547.69757502906,failure,10,2,0,0,0,12
20547.69757502906,repair_start,10,2,1,0,1,12
20548.032920478785,repair_finish,10,3,0,0,0,13
20567.58652867149,failure,10,2,0,0,0,12
20567.58652867149,repair_start,10,2,1,0,1,12
20567.631979667916,repair_finish,10,3,0,0,0,13
20593.45641378499,failure,10,2,0,0,0,12
20593.45641378499,repair_start,10,2,1,0,1,12
20593.71950369264,repair_finish,10,3,0,0,0,13
20600.74911964371,failure,10,2,0,0,0,12
20600.74911964371,repair_start,10,2,1,0,1,12
20601.566626110838,repair_finish,10,3,0,0,0,13
20639.377903562625,failure,10,2,0,0,0,12
20639.377903562625,repair_start,10,2,1,0,1,12
20640.244418393544,repair_finish,10,3,0,0,0,13
20642.64715564818,failure,10,2,0,0,0,12
20642.64715564818,repair_start,10,2,1,0,1,12
20643.24165566728,repair_finish,10,3,0,0,0,13
20643.86016414662,failure,10,2,0,0,0,12
20643.86016414662,repair_start,10,2,1,0,1,12
20643.92105984657,repair_finish,10,3,0,0,0,13
20644.860066210877,failure,10,2,0,0,0,12
20644.860066210877,repair_start,10,2,1,0,1,12
20645.067683147074,repair_finish,10,3,0,0,0,13
20648.757001896363,failure,10,2,0,0,0,12
20648.757001896363,repair_start,10,2,1,0,1,12
20648.93941720398,repair_finish,10,3,0,0,0,13
20657.82996611309,failure,10,2,0,0,0,12
20657.82996611309,repair_start,10,2,1,0,1,12
20660.141352043905,failure,10,1,1,0,1,11
20660.141352043905,repair_queue,10,1,2,1,1,11
20660.241029012173,repair_finish,10,2,1,1,0,12
20660.241029012173,repair_start,10,2,1,0,1,12
20661.841415061477,repair_finish,10,3,0,0,0,13
20693.099782083184,failure,10,2,0,0,0,12
20693.099782083184,repair_start,10,2,1,0,1,12
20693.12276741718,repair_finish,10,3,0,0,0,13
20709.983425548016,failure,10,2,0,0,0,12
20709.983425548016,repair_start,10,2,1,0,1,12
20711.416851868617,repair_finish,10,3,0,0,0,13
20734.281332597096,failure,10,2,0,0,0,12
20734.281332597096,repair_start,10,2,1,0,1,12
20735.487402338746,repair_finish,10,3,0,0,0,13
20762.485166250655,failure,10,2,0,0,0,12
20762.485166250655,repair_start,10,2,1,0,1,12
20762.95353310828,failure,10,1,1,0,1,11
20762.95353310828,repair_queue,10,1,2,1,1,11
20764.236971797596,repair_finish,10,2,1,1,0,12
20764.236971797596,repair_start,10,2,1,0,1,12
20764.79916418067,repair_finish,10,3,0,0,0,13
20767.812627196785,failure,10,2,0,0,0,12
20767.812627196785,repair_start,10,2,1,0,1,12
20768.005675141103,repair_finish,10,3,0,0,0,13
20779.71550054492,failure,10,2,0,0,0,12
20779.71550054492,repair_start,10,2,1,0,1,12
20779.914344579996,repair_finish,10,3,0,0,0,13
20784.44057087153,failure,10,2,0,0,0,12
20784.44057087153,repair_start,10,2,1,0,1,12
20785.62736489988,repair_finish,10,3,0,0,0,13
20790.687811279022,failure,10,2,0,0,0,12
20790.687811279022,repair_start,10,2,1,0,1,12
20792.946171760697,repair_finish,10,3,0,0,0,13
20804.416013003545,failure,10,2,0,0,0,12
20804.416013003545,repair_start,10,2,1,0,1,12
20804.531516545012,repair_finish,10,3,0,0,0,13
20815.04268372465,failure,10,2,0,0,0,12
20815.04268372465,repair_start,10,2,1,0,1,12
20815.59395714403,repair_finish,10,3,0,0,0,13
20852.876996248135,failure,10,2,0,0,0,12
20852.876996248135,repair_start,10,2,1,0,1,12
20853.786181406205,repair_finish,10,3,0,0,0,13
20857.953916683164,failure,10,2,0,0,0,12
20857.953916683164,repair_start,10,2,1,0,1,12
20865.249717835697,repair_finish,10,3,0,0,0,13
20871.214323989745,failure,10,2,0,0,0,12
20871.214323989745,repair_start,10,2,1,0,1,12
20871.291661599724,repair_finish,10,3,0,0,0,13
20874.3166797631,failure,10,2,0,0,0,12
20874.3166797631,repair_start,10,2,1,0,1,12
20874.856120454726,repair_finish,10,3,0,0,0,13
20878.268332568747,failure,10,2,0,0,0,12
20878.268332568747,repair_start,10,2,1,0,1,12
20878.656132791544,repair_finish,10,3,0,0,0,13
20905.276179863165,failure,10,2,0,0,0,12
20905.276179863165,repair_start,10,2,1,0,1,12
20907.346711592738,repair_finish,10,3,0,0,0,13
20912.610426761166,failure,10,2,0,0,0,12
20912.610426761166,repair_start,10,2,1,0,1,12
20913.00010093112,failure,10,1,1,0,1,11
20913.00010093112,repair_queue,10,1,2,1,1,11
20913.5217518147,repair_finish,10,2,1,1,0,12
20913.5217518147,repair_start,10,2,1,0,1,12
20913.570694332317,repair_finish,10,3,0,0,0,13
20917.513071058365,failure,10,2,0,0,0,12
20917.513071058365,repair_start,10,2,1,0,1,12
20917.784456417634,repair_finish,10,3,0,0,0,13
20945.12160668873,failure,10,2,0,0,0,12
20945.12160668873,repair_start,10,2,1,0,1,12
20946.67944702626,repair_finish,10,3,0,0,0,13
20952.038470793537,failure,10,2,0,0,0,12
20952.038470793537,repair_start,10,2,1,0,1,12
20952.822935352688,repair_finish,10,3,0,0,0,13
20978.874974811162,failure,10,2,0,0,0,12
20978.874974811162,repair_start,10,2,1,0,1,12
20980.427873112345,repair_finish,10,3,0,0,0,13
20988.0151892276,failure,10,2,0,0,0,12
20988.0151892276,repair_start,10,2,1,0,1,12
20988.38894208311,repair_finish,10,3,0,0,0,13
21013.797271075204,failure,10,2,0,0,0,12
21013.797271075204,repair_start,10,2,1,0,1,12
21014.51793080072,repair_finish,10,3,0,0,0,13
21015.072436428367,failure,10,2,0,0,0,12
21015.072436428367,repair_start,10,2,1,0,1,12
21015.22266049536,repair_finish,10,3,0,0,0,13
21020.47839077088,failure,10,2,0,0,0,12
21020.47839077088,repair_start,10,2,1,0,1,12
21020.73174608635,repair_finish,10,3,0,0,0,13
21024.07169023502,failure,10,2,0,0,0,12
21024.07169023502,repair_start,10,2,1,0,1,12
21024.966124158313,failure,10,1,1,0,1,11
21024.966124158313,repair_queue,10,1,2,1,1,11
21025.023459566903,repair_finish,10,2,1,1,0,12
21025.023459566903,repair_start,10,2,1,0,1,12
21025.374588764887,failure,10,1,1,0,1,11
21025.374588764887,repair_queue,10,1,2,1,1,11
21027.78749722195,repair_finish,10,2,1,1,0,12
21027.78749722195,repair_start,10,2,1,0,1,12
21029.83282861182,failure,10,1,1,0,1,11
21029.83282861182,repair_queue,10,1,2,1,1,11
21030.29263859743,repair_finish,10,2,1,1,0,12
21030.29263859743,repair_start,10,2,1,0,1,12
21031.073389093166,repair_finish,10,3,0,0,0,13
21031.898218559585,failure,10,2,0,0,0,12
21031.898218559585,repair_start,10,2,1,0,1,12
21032.83302658366,repair_finish,10,3,0,0,0,13
21045.58938382611,failure,10,2,0,0,0,12
21045.58938382611,repair_start,10,2,1,0,1,12
21047.948617218663,repair_finish,10,3,0,0,0,13
21049.236897592997,failure,10,2,0,0,0,12
21049.236897592997,repair_start,10,2,1,0,1,12
21050.46227360708,repair_finish,10,3,0,0,0,13
21053.229331722625,failure,10,2,0,0,0,12
21053.229331722625,repair_start,10,2,1,0,1,12
21054.054129376305,repair_finish,10,3,0,0,0,13
21060.070945590633,failure,10,2,0,0,0,12
21060.070945590633,repair_start,10,2,1,0,1,12
21061.005426753065,repair_finish,10,3,0,0,0,13
21067.26053780754,failure,10,2,0,0,0,12
21067.26053780754,repair_start,10,2,1,0,1,12
21069.86720321596,repair_finish,10,3,0,0,0,13
21072.997030226805,failure,10,2,0,0,0,12
21072.997030226805,repair_start,10,2,1,0,1,12
21073.572640320916,repair_finish,10,3,0,0,0,13
21077.09841210575,failure,10,2,0,0,0,12
21077.09841210575,repair_start,10,2,1,0,1,12
21077.12285768365,failure,10,1,1,0,1,11
21077.12285768365,repair_queue,10,1,2,1,1,11
21077.898773466877,repair_finish,10,2,1,1,0,12
21077.898773466877,repair_start,10,2,1,0,1,12
21078.17148391679,repair_finish,10,3,0,0,0,13
21088.512080915123,failure,10,2,0,0,0,12
21088.512080915123,repair_start,10,2,1,0,1,12
21088.527971457817,repair_finish,10,3,0,0,0,13
21089.87939530851,failure,10,2,0,0,0,12
21089.87939530851,repair_start,10,2,1,0,1,12
21090.267258833384,repair_finish,10,3,0,0,0,13
21095.74125164545,failure,10,2,0,0,0,12
21095.74125164545,repair_start,10,2,1,0,1,12
21097.888581510393,repair_finish,10,3,0,0,0,13
21099.062967396323,failure,10,2,0,0,0,12
21099.062967396323,repair_start,10,2,1,0,1,12
21099.32889446466,repair_finish,10,3,0,0,0,13
21101.19777885027,failure,10,2,0,0,0,12
21101.19777885027,repair_start,10,2,1,0,1,12
21106.437066805498,repair_finish,10,3,0,0,0,13
21106.892726387006,failure,10,2,0,0,0,12
21106.892726387006,repair_start,10,2,1,0,1,12
21107.2216307768,repair_finish,10,3,0,0,0,13
21111.796967800114,failure,10,2,0,0,0,12
21111.796967800114,repair_start,10,2,1,0,1,12
21112.4229485927,repair_finish,10,3,0,0,0,13
21114.969836366272,failure,10,2,0,0,0,12
21114.969836366272,repair_start,10,2,1,0,1,12
21117.54997961293,repair_finish,10,3,0,0,0,13
21118.975720892224,failure,10,2,0,0,0,12
21118.975720892224,repair_start,10,2,1,0,1,12
21119.033402800353,repair_finish,10,3,0,0,0,13
21129.68624568215,failure,10,2,0,0,0,12
21129.68624568215,repair_start,10,2,1,0,1,12
21131.993017305995,repair_finish,10,3,0,0,0,13
21135.115798983785,failure,10,2,0,0,0,12
21135.115798983785,repair_start,10,2,1,0,1,12
21135.471289542307,repair_finish,10,3,0,0,0,13
21189.864368595736,failure,10,2,0,0,0,12
21189.864368595736,repair_start,10,2,1,0,1,12
21190.21674862904,repair_finish,10,3,0,0,0,13
21191.837232768783,failure,10,2,0,0,0,12
21191.837232768783,repair_start,10,2,1,0,1,12
21193.560916000042,repair_finish,10,3,0,0,0,13
21195.91212883573,failure,10,2,0,0,0,12
21195.91212883573,repair_start,10,2,1,0,1,12
21195.914619234132,repair_finish,10,3,0,0,0,13
21212.2278647824,failure,10,2,0,0,0,12
21212.2278647824,repair_start,10,2,1,0,1,12
21212.41272041115,repair_finish,10,3,0,0,0,13
21217.324591120858,failure,10,2,0,0,0,12
21217.324591120858,repair_start,10,2,1,0,1,12
21217.380806721554,repair_finish,10,3,0,0,0,13
21228.573854605103,failure,10,2,0,0,0,12
21228.573854605103,repair_start,10,2,1,0,1,12
21228.689606142136,repair_finish,10,3,0,0,0,13
21247.437390544776,failure,10,2,0,0,0,12
21247.437390544776,repair_start,10,2,1,0,1,12
21248.159658736273,repair_finish,10,3,0,0,0,13
21260.78763105447,failure,10,2,0,0,0,12
21260.78763105447,repair_start,10,2,1,0,1,12
21261.168877467764,repair_finish,10,3,0,0,0,13
21269.963851441385,failure,10,2,0,0,0,12
21269.963851441385,repair_start,10,2,1,0,1,12
21270.764967564708,repair_finish,10,3,0,0,0,13
21284.006358404695,failure,10,2,0,0,0,12
21284.006358404695,repair_start,10,2,1,0,1,12
21284.08764150295,repair_finish,10,3,0,0,0,13
21289.082269048,failure,10,2,0,0,0,12
21289.082269048,repair_start,10,2,1,0,1,12
21290.73926645447,repair_finish,10,3,0,0,0,13
21300.03264377103,failure,10,2,0,0,0,12
21300.03264377103,repair_start,10,2,1,0,1,12
21300.915275914016,repair_finish,10,3,0,0,0,13
21314.28497882227,failure,10,2,0,0,0,12
21314.28497882227,repair_start,10,2,1,0,1,12
21314.98438578494,repair_finish,10,3,0,0,0,13
21322.239302845668,failure,10,2,0,0,0,12
21322.239302845668,repair_start,10,2,1,0,1,12
21323.46820301659,repair_finish,10,3,0,0,0,13
21332.36645691067,failure,10,2,0,0,0,12
21332.36645691067,repair_start,10,2,1,0,1,12
21333.013014032094,repair_finish,10,3,0,0,0,13
21337.761483770144,failure,10,2,0,0,0,12
21337.761483770144,repair_start,10,2,1,0,1,12
21338.344645142937,repair_finish,10,3,0,0,0,13
21340.01035615765,failure,10,2,0,0,0,12
21340.01035615765,repair_start,10,2,1,0,1,12
21340.46999904897,repair_finish,10,3,0,0,0,13
21360.19350750045,failure,10,2,0,0,0,12
21360.19350750045,repair_start,10,2,1,0,1,12
21361.329748696062,repair_finish,10,3,0,0,0,13
21363.901561384395,failure,10,2,0,0,0,12
21363.901561384395,repair_start,10,2,1,0,1,12
21364.45407018798,repair_finish,10,3,0,0,0,13
21372.55623733305,failure,10,2,0,0,0,12
21372.55623733305,repair_start,10,2,1,0,1,12
21374.00300681657,failure,10,1,1,0,1,11
21374.00300681657,repair_queue,10,1,2,1,1,11
21375.762996866848,repair_finish,10,2,1,1,0,12
21375.762996866848,repair_start,10,2,1,0,1,12
21376.33718399238,repair_finish,10,3,0,0,0,13
21383.408809143373,failure,10,2,0,0,0,12
21383.408809143373,repair_start,10,2,1,0,1,12
21385.50638144925,repair_finish,10,3,0,0,0,13
21401.105710205156,failure,10,2,0,0,0,12
21401.105710205156,repair_start,10,2,1,0,1,12
21401.43106435199,repair_finish,10,3,0,0,0,13
21419.256696293298,failure,10,2,0,0,0,12
21419.256696293298,repair_start,10,2,1,0,1,12
21420.32740878792,failure,10,1,1,0,1,11
21420.32740878792,repair_queue,10,1,2,1,1,11
21422.884361765366,repair_finish,10,2,1,1,0,12
21422.884361765366,repair_start,10,2,1,0,1,12
21423.085569691273,repair_finish,10,3,0,0,0,13
21424.95842131558,failure,10,2,0,0,0,12
21424.95842131558,repair_start,10,2,1,0,1,12
21426.136048213582,repair_finish,10,3,0,0,0,13
21434.765066704444,failure,10,2,0,0,0,12
21434.765066704444,repair_start,10,2,1,0,1,12
21435.171975590154,failure,10,1,1,0,1,11
21435.171975590154,repair_queue,10,1,2,1,1,11
21436.20235987393,repair_finish,10,2,1,1,0,12
21436.20235987393,repair_start,10,2,1,0,1,12
21436.72914600764,failure,10,1,1,0,1,11
21436.72914600764,repair_queue,10,1,2,1,1,11
21439.538395394735,repair_finish,10,2,1,1,0,12
21439.538395394735,repair_start,10,2,1,0,1,12
21439.784772818388,repair_finish,10,3,0,0,0,13
21440.691539435575,failure,10,2,0,0,0,12
21440.691539435575,repair_start,10,2,1,0,1,12
21441.409622704472,repair_finish,10,3,0,0,0,13
21450.653313310246,failure,10,2,0,0,0,12
21450.653313310246,repair_start,10,2,1,0,1,12
21451.357928153215,repair_finish,10,3,0,0,0,13
21454.170367169027,failure,10,2,0,0,0,12
21454.170367169027,repair_start,10,2,1,0,1,12
21454.243227264076,repair_finish,10,3,0,0,0,13
21474.052398632786,failure,10,2,0,0,0,12
21474.052398632786,repair_start,10,2,1,0,1,12
21475.060750638957,repair_finish,10,3,0,0,0,13
21479.66408931611,failure,10,2,0,0,0,12
21479.66408931611,repair_start,10,2,1,0,1,12
21479.931851206227,repair_finish,10,3,0,0,0,13
21480.120357228578,failure,10,2,0,0,0,12
21480.120357228578,repair_start,10,2,1,0,1,12
21483.0864393985,repair_finish,10,3,0,0,0,13
21487.719556062195,failure,10,2,0,0,0,12
21487.719556062195,repair_start,10,2,1,0,1,12
21488.274528805145,repair_finish,10,3,0,0,0,13
21493.865857713517,failure,10,2,0,0,0,12
21493.865857713517,repair_start,10,2,1,0,1,12
21494.64494821561,repair_finish,10,3,0,0,0,13
21494.907254084304,failure,10,2,0,0,0,12
21494.907254084304,repair_start,10,2,1,0,1,12
21495.1694348651,repair_finish,10,3,0,0,0,13
21501.633963473367,failure,10,2,0,0,0,12
21501.633963473367,repair_start,10,2,1,0,1,12
21502.330561540402,repair_finish,10,3,0,0,0,13
21507.801212409264,failure,10,2,0,0,0,12
21507.801212409264,repair_start,10,2,1,0,1,12
21509.082292595704,repair_finish,10,3,0,0,0,13
21516.740693810207,failure,10,2,0,0,0,12
21516.740693810207,repair_start,10,2,1,0,1,12
21516.955295974625,repair_finish,10,3,0,0,0,13
21528.61659178447,failure,10,2,0,0,0,12
21528.61659178447,repair_start,10,2,1,0,1,12
21528.8455869857,repair_finish,10,3,0,0,0,13
21534.562289816295,failure,10,2,0,0,0,12
21534.562289816295,repair_start,10,2,1,0,1,12
21535.85402544304,repair_finish,10,3,0,0,0,13
21542.295664699162,failure,10,2,0,0,0,12
21542.295664699162,repair_start,10,2,1,0,1,12
21543.973327296095,repair_finish,10,3,0,0,0,13
21562.39836600334,failure,10,2,0,0,0,12
21562.39836600334,repair_start,10,2,1,0,1,12
21566.06411272862,repair_finish,10,3,0,0,0,13
21583.5772948275,failure,10,2,0,0,0,12
21583.5772948275,repair_start,10,2,1,0,1,12
21583.985317519007,repair_finish,10,3,0,0,0,13
21658.18489525656,failure,10,2,0,0,0,12
21658.18489525656,repair_start,10,2,1,0,1,12
21659.032923772724,repair_finish,10,3,0,0,0,13
21663.99790642529,failure,10,2,0,0,0,12
21663.99790642529,repair_start,10,2,1,0,1,12
21664.07466987288,repair_finish,10,3,0,0,0,13
21672.525405948723,failure,10,2,0,0,0,12
21672.525405948723,repair_start,10,2,1,0,1,12
21673.451886227995,repair_finish,10,3,0,0,0,13
21675.000877283994,failure,10,2,0,0,0,12
21675.000877283994,repair_start,10,2,1,0,1,12
21675.290043379806,repair_finish,10,3,0,0,0,13
21678.15476837952,failure,10,2,0,0,0,12
21678.15476837952,repair_start,10,2,1,0,1,12
21678.728915153235,repair_finish,10,3,0,0,0,13
21680.504293475977,failure,10,2,0,0,0,12
21680.504293475977,repair_start,10,2,1,0,1,12
21680.647011083074,repair_finish,10,3,0,0,0,13
21683.619953821388,failure,10,2,0,0,0,12
21683.619953821388,repair_start,10,2,1,0,1,12
21684.0143357586,failure,10,1,1,0,1,11
21684.0143357586,repair_queue,10,1,2,1,1,11
21684.10981799015,repair_finish,10,2,1,1,0,12
21684.10981799015,repair_start,10,2,1,0,1,12
21685.027739429806,repair_finish,10,3,0,0,0,13
21687.10650508611,failure,10,2,0,0,0,12
21687.10650508611,repair_start,10,2,1,0,1,12
21688.854441701955,repair_finish,10,3,0,0,0,13
21696.526713214414,failure,10,2,0,0,0,12
21696.526713214414,repair_start,10,2,1,0,1,12
21697.623424399484,repair_finish,10,3,0,0,0,13
21713.50764763758,failure,10,2,0,0,0,12
21713.50764763758,repair_start,10,2,1,0,1,12
21714.961864596164,repair_finish,10,3,0,0,0,13
21715.540156516818,failure,10,2,0,0,0,12
21715.540156516818,repair_start,10,2,1,0,1,12
21715.98462618109,repair_finish,10,3,0,0,0,13
21717.546978900522,failure,10,2,0,0,0,12
21717.546978900522,repair_start,10,2,1,0,1,12
21719.344435267776,repair_finish,10,3,0,0,0,13
21729.82538165897,failure,10,2,0,0,0,12
21729.82538165897,repair_start,10,2,1,0,1,12
21730.977297824895,repair_finish,10,3,0,0,0,13
21734.7890972915,failure,10,2,0,0,0,12
21734.7890972915,repair_start,10,2,1,0,1,12
21735.06131975882,repair_finish,10,3,0,0,0,13
21738.54049273802,failure,10,2,0,0,0,12
21738.54049273802,repair_start,10,2,1,0,1,12
21738.552134609712,repair_finish,10,3,0,0,0,13
21743.75052823992,failure,10,2,0,0,0,12
21743.75052823992,repair_start,10,2,1,0,1,12
21747.665679244306,repair_finish,10,3,0,0,0,13
21750.34138337977,failure,10,2,0,0,0,12
21750.34138337977,repair_start,10,2,1,0,1,12
21750.882015184856,repair_finish,10,3,0,0,0,13
21755.31088368554,failure,10,2,0,0,0,12
21755.31088368554,repair_start,10,2,1,0,1,12
21756.027701157327,repair_finish,10,3,0,0,0,13
21756.337212683662,failure,10,2,0,0,0,12
21756.337212683662,repair_start,10,2,1,0,1,12
21758.37346486119,repair_finish,10,3,0,0,0,13
21765.980772006787,failure,10,2,0,0,0,12
21765.980772006787,repair_start,10,2,1,0,1,12
21766.25541065784,repair_finish,10,3,0,0,0,13
21768.58782363732,failure,10,2,0,0,0,12
21768.58782363732,repair_start,10,2,1,0,1,12
21769.846036621904,repair_finish,10,3,0,0,0,13
21773.95016836069,failure,10,2,0,0,0,12
21773.95016836069,repair_start,10,2,1,0,1,12
21775.111321973316,repair_finish,10,3,0,0,0,13
21781.42567197899,failure,10,2,0,0,0,12
21781.42567197899,repair_start,10,2,1,0,1,12
21781.849835011122,repair_finish,10,3,0,0,0,13
21790.149496064252,failure,10,2,0,0,0,12
21790.149496064252,repair_start,10,2,1,0,1,12
21790.94499157799,repair_finish,10,3,0,0,0,13
21811.544424838336,failure,10,2,0,0,0,12
21811.544424838336,repair_start,10,2,1,0,1,12
21811.719789897972,repair_finish,10,3,0,0,0,13
21814.403737594654,failure,10,2,0,0,0,12
21814.403737594654,repair_start,10,2,1,0,1,12
21816.18373438479,repair_finish,10,3,0,0,0,13
21816.702810441835,failure,10,2,0,0,0,12
21816.702810441835,repair_start,10,2,1,0,1,12
21820.62586514629,repair_finish,10,3,0,0,0,13
21823.690685415186,failure,10,2,0,0,0,12
21823.690685415186,repair_start,10,2,1,0,1,12
21825.202406692435,repair_finish,10,3,0,0,0,13
21844.243163094954,failure,10,2,0,0,0,12
21844.243163094954,repair_start,10,2,1,0,1,12
21844.311630621047,repair_finish,10,3,0,0,0,13
21875.326653713608,failure,10,2,0,0,0,12
21875.326653713608,repair_start,10,2,1,0,1,12
21876.119233436075,repair_finish,10,3,0,0,0,13
21911.04491425429,failure,10,2,0,0,0,12
21911.04491425429,repair_start,10,2,1,0,1,12
21911.750355024436,repair_finish,10,3,0,0,0,13
21916.012572472948,failure,10,2,0,0,0,12
21916.012572472948,repair_start,10,2,1,0,1,12
21917.96708049139,repair_finish,10,3,0,0,0,13
21935.149993322364,failure,10,2,0,0,0,12
21935.149993322364,repair_start,10,2,1,0,1,12
21938.137154805416,repair_finish,10,3,0,0,0,13
21947.487762596043,failure,10,2,0,0,0,12
21947.487762596043,repair_start,10,2,1,0,1,12
21947.8957023851,repair_finish,10,3,0,0,0,13
21951.259511439468,failure,10,2,0,0,0,12
21951.259511439468,repair_start,10,2,1,0,1,12
21951.68939310757,repair_finish,10,3,0,0,0,13
21953.283085630574,failure,10,2,0,0,0,12
21953.283085630574,repair_start,10,2,1,0,1,12
21953.983159394975,repair_finish,10,3,0,0,0,13
21954.518780256545,failure,10,2,0,0,0,12
21954.518780256545,repair_start,10,2,1,0,1,12
21956.414480954056,repair_finish,10,3,0,0,0,13
21958.47971426249,failure,10,2,0,0,0,12
21958.47971426249,repair_start,10,2,1,0,1,12
21959.332080106717,repair_finish,10,3,0,0,0,13
21977.231571122662,failure,10,2,0,0,0,12
21977.231571122662,repair_start,10,2,1,0,1,12
21977.600255328074,repair_finish,10,3,0,0,0,13
21989.237014152273,failure,10,2,0,0,0,12
21989.237014152273,repair_start,10,2,1,0,1,12
21989.245436982415,repair_finish,10,3,0,0,0,13
21992.0139927747,failure,10,2,0,0,0,12
21992.0139927747,repair_start,10,2,1,0,1,12
21992.834585605022,repair_finish,10,3,0,0,0,13
22007.209841726664,failure,10,2,0,0,0,12
22007.209841726664,repair_start,10,2,1,0,1,12
22007.4035231037,repair_finish,10,3,0,0,0,13
22008.893718781437,failure,10,2,0,0,0,12
22008.893718781437,repair_start,10,2,1,0,1,12
22010.218391541173,repair_finish,10,3,0,0,0,13
22042.367176507643,failure,10,2,0,0,0,12
22042.367176507643,repair_start,10,2,1,0,1,12
22042.40737615229,repair_finish,10,3,0,0,0,13
22050.760542397944,failure,10,2,0,0,0,12
22050.760542397944,repair_start,10,2,1,0,1,12
22051.20778088222,repair_finish,10,3,0,0,0,13
22053.514690940727,failure,10,2,0,0,0,12
22053.514690940727,repair_start,10,2,1,0,1,12
22054.343997765325,repair_finish,10,3,0,0,0,13
22072.86023107646,failure,10,2,0,0,0,12
22072.86023107646,repair_start,10,2,1,0,1,12
22073.649307628497,repair_finish,10,3,0,0,0,13
22080.949338593648,failure,10,2,0,0,0,12
22080.949338593648,repair_start,10,2,1,0,1,12
22081.003938066435,repair_finish,10,3,0,0,0,13
22107.83068352781,failure,10,2,0,0,0,12
22107.83068352781,repair_start,10,2,1,0,1,12
22109.9021464259,repair_finish,10,3,0,0,0,13
22112.70290719945,failure,10,2,0,0,0,12
22112.70290719945,repair_start,10,2,1,0,1,12
22113.113595726823,repair_finish,10,3,0,0,0,13
22113.12066354946,failure,10,2,0,0,0,12
22113.12066354946,repair_start,10,2,1,0,1,12
22113.681543077997,repair_finish,10,3,0,0,0,13
22123.55515009591,failure,10,2,0,0,0,12
22123.55515009591,repair_start,10,2,1,0,1,12
22125.540213836925,repair_finish,10,3,0,0,0,13
22138.16440738845,failure,10,2,0,0,0,12
22138.16440738845,repair_start,10,2,1,0,1,12
22138.412494776934,failure,10,1,1,0,1,11
22138.412494776934,repair_queue,10,1,2,1,1,11
22139.10306577247,repair_finish,10,2,1,1,0,12
22139.10306577247,repair_start,10,2,1,0,1,12
22139.803658623146,repair_finish,10,3,0,0,0,13
22152.57822982309,failure,10,2,0,0,0,12
22152.57822982309,repair_start,10,2,1,0,1,12
22152.982781305585,repair_finish,10,3,0,0,0,13
22156.836973129462,failure,10,2,0,0,0,12
22156.836973129462,repair_start,10,2,1,0,1,12
22157.942802193113,repair_finish,10,3,0,0,0,13
22184.976631319758,failure,10,2,0,0,0,12
22184.976631319758,repair_start,10,2,1,0,1,12
22184.980203730694,repair_finish,10,3,0,0,0,13
22189.669317270556,failure,10,2,0,0,0,12
22189.669317270556,repair_start,10,2,1,0,1,12
22189.779062322257,repair_finish,10,3,0,0,0,13
22206.902145665343,failure,10,2,0,0,0,12
22206.902145665343,repair_start,10,2,1,0,1,12
22207.347110274408,repair_finish,10,3,0,0,0,13
22221.148609776563,failure,10,2,0,0,0,12
22221.148609776563,repair_start,10,2,1,0,1,12
22221.15917895773,repair_finish,10,3,0,0,0,13
22221.438584097097,failure,10,2,0,0,0,12
22221.438584097097,repair_start,10,2,1,0,1,12
22222.412337913254,repair_finish,10,3,0,0,0,13
22283.204533189917,failure,10,2,0,0,0,12
22283.204533189917,repair_start,10,2,1,0,1,12
22284.111590524193,repair_finish,10,3,0,0,0,13
22308.54698896624,failure,10,2,0,0,0,12
22308.54698896624,repair_start,10,2,1,0,1,12
22308.934030401837,repair_finish,10,3,0,0,0,13
22313.728699411728,failure,10,2,0,0,0,12
22313.728699411728,repair_start,10,2,1,0,1,12
22315.083719307655,repair_finish,10,3,0,0,0,13
22317.44236474935,failure,10,2,0,0,0,12
22317.44236474935,repair_start,10,2,1,0,1,12
22318.151573484945,repair_finish,10,3,0,0,0,13
22318.938832008967,failure,10,2,0,0,0,12
22318.938832008967,repair_start,10,2,1,0,1,12
22320.438823521483,repair_finish,10,3,0,0,0,13
22336.395160640845,failure,10,2,0,0,0,12
22336.395160640845,repair_start,10,2,1,0,1,12
22336.65374659253,repair_finish,10,3,0,0,0,13
22342.1127770192,failure,10,2,0,0,0,12
22342.1127770192,repair_start,10,2,1,0,1,12
22344.272895661994,repair_finish,10,3,0,0,0,13
22344.919644974383,failure,10,2,0,0,0,12
22344.919644974383,repair_start,10,2,1,0,1,12
22345.270745214104,repair_finish,10,3,0,0,0,13
22355.639207906122,failure,10,2,0,0,0,12
22355.639207906122,repair_start,10,2,1,0,1,12
22357.229092350863,repair_finish,10,3,0,0,0,13
22381.82635570287,failure,10,2,0,0,0,12
22381.82635570287,repair_start,10,2,1,0,1,12
22381.87505388917,failure,10,1,1,0,1,11
22381.87505388917,repair_queue,10,1,2,1,1,11
22382.772529065056,repair_finish,10,2,1,1,0,12
22382.772529065056,repair_start,10,2,1,0,1,12
22382.99101759997,repair_finish,10,3,0,0,0,13
22385.09046385199,failure,10,2,0,0,0,12
22385.09046385199,repair_start,10,2,1,0,1,12
22386.708553823795,repair_finish,10,3,0,0,0,13
22405.64940947133,failure,10,2,0,0,0,12
22405.64940947133,repair_start,10,2,1,0,1,12
22407.85979549409,repair_finish,10,3,0,0,0,13
22409.291697626864,failure,10,2,0,0,0,12
22409.291697626864,repair_start,10,2,1,0,1,12
22410.31777680235,repair_finish,10,3,0,0,0,13
22412.53493748724,failure,10,2,0,0,0,12
22412.53493748724,repair_start,10,2,1,0,1,12
22414.615362375385,repair_finish,10,3,0,0,0,13
22419.544491288336,failure,10,2,0,0,0,12
22419.544491288336,repair_start,10,2,1,0,1,12
22419.55372819253,repair_finish,10,3,0,0,0,13
22422.387538423867,failure,10,2,0,0,0,12
22422.387538423867,repair_start,10,2,1,0,1,12
22422.9252480787,repair_finish,10,3,0,0,0,13
22425.4060762517,failure,10,2,0,0,0,12
22425.4060762517,repair_start,10,2,1,0,1,12
22425.751056729998,repair_finish,10,3,0,0,0,13
22444.04652456867,failure,10,2,0,0,0,12
22444.04652456867,repair_start,10,2,1,0,1,12
22444.67960549808,repair_finish,10,3,0,0,0,13
22453.828424658102,failure,10,2,0,0,0,12
22453.828424658102,repair_start,10,2,1,0,1,12
22454.57187448311,repair_finish,10,3,0,0,0,13
22456.30913098596,failure,10,2,0,0,0,12
22456.30913098596,repair_start,10,2,1,0,1,12
22456.79360229517,repair_finish,10,3,0,0,0,13
22469.390519829954,failure,10,2,0,0,0,12
22469.390519829954,repair_start,10,2,1,0,1,12
22476.18118362841,failure,10,1,1,0,1,11
22476.18118362841,repair_queue,10,1,2,1,1,11
22476.46192239799,repair_finish,10,2,1,1,0,12
22476.46192239799,repair_start,10,2,1,0,1,12
22476.513433248507,repair_finish,10,3,0,0,0,13
22481.576198324863,failure,10,2,0,0,0,12
22481.576198324863,repair_start,10,2,1,0,1,12
22482.063313736107,repair_finish,10,3,0,0,0,13
22489.276787210023,failure,10,2,0,0,0,12
22489.276787210023,repair_start,10,2,1,0,1,12
22490.387607024317,repair_finish,10,3,0,0,0,13
22508.085982849552,failure,10,2,0,0,0,12
22508.085982849552,repair_start,10,2,1,0,1,12
22508.77087790527,failure,10,1,1,0,1,11
22508.77087790527,repair_queue,10,1,2,1,1,11
22509.553263268237,repair_finish,10,2,1,1,0,12
22509.553263268237,repair_start,10,2,1,0,1,12
22510.602593038355,repair_finish,10,3,0,0,0,13
22540.796639265627,failure,10,2,0,0,0,12
22540.796639265627,repair_start,10,2,1,0,1,12
22541.061010557096,repair_finish,10,3,0,0,0,13
22547.346674119042,failure,10,2,0,0,0,12
22547.346674119042,repair_start,10,2,1,0,1,12
22547.813823837492,failure,10,1,1,0,1,11
22547.813823837492,repair_queue,10,1,2,1,1,11
22548.60369698121,repair_finish,10,2,1,1,0,12
22548.60369698121,repair_start,10,2,1,0,1,12
22548.87532646675,repair_finish,10,3,0,0,0,13
22553.304086938097,failure,10,2,0,0,0,12
22553.304086938097,repair_start,10,2,1,0,1,12
22553.806031768036,repair_finish,10,3,0,0,0,13
22571.029492394817,failure,10,2,0,0,0,12
22571.029492394817,repair_start,10,2,1,0,1,12
22571.73118067733,repair_finish,10,3,0,0,0,13
22575.71628278365,failure,10,2,0,0,0,12
22575.71628278365,repair_start,10,2,1,0,1,12
22576.14999954383,repair_finish,10,3,0,0,0,13
22581.057608789204,failure,10,2,0,0,0,12
22581.057608789204,repair_start,10,2,1,0,1,12
22582.76354980532,repair_finish,10,3,0,0,0,13
22587.608241386937,failure,10,2,0,0,0,12
22587.608241386937,repair_start,10,2,1,0,1,12
22587.904613097977,repair_finish,10,3,0,0,0,13
22587.92136655225,failure,10,2,0,0,0,12
22587.92136655225,repair_start,10,2,1,0,1,12
22589.18151579118,repair_finish,10,3,0,0,0,13
22593.119568244376,failure,10,2,0,0,0,12
22593.119568244376,repair_start,10,2,1,0,1,12
22593.242441443403,repair_finish,10,3,0,0,0,13
22616.13936463782,failure,10,2,0,0,0,12
22616.13936463782,repair_start,10,2,1,0,1,12
22617.145920512226,repair_finish,10,3,0,0,0,13
22621.229569995936,failure,10,2,0,0,0,12
22621.229569995936,repair_start,10,2,1,0,1,12
22623.881878336782,repair_finish,10,3,0,0,0,13
22626.08885549908,failure,10,2,0,0,0,12
22626.08885549908,repair_start,10,2,1,0,1,12
22626.817398257972,repair_finish,10,3,0,0,0,13
22628.721362973472,failure,10,2,0,0,0,12
22628.721362973472,repair_start,10,2,1,0,1,12
22629.38992480068,repair_finish,10,3,0,0,0,13
22634.69315190549,failure,10,2,0,0,0,12
22634.69315190549,repair_start,10,2,1,0,1,12
22635.013547870967,repair_finish,10,3,0,0,0,13
22635.14615795241,failure,10,2,0,0,0,12
22635.14615795241,repair_start,10,2,1,0,1,12
22635.1645590495,repair_finish,10,3,0,0,0,13
22638.67058393345,failure,10,2,0,0,0,12
22638.67058393345,repair_start,10,2,1,0,1,12
22639.66032737341,repair_finish,10,3,0,0,0,13
22646.449378414396,failure,10,2,0,0,0,12
22646.449378414396,repair_start,10,2,1,0,1,12
22646.9027423423,repair_finish,10,3,0,0,0,13
22647.42833496122,failure,10,2,0,0,0,12
22647.42833496122,repair_start,10,2,1,0,1,12
22648.422917682128,repair_finish,10,3,0,0,0,13
22657.62027365447,failure,10,2,0,0,0,12
22657.62027365447,repair_start,10,2,1,0,1,12
22660.064707923204,failure,10,1,1,0,1,11
22660.064707923204,repair_queue,10,1,2,1,1,11
22662.17403098231,repair_finish,10,2,1,1,0,12
22662.17403098231,repair_start,10,2,1,0,1,12
22662.68590630007,failure,10,1,1,0,1,11
22662.68590630007,repair_queue,10,1,2,1,1,11
22663.66675301879,repair_finish,10,2,1,1,0,12
22663.66675301879,repair_start,10,2,1,0,1,12
22663.984847499058,repair_finish,10,3,0,0,0,13
22664.912270221917,failure,10,2,0,0,0,12
22664.912270221917,repair_start,10,2,1,0,1,12
22666.810850175058,repair_finish,10,3,0,0,0,13
22678.585483840987,failure,10,2,0,0,0,12
22678.585483840987,repair_start,10,2,1,0,1,12
22678.710344694715,repair_finish,10,3,0,0,0,13
22680.517371777845,failure,10,2,0,0,0,12
22680.517371777845,repair_start,10,2,1,0,1,12
22681.396874101665,repair_finish,10,3,0,0,0,13
22693.749101734727,failure,10,2,0,0,0,12
22693.749101734727,repair_start,10,2,1,0,1,12
22693.83957171176,repair_finish,10,3,0,0,0,13
22710.3954338962,failure,10,2,0,0,0,12
22710.3954338962,repair_start,10,2,1,0,1,12
22712.183985427553,repair_finish,10,3,0,0,0,13
22721.523278138247,failure,10,2,0,0,0,12
22721.523278138247,repair_start,10,2,1,0,1,12
22722.13206337376,repair_finish,10,3,0,0,0,13
22772.97065407904,failure,10,2,0,0,0,12
22772.97065407904,repair_start,10,2,1,0,1,12
22773.3974273935,repair_finish,10,3,0,0,0,13
22791.887710178584,failure,10,2,0,0,0,12
22791.887710178584,repair_start,10,2,1,0,1,12
22793.628640652227,repair_finish,10,3,0,0,0,13
22819.714959024026,failure,10,2,0,0,0,12
22819.714959024026,repair_start,10,2,1,0,1,12
22819.810125870074,repair_finish,10,3,0,0,0,13
22820.528363316214,failure,10,2,0,0,0,12
22820.528363316214,repair_start,10,2,1,0,1,12
22821.07028928763,failure,10,1,1,0,1,11
22821.07028928763,repair_queue,10,1,2,1,1,11
22821.626934853433,repair_finish,10,2,1,1,0,12
22821.626934853433,repair_start,10,2,1,0,1,12
22821.787333299315,repair_finish,10,3,0,0,0,13
22857.238786562477,failure,10,2,0,0,0,12
22857.238786562477,repair_start,10,2,1,0,1,12
22858.25393251173,repair_finish,10,3,0,0,0,13
22862.047071494235,failure,10,2,0,0,0,12
22862.047071494235,repair_start,10,2,1,0,1,12
22863.302158723283,repair_finish,10,3,0,0,0,13
22868.1810746177,failure,10,2,0,0,0,12
22868.1810746177,repair_start,10,2,1,0,1,12
22869.15895079105,repair_finish,10,3,0,0,0,13
22879.556168839004,failure,10,2,0,0,0,12
22879.556168839004,repair_start,10,2,1,0,1,12
22880.064130395003,repair_finish,10,3,0,0,0,13
22880.543706915756,failure,10,2,0,0,0,12
22880.543706915756,repair_start,10,2,1,0,1,12
22880.584213807946,repair_finish,10,3,0,0,0,13
22910.91457566706,failure,10,2,0,0,0,12
22910.91457566706,repair_start,10,2,1,0,1,12
22910.937564806405,repair_finish,10,3,0,0,0,13
22913.472027061878,failure,10,2,0,0,0,12
22913.472027061878,repair_start,10,2,1,0,1,12
22914.327200828317,repair_finish,10,3,0,0,0,13
22923.470045061273,failure,10,2,0,0,0,12
22923.470045061273,repair_start,10,2,1,0,1,12
22923.541103629927,repair_finish,10,3,0,0,0,13
22932.804439574982,failure,10,2,0,0,0,12
22932.804439574982,repair_start,10,2,1,0,1,12
22932.941527398783,repair_finish,10,3,0,0,0,13
22934.227486159318,failure,10,2,0,0,0,12
22934.227486159318,repair_start,10,2,1,0,1,12
22934.41968668323,repair_finish,10,3,0,0,0,13
22940.264548843326,failure,10,2,0,0,0,12
22940.264548843326,repair_start,10,2,1,0,1,12
22940.604992099437,repair_finish,10,3,0,0,0,13
22943.453677961657,failure,10,2,0,0,0,12
22943.453677961657,repair_start,10,2,1,0,1,12
22944.055280257195,repair_finish,10,3,0,0,0,13
22966.935971637577,failure,10,2,0,0,0,12
22966.935971637577,repair_start,10,2,1,0,1,12
22966.943249711378,repair_finish,10,3,0,0,0,13
22973.45460580457,failure,10,2,0,0,0,12
22973.45460580457,repair_start,10,2,1,0,1,12
22973.52302419565,repair_finish,10,3,0,0,0,13
22979.34526273051,failure,10,2,0,0,0,12
22979.34526273051,repair_start,10,2,1,0,1,12
22979.397349415685,repair_finish,10,3,0,0,0,13
22989.61680394368,failure,10,2,0,0,0,12
22989.61680394368,repair_start,10,2,1,0,1,12
22991.047315940956,repair_finish,10,3,0,0,0,13
22999.816342923317,failure,10,2,0,0,0,12
22999.816342923317,repair_start,10,2,1,0,1,12
23000.3706641459,repair_finish,10,3,0,0,0,13
23001.605991983684,failure,10,2,0,0,0,12
23001.605991983684,repair_start,10,2,1,0,1,12
23004.40143385215,repair_finish,10,3,0,0,0,13
23027.8578174613,failure,10,2,0,0,0,12
23027.8578174613,repair_start,10,2,1,0,1,12
23028.192042640105,repair_finish,10,3,0,0,0,13
23035.284484443753,failure,10,2,0,0,0,12
23035.284484443753,repair_start,10,2,1,0,1,12
23036.910466746718,repair_finish,10,3,0,0,0,13
23041.474344437196,failure,10,2,0,0,0,12
23041.474344437196,repair_start,10,2,1,0,1,12
23041.554817665026,repair_finish,10,3,0,0,0,13
23041.884104595018,failure,10,2,0,0,0,12
23041.884104595018,repair_start,10,2,1,0,1,12
23041.98068830544,repair_finish,10,3,0,0,0,13
23059.820524994488,failure,10,2,0,0,0,12
23059.820524994488,repair_start,10,2,1,0,1,12
23061.83852205356,repair_finish,10,3,0,0,0,13
23079.703907998977,failure,10,2,0,0,0,12
23079.703907998977,repair_start,10,2,1,0,1,12
23080.82979044302,repair_finish,10,3,0,0,0,13
23096.809320369215,failure,10,2,0,0,0,12
23096.809320369215,repair_start,10,2,1,0,1,12
23097.72049207928,repair_finish,10,3,0,0,0,13
23098.51375719076,failure,10,2,0,0,0,12
23098.51375719076,repair_start,10,2,1,0,1,12
23099.242034492956,repair_finish,10,3,0,0,0,13
23111.864975114826,failure,10,2,0,0,0,12
23111.864975114826,repair_start,10,2,1,0,1,12
23111.94510112931,repair_finish,10,3,0,0,0,13
23124.049050047808,failure,10,2,0,0,0,12
23124.049050047808,repair_start,10,2,1,0,1,12
23124.483057115835,repair_finish,10,3,0,0,0,13
23125.84037694762,failure,10,2,0,0,0,12
23125.84037694762,repair_start,10,2,1,0,1,12
23127.099145396332,repair_finish,10,3,0,0,0,13
23128.767578305436,failure,10,2,0,0,0,12
23128.767578305436,repair_start,10,2,1,0,1,12
23129.08025350865,repair_finish,10,3,0,0,0,13
23133.55205129912,failure,10,2,0,0,0,12
23133.55205129912,repair_start,10,2,1,0,1,12
23134.855813776478,failure,10,1,1,0,1,11
23134.855813776478,repair_queue,10,1,2,1,1,11
23136.83995042105,repair_finish,10,2,1,1,0,12
23136.83995042105,repair_start,10,2,1,0,1,12
23138.36434396914,repair_finish,10,3,0,0,0,13
23139.115363730398,failure,10,2,0,0,0,12
23139.115363730398,repair_start,10,2,1,0,1,12
23140.972647553783,repair_finish,10,3,0,0,0,13
23144.623594535118,failure,10,2,0,0,0,12
23144.623594535118,repair_start,10,2,1,0,1,12
23145.722026228264,repair_finish,10,3,0,0,0,13
23152.77520507227,failure,10,2,0,0,0,12
23152.77520507227,repair_start,10,2,1,0,1,12
23155.038702583217,repair_finish,10,3,0,0,0,13
23155.518975180057,failure,10,2,0,0,0,12
23155.518975180057,repair_start,10,2,1,0,1,12
23156.15229651456,repair_finish,10,3,0,0,0,13
23163.614288786448,failure,10,2,0,0,0,12
23163.614288786448,repair_start,10,2,1,0,1,12
23164.532436350786,repair_finish,10,3,0,0,0,13
23165.110604245103,failure,10,2,0,0,0,12
23165.110604245103,repair_start,10,2,1,0,1,12
23165.422980822783,repair_finish,10,3,0,0,0,13
23184.39259533319,failure,10,2,0,0,0,12
23184.39259533319,repair_start,10,2,1,0,1,12
23184.449870206772,failure,10,1,1,0,1,11
23184.449870206772,repair_queue,10,1,2,1,1,11
23185.96930544431,repair_finish,10,2,1,1,0,12
23185.96930544431,repair_start,10,2,1,0,1,12
23186.085320637547,repair_finish,10,3,0,0,0,13
23198.03017800867,failure,10,2,0,0,0,12
23198.03017800867,repair_start,10,2,1,0,1,12
23198.078390539824,failure,10,1,1,0,1,11
23198.078390539824,repair_queue,10,1,2,1,1,11
23198.656176165157,repair_finish,10,2,1,1,0,12
23198.656176165157,repair_start,10,2,1,0,1,12
23199.295974170403,repair_finish,10,3,0,0,0,13
23211.254477692353,failure,10,2,0,0,0,12
23211.254477692353,repair_start,10,2,1,0,1,12
23211.837122035988,repair_finish,10,3,0,0,0,13
23224.740004901538,failure,10,2,0,0,0,12
23224.740004901538,repair_start,10,2,1,0,1,12
23224.950965767883,repair_finish,10,3,0,0,0,13
23229.453564810578,failure,10,2,0,0,0,12
23229.453564810578,repair_start,10,2,1,0,1,12
23229.868253177363,repair_finish,10,3,0,0,0,13
23238.127246158525,failure,10,2,0,0,0,12
23238.127246158525,repair_start,10,2,1,0,1,12
23240.895513106305,repair_finish,10,3,0,0,0,13
23247.905806023646,failure,10,2,0,0,0,12
23247.905806023646,repair_start,10,2,1,0,1,12
23249.43480938296,repair_finish,10,3,0,0,0,13
23250.815875528166,failure,10,2,0,0,0,12
23250.815875528166,repair_start,10,2,1,0,1,12
23251.89209331313,repair_finish,10,3,0,0,0,13
23253.315135241643,failure,10,2,0,0,0,12
23253.315135241643,repair_start,10,2,1,0,1,12
23254.214873506822,repair_finish,10,3,0,0,0,13
23265.814210465524,failure,10,2,0,0,0,12
23265.814210465524,repair_start,10,2,1,0,1,12
23266.48592129855,repair_finish,10,3,0,0,0,13
23268.360332329186,failure,10,2,0,0,0,12
23268.360332329186,repair_start,10,2,1,0,1,12
23269.03023503412,repair_finish,10,3,0,0,0,13
23276.621265262518,failure,10,2,0,0,0,12
23276.621265262518,repair_start,10,2,1,0,1,12
23277.819032154108,repair_finish,10,3,0,0,0,13
23280.047075348524,failure,10,2,0,0,0,12
23280.047075348524,repair_start,10,2,1,0,1,12
23281.385893508064,repair_finish,10,3,0,0,0,13
23311.857571230088,failure,10,2,0,0,0,12
23311.857571230088,repair_start,10,2,1,0,1,12
23312.264034054504,repair_finish,10,3,0,0,0,13
23322.22463602402,failure,10,2,0,0,0,12
23322.22463602402,repair_start,10,2,1,0,1,12
23323.19183737948,repair_finish,10,3,0,0,0,13
23335.79721619022,failure,10,2,0,0,0,12
23335.79721619022,repair_start,10,2,1,0,1,12
23336.180321097694,repair_finish,10,3,0,0,0,13
23338.42314269755,failure,10,2,0,0,0,12
23338.42314269755,repair_start,10,2,1,0,1,12
23339.994301891646,repair_finish,10,3,0,0,0,13
23340.691443208823,failure,10,2,0,0,0,12
23340.691443208823,repair_start,10,2,1,0,1,12
23341.94996416771,repair_finish,10,3,0,0,0,13
23347.083310366514,failure,10,2,0,0,0,12
23347.083310366514,repair_start,10,2,1,0,1,12
23347.45052217755,repair_finish,10,3,0,0,0,13
23369.862431558005,failure,10,2,0,0,0,12
23369.862431558005,repair_start,10,2,1,0,1,12
23371.559799220333,repair_finish,10,3,0,0,0,13
23372.462310730985,failure,10,2,0,0,0,12
23372.462310730985,repair_start,10,2,1,0,1,12
23373.683490873973,repair_finish,10,3,0,0,0,13
23378.275057607716,failure,10,2,0,0,0,12
23378.275057607716,repair_start,10,2,1,0,1,12
23379.82544160839,repair_finish,10,3,0,0,0,13
23391.350977880666,failure,10,2,0,0,0,12
23391.350977880666,repair_start,10,2,1,0,1,12
23392.01243203782,repair_finish,10,3,0,0,0,13
23401.118175699557,failure,10,2,0,0,0,12
23401.118175699557,repair_start,10,2,1,0,1,12
23402.35511494011,repair_finish,10,3,0,0,0,13
23407.5571803144,failure,10,2,0,0,0,12
23407.5571803144,repair_start,10,2,1,0,1,12
23407.73971104897,repair_finish,10,3,0,0,0,13
23464.571495361302,failure,10,2,0,0,0,12
23464.571495361302,repair_start,10,2,1,0,1,12
23464.76792047889,repair_finish,10,3,0,0,0,13
23468.64403524146,failure,10,2,0,0,0,12
23468.64403524146,repair_start,10,2,1,0,1,12
23468.71345970719,failure,10,1,1,0,1,11
23468.71345970719,repair_queue,10,1,2,1,1,11
23468.80063125814,repair_finish,10,2,1,1,0,12
23468.80063125814,repair_start,10,2,1,0,1,12
23470.318839727464,repair_finish,10,3,0,0,0,13
23494.95551385771,failure,10,2,0,0,0,12
23494.95551385771,repair_start,10,2,1,0,1,12
23495.28639606219,repair_finish,10,3,0,0,0,13
23506.423074684764,failure,10,2,0,0,0,12
23506.423074684764,repair_start,10,2,1,0,1,12
23506.9840746977,failure,10,1,1,0,1,11
23506.9840746977,repair_queue,10,1,2,1,1,11
23507.35357295424,repair_finish,10,2,1,1,0,12
23507.35357295424,repair_start,10,2,1,0,1,12
23507.85280205301,repair_finish,10,3,0,0,0,13
23520.54613643065,failure,10,2,0,0,0,12
23520.54613643065,repair_start,10,2,1,0,1,12
23521.123669905406,repair_finish,10,3,0,0,0,13
23525.28558215072,failure,10,2,0,0,0,12
23525.28558215072,repair_start,10,2,1,0,1,12
23525.456979551964,repair_finish,10,3,0,0,0,13
23530.008853833977,failure,10,2,0,0,0,12
23530.008853833977,repair_start,10,2,1,0,1,12
23531.20039917895,repair_finish,10,3,0,0,0,13
23535.42719279642,failure,10,2,0,0,0,12
23535.42719279642,repair_start,10,2,1,0,1,12
23537.742719547925,repair_finish,10,3,0,0,0,13
23541.103357958986,failure,10,2,0,0,0,12
23541.103357958986,repair_start,10,2,1,0,1,12
23542.82993912994,failure,10,1,1,0,1,11
23542.82993912994,repair_queue,10,1,2,1,1,11
23543.778275890778,repair_finish,10,2,1,1,0,12
23543.778275890778,repair_start,10,2,1,0,1,12
23544.64448672981,repair_finish,10,3,0,0,0,13
23550.69613482465,failure,10,2,0,0,0,12
23550.69613482465,repair_start,10,2,1,0,1,12
23551.932356842513,repair_finish,10,3,0,0,0,13
23596.518685510786,failure,10,2,0,0,0,12
23596.518685510786,repair_start,10,2,1,0,1,12
23598.466049676103,repair_finish,10,3,0,0,0,13
23619.166425708278,failure,10,2,0,0,0,12
23619.166425708278,repair_start,10,2,1,0,1,12
23622.07184186642,repair_finish,10,3,0,0,0,13
23622.810496577626,failure,10,2,0,0,0,12
23622.810496577626,repair_start,10,2,1,0,1,12
23624.713658389624,repair_finish,10,3,0,0,0,13
23629.66932638155,failure,10,2,0,0,0,12
23629.66932638155,repair_start,10,2,1,0,1,12
23631.189938585503,repair_finish,10,3,0,0,0,13
23634.502051186235,failure,10,2,0,0,0,12
23634.502051186235,repair_start,10,2,1,0,1,12
23634.537502634637,repair_finish,10,3,0,0,0,13
23637.317529947897,failure,10,2,0,0,0,12
23637.317529947897,repair_start,10,2,1,0,1,12
23637.430594223093,repair_finish,10,3,0,0,0,13
23641.183682468916,failure,10,2,0,0,0,12
23641.183682468916,repair_start,10,2,1,0,1,12
23641.400338694682,repair_finish,10,3,0,0,0,13
23651.81879813736,failure,10,2,0,0,0,12
23651.81879813736,repair_start,10,2,1,0,1,12
23652.687396547684,repair_finish,10,3,0,0,0,13
23659.463703346566,failure,10,2,0,0,0,12
23659.463703346566,repair_start,10,2,1,0,1,12
23659.78648928813,repair_finish,10,3,0,0,0,13
23676.606743597356,failure,10,2,0,0,0,12
23676.606743597356,repair_start,10,2,1,0,1,12
23677.30259155464,repair_finish,10,3,0,0,0,13
23678.976558975144,failure,10,2,0,0,0,12
23678.976558975144,repair_start,10,2,1,0,1,12
23679.371156947513,repair_finish,10,3,0,0,0,13
23684.207132168038,failure,10,2,0,0,0,12
23684.207132168038,repair_start,10,2,1,0,1,12
23685.73943768489,repair_finish,10,3,0,0,0,13
23695.241202080884,failure,10,2,0,0,0,12
23695.241202080884,repair_start,10,2,1,0,1,12
23698.93488419999,repair_finish,10,3,0,0,0,13
23709.826442784743,failure,10,2,0,0,0,12
23709.826442784743,repair_start,10,2,1,0,1,12
23715.335550231892,repair_finish,10,3,0,0,0,13
23715.654569505863,failure,10,2,0,0,0,12
23715.654569505863,repair_start,10,2,1,0,1,12
23715.849829389907,repair_finish,10,3,0,0,0,13
23721.80856757916,failure,10,2,0,0,0,12
23721.80856757916,repair_start,10,2,1,0,1,12
23721.912041178395,failure,10,1,1,0,1,11
23721.912041178395,repair_queue,10,1,2,1,1,11
23725.17788017997,repair_finish,10,2,1,1,0,12
23725.17788017997,repair_start,10,2,1,0,1,12
23725.39537122041,repair_finish,10,3,0,0,0,13
23730.334766661377,failure,10,2,0,0,0,12
23730.334766661377,repair_start,10,2,1,0,1,12
23732.38629914469,repair_finish,10,3,0,0,0,13
23735.477507435033,failure,10,2,0,0,0,12
23735.477507435033,repair_start,10,2,1,0,1,12
23735.976662209807,repair_finish,10,3,0,0,0,13
23739.8169778276,failure,10,2,0,0,0,12
23739.8169778276,repair_start,10,2,1,0,1,12
23741.202589761153,repair_finish,10,3,0,0,0,13
23752.81612202488,failure,10,2,0,0,0,12
23752.81612202488,repair_start,10,2,1,0,1,12
23753.08456386797,repair_finish,10,3,0,0,0,13
23759.680338671893,failure,10,2,0,0,0,12
23759.680338671893,repair_start,10,2,1,0,1,12
23760.115883993753,repair_finish,10,3,0,0,0,13
23767.034286452425,failure,10,2,0,0,0,12
23767.034286452425,repair_start,10,2,1,0,1,12
23769.67722960443,failure,10,1,1,0,1,11
23769.67722960443,repair_queue,10,1,2,1,1,11
23770.562577079003,repair_finish,10,2,1,1,0,12
23770.562577079003,repair_start,10,2,1,0,1,12
23772.563751965616,repair_finish,10,3,0,0,0,13
23784.938207695115,failure,10,2,0,0,0,12
23784.938207695115,repair_start,10,2,1,0,1,12
23785.56892127955,repair_finish,10,3,0,0,0,13
23785.905827236893,failure,10,2,0,0,0,12
23785.905827236893,repair_start,10,2,1,0,1,12
23786.97546005532,repair_finish,10,3,0,0,0,13
23790.303584468005,failure,10,2,0,0,0,12
23790.303584468005,repair_start,10,2,1,0,1,12
23790.817149505503,repair_finish,10,3,0,0,0,13
23809.66176917844,failure,10,2,0,0,0,12
23809.66176917844,repair_start,10,2,1,0,1,12
23810.50211901618,repair_finish,10,3,0,0,0,13
23811.48926203693,failure,10,2,0,0,0,12
23811.48926203693,repair_start,10,2,1,0,1,12
23812.26665352231,repair_finish,10,3,0,0,0,13
23830.87350579362,failure,10,2,0,0,0,12
23830.87350579362,repair_start,10,2,1,0,1,12
23831.31359200546,repair_finish,10,3,0,0,0,13
23851.91613961274,failure,10,2,0,0,0,12
23851.91613961274,repair_start,10,2,1,0,1,12
23853.594217028127,repair_finish,10,3,0,0,0,13
23861.990965564746,failure,10,2,0,0,0,12
23861.990965564746,repair_start,10,2,1,0,1,12
23863.147042317545,repair_finish,10,3,0,0,0,13
23871.302610208557,failure,10,2,0,0,0,12
23871.302610208557,repair_start,10,2,1,0,1,12
23872.050890700393,repair_finish,10,3,0,0,0,13
23879.768263546433,failure,10,2,0,0,0,12
23879.768263546433,repair_start,10,2,1,0,1,12
23880.034067103552,repair_finish,10,3,0,0,0,13
23908.970106677985,failure,10,2,0,0,0,12
23908.970106677985,repair_start,10,2,1,0,1,12
23911.265947822372,repair_finish,10,3,0,0,0,13
23916.47252354221,failure,10,2,0,0,0,12
23916.47252354221,repair_start,10,2,1,0,1,12
23916.916782737986,repair_finish,10,3,0,0,0,13
23931.978019935897,failure,10,2,0,0,0,12
23931.978019935897,repair_start,10,2,1,0,1,12
23936.67497192363,failure,10,1,1,0,1,11
23936.67497192363,repair_queue,10,1,2,1,1,11
23937.397264248,repair_finish,10,2,1,1,0,12
23937.397264248,repair_start,10,2,1,0,1,12
23937.500608544833,repair_finish,10,3,0,0,0,13
23950.663451852477,failure,10,2,0,0,0,12
23950.663451852477,repair_start,10,2,1,0,1,12
23951.067763735264,repair_finish,10,3,0,0,0,13
23955.395286980605,failure,10,2,0,0,0,12
23955.395286980605,repair_start,10,2,1,0,1,12
23958.398434903593,repair_finish,10,3,0,0,0,13
23972.934659527153,failure,10,2,0,0,0,12
23972.934659527153,repair_start,10,2,1,0,1,12
23975.13176832071,repair_finish,10,3,0,0,0,13
23991.3842688282,failure,10,2,0,0,0,12
23991.3842688282,repair_start,10,2,1,0,1,12
23992.090100654714,repair_finish,10,3,0,0,0,13
23997.6412095894,failure,10,2,0,0,0,12
23997.6412095894,repair_start,10,2,1,0,1,12
23998.786789278092,repair_finish,10,3,0,0,0,13
24004.8108402379,failure,10,2,0,0,0,12
24004.8108402379,repair_start,10,2,1,0,1,12
24005.140627389737,repair_finish,10,3,0,0,0,13
24021.266427944745,failure,10,2,0,0,0,12
24021.266427944745,repair_start,10,2,1,0,1,12
24021.39961894633,repair_finish,10,3,0,0,0,13
24039.391519380413,failure,10,2,0,0,0,12
24039.391519380413,repair_start,10,2,1,0,1,12
24040.214164922272,repair_finish,10,3,0,0,0,13
24051.123588795243,failure,10,2,0,0,0,12
24051.123588795243,repair_start,10,2,1,0,1,12
24053.00108072087,repair_finish,10,3,0,0,0,13
24063.50388769287,failure,10,2,0,0,0,12
24063.50388769287,repair_start,10,2,1,0,1,12
24066.555625709014,repair_finish,10,3,0,0,0,13
24077.350883103325,failure,10,2,0,0,0,12
24077.350883103325,repair_start,10,2,1,0,1,12
24077.908437684586,repair_finish,10,3,0,0,0,13
24090.929570027703,failure,10,2,0,0,0,12
24090.929570027703,repair_start,10,2,1,0,1,12
24094.51839080617,repair_finish,10,3,0,0,0,13
24095.589569262575,failure,10,2,0,0,0,12
24095.589569262575,repair_start,10,2,1,0,1,12
24096.536201977804,repair_finish,10,3,0,0,0,13
24110.757701766637,failure,10,2,0,0,0,12
24110.757701766637,repair_start,10,2,1,0,1,12
24111.96255107188,repair_finish,10,3,0,0,0,13
24156.80994099012,failure,10,2,0,0,0,12
24156.80994099012,repair_start,10,2,1,0,1,12
24158.58023211484,failure,10,1,1,0,1,11
24158.58023211484,repair_queue,10,1,2,1,1,11
24158.769976905274,repair_finish,10,2,1,1,0,12
24158.769976905274,repair_start,10,2,1,0,1,12
24159.23683810594,failure,10,1,1,0,1,11
24159.23683810594,repair_queue,10,1,2,1,1,11
24160.92750368539,repair_finish,10,2,1,1,0,12
24160.92750368539,repair_start,10,2,1,0,1,12
24162.010945541228,repair_finish,10,3,0,0,0,13
24174.272142620768,failure,10,2,0,0,0,12
24174.272142620768,repair_start,10,2,1,0,1,12
24175.53455623986,repair_finish,10,3,0,0,0,13
24196.114742618836,failure,10,2,0,0,0,12
24196.114742618836,repair_start,10,2,1,0,1,12
24196.42592327206,repair_finish,10,3,0,0,0,13
24219.410004247853,failure,10,2,0,0,0,12
24219.410004247853,repair_start,10,2,1,0,1,12
24220.581238562747,repair_finish,10,3,0,0,0,13
24225.18115661004,failure,10,2,0,0,0,12
24225.18115661004,repair_start,10,2,1,0,1,12
24225.244142693267,repair_finish,10,3,0,0,0,13
24227.43092032426,failure,10,2,0,0,0,12
24227.43092032426,repair_start,10,2,1,0,1,12
24228.771838377743,repair_finish,10,3,0,0,0,13
24252.035524411604,failure,10,2,0,0,0,12
24252.035524411604,repair_start,10,2,1,0,1,12
24252.63304336555,repair_finish,10,3,0,0,0,13
24258.318352563838,failure,10,2,0,0,0,12
24258.318352563838,repair_start,10,2,1,0,1,12
24259.274434335828,repair_finish,10,3,0,0,0,13
24261.677831310277,failure,10,2,0,0,0,12
24261.677831310277,repair_start,10,2,1,0,1,12
24263.139668658157,repair_finish,10,3,0,0,0,13
24269.93286138602,failure,10,2,0,0,0,12
24269.93286138602,repair_start,10,2,1,0,1,12
24270.271685014202,repair_finish,10,3,0,0,0,13
24298.192885309843,failure,10,2,0,0,0,12
24298.192885309843,repair_start,10,2,1,0,1,12
24298.3895370294,repair_finish,10,3,0,0,0,13
24301.542199443265,failure,10,2,0,0,0,12
24301.542199443265,repair_start,10,2,1,0,1,12
24302.59231527226,repair_finish,10,3,0,0,0,13
24305.583327990636,failure,10,2,0,0,0,12
24305.583327990636,repair_start,10,2,1,0,1,12
24306.949126578922,repair_finish,10,3,0,0,0,13
24335.8555366168,failure,10,2,0,0,0,12
24335.8555366168,repair_start,10,2,1,0,1,12
24336.593702187885,repair_finish,10,3,0,0,0,13
24338.104276415263,failure,10,2,0,0,0,12
24338.104276415263,repair_start,10,2,1,0,1,12
24340.349188072247,repair_finish,10,3,0,0,0,13
24343.6730899214,failure,10,2,0,0,0,12
24343.6730899214,repair_start,10,2,1,0,1,12
24343.739435605024,repair_finish,10,3,0,0,0,13
24358.722457777236,failure,10,2,0,0,0,12
24358.722457777236,repair_start,10,2,1,0,1,12
24359.720832957762,repair_finish,10,3,0,0,0,13
24362.087371461326,failure,10,2,0,0,0,12
24362.087371461326,repair_start,10,2,1,0,1,12
24364.42805576766,failure,10,1,1,0,1,11
24364.42805576766,repair_queue,10,1,2,1,1,11
24365.367946734998,repair_finish,10,2,1,1,0,12
24365.367946734998,repair_start,10,2,1,0,1,12
24368.097874890253,repair_finish,10,3,0,0,0,13
24375.999933596675,failure,10,2,0,0,0,12
24375.999933596675,repair_start,10,2,1,0,1,12
24376.953245714285,repair_finish,10,3,0,0,0,13
24392.46365139019,failure,10,2,0,0,0,12
24392.46365139019,repair_start,10,2,1,0,1,12
24392.828760249096,repair_finish,10,3,0,0,0,13
24409.88441686243,failure,10,2,0,0,0,12
24409.88441686243,repair_start,10,2,1,0,1,12
24410.942296027828,repair_finish,10,3,0,0,0,13
24430.550936576295,failure,10,2,0,0,0,12
24430.550936576295,repair_start,10,2,1,0,1,12
24431.890771055845,repair_finish,10,3,0,0,0,13
24444.50383908099,failure,10,2,0,0,0,12
24444.50383908099,repair_start,10,2,1,0,1,12
24446.274091802617,repair_finish,10,3,0,0,0,13
24455.562381478576,failure,10,2,0,0,0,12
24455.562381478576,repair_start,10,2,1,0,1,12
24457.865605108916,repair_finish,10,3,0,0,0,13
24461.948396043288,failure,10,2,0,0,0,12
24461.948396043288,repair_start,10,2,1,0,1,12
24463.277262697284,failure,10,1,1,0,1,11
24463.277262697284,repair_queue,10,1,2,1,1,11
24465.549661138186,repair_finish,10,2,1,1,0,12
24465.549661138186,repair_start,10,2,1,0,1,12
24465.55306639238,failure,10,1,1,0,1,11
24465.55306639238,repair_queue,10,1,2,1,1,11
24466.17756127274,repair_finish,10,2,1,1,0,12
24466.17756127274,repair_start,10,2,1,0,1,12
24468.478236925126,repair_finish,10,3,0,0,0,13
24474.67963877859,failure,10,2,0,0,0,12
24474.67963877859,repair_start,10,2,1,0,1,12
24475.634753016817,repair_finish,10,3,0,0,0,13
24476.56301404614,failure,10,2,0,0,0,12
24476.56301404614,repair_start,10,2,1,0,1,12
24477.03343656014,repair_finish,10,3,0,0,0,13
24482.905855829984,failure,10,2,0,0,0,12
24482.905855829984,repair_start,10,2,1,0,1,12
24483.109203151682,repair_finish,10,3,0,0,0,13
24494.23732574404,failure,10,2,0,0,0,12
24494.23732574404,repair_start,10,2,1,0,1,12
24496.02910566675,repair_finish,10,3,0,0,0,13
24498.059442831207,failure,10,2,0,0,0,12
24498.059442831207,repair_start,10,2,1,0,1,12
24499.486375692555,repair_finish,10,3,0,0,0,13
24526.35875215862,failure,10,2,0,0,0,12
24526.35875215862,repair_start,10,2,1,0,1,12
24527.063502187993,repair_finish,10,3,0,0,0,13
24539.065424244513,failure,10,2,0,0,0,12
24539.065424244513,repair_start,10,2,1,0,1,12
24539.89624078558,repair_finish,10,3,0,0,0,13
24541.667275911044,failure,10,2,0,0,0,12
24541.667275911044,repair_start,10,2,1,0,1,12
24543.13841703484,repair_finish,10,3,0,0,0,13
24543.368039861398,failure,10,2,0,0,0,12
24543.368039861398,repair_start,10,2,1,0,1,12
24543.703735590258,repair_finish,10,3,0,0,0,13
24544.11786133164,failure,10,2,0,0,0,12
24544.11786133164,repair_start,10,2,1,0,1,12
24544.804934093827,failure,10,1,1,0,1,11
24544.804934093827,repair_queue,10,1,2,1,1,11
24545.52733495289,repair_finish,10,2,1,1,0,12
24545.52733495289,repair_start,10,2,1,0,1,12
24548.25461426427,repair_finish,10,3,0,0,0,13
24568.898507920883,failure,10,2,0,0,0,12
24568.898507920883,repair_start,10,2,1,0,1,12
24569.13400902736,repair_finish,10,3,0,0,0,13
24574.657056193973,failure,10,2,0,0,0,12
24574.657056193973,repair_start,10,2,1,0,1,12
24575.948922355146,repair_finish,10,3,0,0,0,13
24576.021664199016,failure,10,2,0,0,0,12
24576.021664199016,repair_start,10,2,1,0,1,12
24576.86219722727,repair_finish,10,3,0,0,0,13
24580.31531257993,failure,10,2,0,0,0,12
24580.31531257993,repair_start,10,2,1,0,1,12
24580.454363462708,repair_finish,10,3,0,0,0,13
24616.34465361069,failure,10,2,0,0,0,12
24616.34465361069,repair_start,10,2,1,0,1,12
24616.545108319282,repair_finish,10,3,0,0,0,13
24622.3205452244,failure,10,2,0,0,0,12
24622.3205452244,repair_start,10,2,1,0,1,12
24622.653473479993,repair_finish,10,3,0,0,0,13
24622.787002972516,failure,10,2,0,0,0,12
24622.787002972516,repair_start,10,2,1,0,1,12
24623.027729897338,repair_finish,10,3,0,0,0,13
24626.753732364145,failure,10,2,0,0,0,12
24626.753732364145,repair_start,10,2,1,0,1,12
24628.99843104405,repair_finish,10,3,0,0,0,13
24634.574763438715,failure,10,2,0,0,0,12
24634.574763438715,repair_start,10,2,1,0,1,12
24635.109712492904,repair_finish,10,3,0,0,0,13
24665.750785402437,failure,10,2,0,0,0,12
24665.750785402437,repair_start,10,2,1,0,1,12
24666.6182230894,repair_finish,10,3,0,0,0,13
24667.62400785927,failure,10,2,0,0,0,12
24667.62400785927,repair_start,10,2,1,0,1,12
24668.05799476574,repair_finish,10,3,0,0,0,13
24668.734700046145,failure,10,2,0,0,0,12
24668.734700046145,repair_start,10,2,1,0,1,12
24669.979055956774,repair_finish,10,3,0,0,0,13
24679.872809757613,failure,10,2,0,0,0,12
24679.872809757613,repair_start,10,2,1,0,1,12
24681.594604481656,repair_finish,10,3,0,0,0,13
24730.46848590556,failure,10,2,0,0,0,12
24730.46848590556,repair_start,10,2,1,0,1,12
24731.9289784811,repair_finish,10,3,0,0,0,13
24734.428947871253,failure,10,2,0,0,0,12
24734.428947871253,repair_start,10,2,1,0,1,12
24734.874496150853,repair_finish,10,3,0,0,0,13
24735.637622952818,failure,10,2,0,0,0,12
24735.637622952818,repair_start,10,2,1,0,1,12
24737.58797417292,repair_finish,10,3,0,0,0,13
24738.69950348781,failure,10,2,0,0,0,12
24738.69950348781,repair_start,10,2,1,0,1,12
24739.713429106465,failure,10,1,1,0,1,11
24739.713429106465,repair_queue,10,1,2,1,1,11
24739.74441824141,failure,10,0,2,1,1,10
24739.74441824141,repair_queue,10,0,3,2,1,10
24740.130609848293,repair_finish,10,1,2,2,0,11
24740.130609848293,repair_start,10,1,2,1,1,11
24740.388971100216,repair_finish,10,2,1,1,0,12
24740.388971100216,repair_start,10,2,1,0,1,12
24742.856832788544,repair_finish,10,3,0,0,0,13
24753.434973714386,failure,10,2,0,0,0,12
24753.434973714386,repair_start,10,2,1,0,1,12
24753.74491551653,repair_finish,10,3,0,0,0,13
24759.459864029523,failure,10,2,0,0,0,12
24759.459864029523,repair_start,10,2,1,0,1,12
24762.120910512578,repair_finish,10,3,0,0,0,13
24780.636251998647,failure,10,2,0,0,0,12
24780.636251998647,repair_start,10,2,1,0,1,12
24780.79576343823,repair_finish,10,3,0,0,0,13
24806.984634851666,failure,10,2,0,0,0,12
24806.984634851666,repair_start,10,2,1,0,1,12
24808.463494328727,repair_finish,10,3,0,0,0,13
24816.76596594471,failure,10,2,0,0,0,12
24816.76596594471,repair_start,10,2,1,0,1,12
24819.30106700439,repair_finish,10,3,0,0,0,13
24819.574078932805,failure,10,2,0,0,0,12
24819.574078932805,repair_start,10,2,1,0,1,12
24820.11966724165,repair_finish,10,3,0,0,0,13
24838.455243031454,failure,10,2,0,0,0,12
24838.455243031454,repair_start,10,2,1,0,1,12
24838.80905738153,repair_finish,10,3,0,0,0,13
24849.01864945034,failure,10,2,0,0,0,12
24849.01864945034,repair_start,10,2,1,0,1,12
24849.29828709599,repair_finish,10,3,0,0,0,13
24852.70342654821,failure,10,2,0,0,0,12
24852.70342654821,repair_start,10,2,1,0,1,12
24853.059677884085,repair_finish,10,3,0,0,0,13
24871.533248177973,failure,10,2,0,0,0,12
24871.533248177973,repair_start,10,2,1,0,1,12
24872.07494815717,repair_finish,10,3,0,0,0,13
24888.22340508289,failure,10,2,0,0,0,12
24888.22340508289,repair_start,10,2,1,0,1,12
24889.205047333227,repair_finish,10,3,0,0,0,13
24893.039073700686,failure,10,2,0,0,0,12
24893.039073700686,repair_start,10,2,1,0,1,12
24893.661277470328,repair_finish,10,3,0,0,0,13
24904.081736579432,failure,10,2,0,0,0,12
24904.081736579432,repair_start,10,2,1,0,1,12
24904.15487564559,repair_finish,10,3,0,0,0,13
24912.858950750604,failure,10,2,0,0,0,12
24912.858950750604,repair_start,10,2,1,0,1,12
24914.799717292335,repair_finish,10,3,0,0,0,13
24928.663964560794,failure,10,2,0,0,0,12
24928.663964560794,repair_start,10,2,1,0,1,12
24929.729086343137,repair_finish,10,3,0,0,0,13
24933.07883661798,failure,10,2,0,0,0,12
24933.07883661798,repair_start,10,2,1,0,1,12
24933.60566389659,repair_finish,10,3,0,0,0,13
24939.567965577284,failure,10,2,0,0,0,12
24939.567965577284,repair_start,10,2,1,0,1,12
24939.973613687813,repair_finish,10,3,0,0,0,13
24942.31171144212,failure,10,2,0,0,0,12
24942.31171144212,repair_start,10,2,1,0,1,12
24942.384345141254,failure,10,1,1,0,1,11
24942.384345141254,repair_queue,10,1,2,1,1,11
24943.778812049306,repair_finish,10,2,1,1,0,12
24943.778812049306,repair_start,10,2,1,0,1,12
24944.26590830391,repair_finish,10,3,0,0,0,13
24974.88881410314,failure,10,2,0,0,0,12
24974.88881410314,repair_start,10,2,1,0,1,12
24975.52328807219,repair_finish,10,3,0,0,0,13
24975.650801574582,failure,10,2,0,0,0,12
24975.650801574582,repair_start,10,2,1,0,1,12
24976.564467038737,repair_finish,10,3,0,0,0,13
24980.610085934244,failure,10,2,0,0,0,12
24980.610085934244,repair_start,10,2,1,0,1,12
24981.145185506026,repair_finish,10,3,0,0,0,13
24999.23773812121,failure,10,2,0,0,0,12
24999.23773812121,repair_start,10,2,1,0,1,12
25000.2107531741,repair_finish,10,3,0,0,0,13
25013.26957624197,failure,10,2,0,0,0,12
25013.26957624197,repair_start,10,2,1,0,1,12
25013.50918808304,repair_finish,10,3,0,0,0,13
25017.195390865712,failure,10,2,0,0,0,12
25017.195390865712,repair_start,10,2,1,0,1,12
25017.367819306273,repair_finish,10,3,0,0,0,13
25018.726318881352,failure,10,2,0,0,0,12
25018.726318881352,repair_start,10,2,1,0,1,12
25018.790928053866,repair_finish,10,3,0,0,0,13
25019.87347396968,failure,10,2,0,0,0,12
25019.87347396968,repair_start,10,2,1,0,1,12
25020.32632990859,failure,10,1,1,0,1,11
25020.32632990859,repair_queue,10,1,2,1,1,11
25020.83254792639,repair_finish,10,2,1,1,0,12
25020.83254792639,repair_start,10,2,1,0,1,12
25021.188563772637,repair_finish,10,3,0,0,0,13
25023.373628915215,failure,10,2,0,0,0,12
25023.373628915215,repair_start,10,2,1,0,1,12
25024.55124488148,repair_finish,10,3,0,0,0,13
25028.796159162255,failure,10,2,0,0,0,12
25028.796159162255,repair_start,10,2,1,0,1,12
25030.63305713857,repair_finish,10,3,0,0,0,13
25032.611488819697,failure,10,2,0,0,0,12
25032.611488819697,repair_start,10,2,1,0,1,12
25032.91056420095,repair_finish,10,3,0,0,0,13
25063.0455576667,failure,10,2,0,0,0,12
25063.0455576667,repair_start,10,2,1,0,1,12
25063.495895645978,repair_finish,10,3,0,0,0,13
25064.43035891333,failure,10,2,0,0,0,12
25064.43035891333,repair_start,10,2,1,0,1,12
25065.902322238937,repair_finish,10,3,0,0,0,13
25076.733389529338,failure,10,2,0,0,0,12
25076.733389529338,repair_start,10,2,1,0,1,12
25079.89279197695,repair_finish,10,3,0,0,0,13
25086.41820194886,failure,10,2,0,0,0,12
25086.41820194886,repair_start,10,2,1,0,1,12
25087.397254298205,repair_finish,10,3,0,0,0,13
25091.74301278394,failure,10,2,0,0,0,12
25091.74301278394,repair_start,10,2,1,0,1,12
25091.943200423182,repair_finish,10,3,0,0,0,13
25106.523693737618,failure,10,2,0,0,0,12
25106.523693737618,repair_start,10,2,1,0,1,12
25109.544660218064,repair_finish,10,3,0,0,0,13
25125.814276309422,failure,10,2,0,0,0,12
25125.814276309422,repair_start,10,2,1,0,1,12
25128.2161382126,repair_finish,10,3,0,0,0,13
25139.680339266775,failure,10,2,0,0,0,12
25139.680339266775,repair_start,10,2,1,0,1,12
25141.837305129222,repair_finish,10,3,0,0,0,13
25146.730364928564,failure,10,2,0,0,0,12
25146.730364928564,repair_start,10,2,1,0,1,12
25147.66075966141,repair_finish,10,3,0,0,0,13
25162.064081192737,failure,10,2,0,0,0,12
25162.064081192737,repair_start,10,2,1,0,1,12
25162.339175434685,repair_finish,10,3,0,0,0,13
25167.28853116155,failure,10,2,0,0,0,12
25167.28853116155,repair_start,10,2,1,0,1,12
25167.369897110573,repair_finish,10,3,0,0,0,13
25172.289043381545,failure,10,2,0,0,0,12
25172.289043381545,repair_start,10,2,1,0,1,12
25173.239109527447,repair_finish,10,3,0,0,0,13
25180.198998596872,failure,10,2,0,0,0,12
25180.198998596872,repair_start,10,2,1,0,1,12
25180.42744591109,repair_finish,10,3,0,0,0,13
25183.119482793074,failure,10,2,0,0,0,12
25183.119482793074,repair_start,10,2,1,0,1,12
25183.99159829968,repair_finish,10,3,0,0,0,13
25185.737086902704,failure,10,2,0,0,0,12
25185.737086902704,repair_start,10,2,1,0,1,12
25187.428564705933,repair_finish,10,3,0,0,0,13
25196.023904138565,failure,10,2,0,0,0,12
25196.023904138565,repair_start,10,2,1,0,1,12
25196.562493088644,repair_finish,10,3,0,0,0,13
25201.744568392744,failure,10,2,0,0,0,12
25201.744568392744,repair_start,10,2,1,0,1,12
25202.086118304233,repair_finish,10,3,0,0,0,13
25210.935907296545,failure,10,2,0,0,0,12
25210.935907296545,repair_start,10,2,1,0,1,12
25211.49171908581,repair_finish,10,3,0,0,0,13
25222.410997219198,failure,10,2,0,0,0,12
25222.410997219198,repair_start,10,2,1,0,1,12
25225.9967392858,repair_finish,10,3,0,0,0,13
25242.922964511683,failure,10,2,0,0,0,12
25242.922964511683,repair_start,10,2,1,0,1,12
25245.248119175616,repair_finish,10,3,0,0,0,13
25267.516134272686,failure,10,2,0,0,0,12
25267.516134272686,repair_start,10,2,1,0,1,12
25267.86422487752,repair_finish,10,3,0,0,0,13
25277.200234558397,failure,10,2,0,0,0,12
25277.200234558397,repair_start,10,2,1,0,1,12
25278.213291821703,repair_finish,10,3,0,0,0,13
25278.550788978413,failure,10,2,0,0,0,12
25278.550788978413,repair_start,10,2,1,0,1,12
25282.184443192218,repair_finish,10,3,0,0,0,13
25296.944228283348,failure,10,2,0,0,0,12
25296.944228283348,repair_start,10,2,1,0,1,12
25298.528929576867,repair_finish,10,3,0,0,0,13
25310.7134285817,failure,10,2,0,0,0,12
25310.7134285817,repair_start,10,2,1,0,1,12
25311.43007097802,repair_finish,10,3,0,0,0,13
25316.22051003328,failure,10,2,0,0,0,12
25316.22051003328,repair_start,10,2,1,0,1,12
25316.670845177166,repair_finish,10,3,0,0,0,13
25321.524400332957,failure,10,2,0,0,0,12
25321.524400332957,repair_start,10,2,1,0,1,12
25321.744914747007,repair_finish,10,3,0,0,0,13
25334.447964908613,failure,10,2,0,0,0,12
25334.447964908613,repair_start,10,2,1,0,1,12
25335.12971466277,repair_finish,10,3,0,0,0,13
25366.97425949238,failure,10,2,0,0,0,12
25366.97425949238,repair_start,10,2,1,0,1,12
25367.13218807967,repair_finish,10,3,0,0,0,13
25371.82955154214,failure,10,2,0,0,0,12
25371.82955154214,repair_start,10,2,1,0,1,12
25372.947613013446,repair_finish,10,3,0,0,0,13
25404.491944784644,failure,10,2,0,0,0,12
25404.491944784644,repair_start,10,2,1,0,1,12
25405.166436283627,repair_finish,10,3,0,0,0,13
25406.150399487622,failure,10,2,0,0,0,12
25406.150399487622,repair_start,10,2,1,0,1,12
25406.948200570892,repair_finish,10,3,0,0,0,13
25416.261871238567,failure,10,2,0,0,0,12
25416.261871238567,repair_start,10,2,1,0,1,12
25416.60239089315,repair_finish,10,3,0,0,0,13
25424.441724767126,failure,10,2,0,0,0,12
25424.441724767126,repair_start,10,2,1,0,1,12
25426.00066642739,repair_finish,10,3,0,0,0,13
25436.515530554745,failure,10,2,0,0,0,12
25436.515530554745,repair_start,10,2,1,0,1,12
25439.968268893568,repair_finish,10,3,0,0,0,13
25490.681050358206,failure,10,2,0,0,0,12
25490.681050358206,repair_start,10,2,1,0,1,12
25491.1954091635,repair_finish,10,3,0,0,0,13
25493.654946009385,failure,10,2,0,0,0,12
25493.654946009385,repair_start,10,2,1,0,1,12
25493.762839603307,repair_finish,10,3,0,0,0,13
25511.7427581641,failure,10,2,0,0,0,12
25511.7427581641,repair_start,10,2,1,0,1,12
25512.971791648255,repair_finish,10,3,0,0,0,13
25520.289881353885,failure,10,2,0,0,0,12
25520.289881353885,repair_start,10,2,1,0,1,12
25520.847294501258,repair_finish,10,3,0,0,0,13
25544.360714584673,failure,10,2,0,0,0,12
25544.360714584673,repair_start,10,2,1,0,1,12
25544.955104515047,repair_finish,10,3,0,0,0,13
25550.5063824111,failure,10,2,0,0,0,12
25550.5063824111,repair_start,10,2,1,0,1,12
25550.630100375638,repair_finish,10,3,0,0,0,13
25557.643780651815,failure,10,2,0,0,0,12
25557.643780651815,repair_start,10,2,1,0,1,12
25558.639695424237,repair_finish,10,3,0,0,0,13
25589.33443365574,failure,10,2,0,0,0,12
25589.33443365574,repair_start,10,2,1,0,1,12
25590.480071933165,repair_finish,10,3,0,0,0,13
25593.807738623676,failure,10,2,0,0,0,12
25593.807738623676,repair_start,10,2,1,0,1,12
25593.811176623523,repair_finish,10,3,0,0,0,13
25597.64402839135,failure,10,2,0,0,0,12
25597.64402839135,repair_start,10,2,1,0,1,12
25597.669357256178,failure,10,1,1,0,1,11
25597.669357256178,repair_queue,10,1,2,1,1,11
25597.721102227453,repair_finish,10,2,1,1,0,12
25597.721102227453,repair_start,10,2,1,0,1,12
25598.69662244615,repair_finish,10,3,0,0,0,13
25601.184577597945,failure,10,2,0,0,0,12
25601.184577597945,repair_start,10,2,1,0,1,12
25602.94815074808,repair_finish,10,3,0,0,0,13
25617.94058469907,failure,10,2,0,0,0,12
25617.94058469907,repair_start,10,2,1,0,1,12
25618.258647450162,repair_finish,10,3,0,0,0,13
25619.89215152479,failure,10,2,0,0,0,12
25619.89215152479,repair_start,10,2,1,0,1,12
25621.17301288338,repair_finish,10,3,0,0,0,13
25622.392611787083,failure,10,2,0,0,0,12
25622.392611787083,repair_start,10,2,1,0,1,12
25622.666297764874,repair_finish,10,3,0,0,0,13
25631.066355709077,failure,10,2,0,0,0,12
25631.066355709077,repair_start,10,2,1,0,1,12
25632.32186041817,repair_finish,10,3,0,0,0,13
25633.101639782115,failure,10,2,0,0,0,12
25633.101639782115,repair_start,10,2,1,0,1,12
25633.68022351941,repair_finish,10,3,0,0,0,13
25654.9730194103,failure,10,2,0,0,0,12
25654.9730194103,repair_start,10,2,1,0,1,12
25656.103992578523,repair_finish,10,3,0,0,0,13
25665.498791218342,failure,10,2,0,0,0,12
25665.498791218342,repair_start,10,2,1,0,1,12
25666.628639533454,repair_finish,10,3,0,0,0,13
25672.218857497108,failure,10,2,0,0,0,12
25672.218857497108,repair_start,10,2,1,0,1,12
25673.99468920144,repair_finish,10,3,0,0,0,13
25684.68803497458,failure,10,2,0,0,0,12
25684.68803497458,repair_start,10,2,1,0,1,12
25684.878712895774,failure,10,1,1,0,1,11
25684.878712895774,repair_queue,10,1,2,1,1,11
25685.635039579247,failure,10,0,2,1,1,10
25685.635039579247,repair_queue,10,0,3,2,1,10
25686.032483480314,repair_finish,10,1,2,2,0,11
25686.032483480314,repair_start,10,1,2,1,1,11
25687.74355823132,repair_finish,10,2,1,1,0,12
25687.74355823132,repair_start,10,2,1,0,1,12
25687.944656007036,repair_finish,10,3,0,0,0,13
25695.280479333494,failure,10,2,0,0,0,12
25695.280479333494,repair_start,10,2,1,0,1,12
25696.716665604636,repair_finish,10,3,0,0,0,13
25703.43601577967,failure,10,2,0,0,0,12
25703.43601577967,repair_start,10,2,1,0,1,12
25703.467212596286,repair_finish,10,3,0,0,0,13
25724.306064098284,failure,10,2,0,0,0,12
25724.306064098284,repair_start,10,2,1,0,1,12
25726.11871661276,failure,10,1,1,0,1,11
25726.11871661276,repair_queue,10,1,2,1,1,11
25729.301203986455,repair_finish,10,2,1,1,0,12
25729.301203986455,repair_start,10,2,1,0,1,12
25729.71448068636,repair_finish,10,3,0,0,0,13
25730.837147999995,failure,10,2,0,0,0,12
25730.837147999995,repair_start,10,2,1,0,1,12
25731.16167373775,repair_finish,10,3,0,0,0,13
25736.063943735902,failure,10,2,0,0,0,12
25736.063943735902,repair_start,10,2,1,0,1,12
25736.125340552127,repair_finish,10,3,0,0,0,13
25741.17546972793,failure,10,2,0,0,0,12
25741.17546972793,repair_start,10,2,1,0,1,12
25741.930470083353,repair_finish,10,3,0,0,0,13
25745.555487157948,failure,10,2,0,0,0,12
25745.555487157948,repair_start,10,2,1,0,1,12
25745.558392109782,repair_finish,10,3,0,0,0,13
25749.66620180099,failure,10,2,0,0,0,12
25749.66620180099,repair_start,10,2,1,0,1,12
25750.28442211681,repair_finish,10,3,0,0,0,13
25766.062249169023,failure,10,2,0,0,0,12
25766.062249169023,repair_start,10,2,1,0,1,12
25767.487494170895,repair_finish,10,3,0,0,0,13
25776.36005504223,failure,10,2,0,0,0,12
25776.36005504223,repair_start,10,2,1,0,1,12
25779.866881584057,repair_finish,10,3,0,0,0,13
25786.335220915942,failure,10,2,0,0,0,12
25786.335220915942,repair_start,10,2,1,0,1,12
25787.059713587547,failure,10,1,1,0,1,11
25787.059713587547,repair_queue,10,1,2,1,1,11
25795.56882137396,repair_finish,10,2,1,1,0,12
25795.56882137396,repair_start,10,2,1,0,1,12
25795.623168288937,repair_finish,10,3,0,0,0,13
25805.676469339513,failure,10,2,0,0,0,12
25805.676469339513,repair_start,10,2,1,0,1,12
25806.309515161392,repair_finish,10,3,0,0,0,13
25810.822973608327,failure,10,2,0,0,0,12
25810.822973608327,repair_start,10,2,1,0,1,12
25812.769151629218,repair_finish,10,3,0,0,0,13
25814.62453919674,failure,10,2,0,0,0,12
25814.62453919674,repair_start,10,2,1,0,1,12
25815.406313425527,repair_finish,10,3,0,0,0,13
25822.500064104155,failure,10,2,0,0,0,12
25822.500064104155,repair_start,10,2,1,0,1,12
25822.678742348387,repair_finish,10,3,0,0,0,13
25830.925299001192,failure,10,2,0,0,0,12
25830.925299001192,repair_start,10,2,1,0,1,12
25830.94092434228,repair_finish,10,3,0,0,0,13
25852.149245489578,failure,10,2,0,0,0,12
25852.149245489578,repair_start,10,2,1,0,1,12
25852.170603150225,failure,10,1,1,0,1,11
25852.170603150225,repair_queue,10,1,2,1,1,11
25852.5949469759,repair_finish,10,2,1,1,0,12
25852.5949469759,repair_start,10,2,1,0,1,12
25853.42331817285,repair_finish,10,3,0,0,0,13
25860.15092027059,failure,10,2,0,0,0,12
25860.15092027059,repair_start,10,2,1,0,1,12
25860.957939543936,repair_finish,10,3,0,0,0,13
25863.629274633415,failure,10,2,0,0,0,12
25863.629274633415,repair_start,10,2,1,0,1,12
25864.348885245025,repair_finish,10,3,0,0,0,13
25864.869830211326,failure,10,2,0,0,0,12
25864.869830211326,repair_start,10,2,1,0,1,12
25868.37866925672,repair_finish,10,3,0,0,0,13
25875.61190780361,failure,10,2,0,0,0,12
25875.61190780361,repair_start,10,2,1,0,1,12
25875.823926654717,failure,10,1,1,0,1,11
25875.823926654717,repair_queue,10,1,2,1,1,11
25877.39911355254,repair_finish,10,2,1,1,0,12
25877.39911355254,repair_start,10,2,1,0,1,12
25877.423854710134,repair_finish,10,3,0,0,0,13
25890.248085081414,failure,10,2,0,0,0,12
25890.248085081414,repair_start,10,2,1,0,1,12
25890.789771416406,repair_finish,10,3,0,0,0,13
25900.198785705936,failure,10,2,0,0,0,12
25900.198785705936,repair_start,10,2,1,0,1,12
25902.912963339706,repair_finish,10,3,0,0,0,13
25911.952756531977,failure,10,2,0,0,0,12
25911.952756531977,repair_start,10,2,1,0,1,12
25912.02698791814,repair_finish,10,3,0,0,0,13
25913.24406883957,failure,10,2,0,0,0,12
25913.24406883957,repair_start,10,2,1,0,1,12
25913.329462878886,repair_finish,10,3,0,0,0,13
25928.358555583614,failure,10,2,0,0,0,12
25928.358555583614,repair_start,10,2,1,0,1,12
25929.48769056789,failure,10,1,1,0,1,11
25929.48769056789,repair_queue,10,1,2,1,1,11
25930.153208614694,repair_finish,10,2,1,1,0,12
25930.153208614694,repair_start,10,2,1,0,1,12
25930.781653219336,repair_finish,10,3,0,0,0,13
25933.961078086075,failure,10,2,0,0,0,12
25933.961078086075,repair_start,10,2,1,0,1,12
25935.149086190602,repair_finish,10,3,0,0,0,13
25942.47555528917,failure,10,2,0,0,0,12
25942.47555528917,repair_start,10,2,1,0,1,12
25943.047242142573,repair_finish,10,3,0,0,0,13
25945.690988069033,failure,10,2,0,0,0,12
25945.690988069033,repair_start,10,2,1,0,1,12
25946.884629311946,repair_finish,10,3,0,0,0,13
25957.30685960392,failure,10,2,0,0,0,12
25957.30685960392,repair_start,10,2,1,0,1,12
25959.150855311094,failure,10,1,1,0,1,11
25959.150855311094,repair_queue,10,1,2,1,1,11
25960.243007471207,repair_finish,10,2,1,1,0,12
25960.243007471207,repair_start,10,2,1,0,1,12
25961.52679586665,repair_finish,10,3,0,0,0,13
25967.929076328754,failure,10,2,0,0,0,12
25967.929076328754,repair_start,10,2,1,0,1,12
25968.388752182305,repair_finish,10,3,0,0,0,13
25971.65778484846,failure,10,2,0,0,0,12
25971.65778484846,repair_start,10,2,1,0,1,12
25974.761525342332,repair_finish,10,3,0,0,0,13
25977.9736063811,failure,10,2,0,0,0,12
25977.9736063811,repair_start,10,2,1,0,1,12
25978.408400125107,repair_finish,10,3,0,0,0,13
25997.089282594716,failure,10,2,0,0,0,12
25997.089282594716,repair_start,10,2,1,0,1,12
25997.155346404474,repair_finish,10,3,0,0,0,13
26018.760438716206,failure,10,2,0,0,0,12
26018.760438716206,repair_start,10,2,1,0,1,12
26020.245532760808,failure,10,1,1,0,1,11
26020.245532760808,repair_queue,10,1,2,1,1,11
26020.333037871194,repair_finish,10,2,1,1,0,12
26020.333037871194,repair_start,10,2,1,0,1,12
26023.26414516129,repair_finish,10,3,0,0,0,13
26060.315048381184,failure,10,2,0,0,0,12
26060.315048381184,repair_start,10,2,1,0,1,12
26060.562792334757,repair_finish,10,3,0,0,0,13
26080.39941999325,failure,10,2,0,0,0,12
26080.39941999325,repair_start,10,2,1,0,1,12
26080.68831260093,repair_finish,10,3,0,0,0,13
26083.864652438853,failure,10,2,0,0,0,12
26083.864652438853,repair_start,10,2,1,0,1,12
26083.87673358955,repair_finish,10,3,0,0,0,13
26089.689173092393,failure,10,2,0,0,0,12
26089.689173092393,repair_start,10,2,1,0,1,12
26091.20591627527,repair_finish,10,3,0,0,0,13
26107.293119701924,failure,10,2,0,0,0,12
26107.293119701924,repair_start,10,2,1,0,1,12
26107.98649648297,repair_finish,10,3,0,0,0,13
26110.95507655755,failure,10,2,0,0,0,12
26110.95507655755,repair_start,10,2,1,0,1,12
26111.009590651054,repair_finish,10,3,0,0,0,13
26136.457446559096,failure,10,2,0,0,0,12
26136.457446559096,repair_start,10,2,1,0,1,12
26137.00314427485,repair_finish,10,3,0,0,0,13
26149.52087682794,failure,10,2,0,0,0,12
26149.52087682794,repair_start,10,2,1,0,1,12
26149.891418416133,repair_finish,10,3,0,0,0,13
26161.769872376568,failure,10,2,0,0,0,12
26161.769872376568,repair_start,10,2,1,0,1,12
26165.550755300625,repair_finish,10,3,0,0,0,13
26166.21516420721,failure,10,2,0,0,0,12
26166.21516420721,repair_start,10,2,1,0,1,12
26166.40583534101,repair_finish,10,3,0,0,0,13
26176.382997741297,failure,10,2,0,0,0,12
26176.382997741297,repair_start,10,2,1,0,1,12
26176.704348568786,repair_finish,10,3,0,0,0,13
26192.331359140564,failure,10,2,0,0,0,12
26192.331359140564,repair_start,10,2,1,0,1,12
26193.251497084882,repair_finish,10,3,0,0,0,13
26194.50783838035,failure,10,2,0,0,0,12
26194.50783838035,repair_start,10,2,1,0,1,12
26194.50914841503,repair_finish,10,3,0,0,0,13
26205.242686265236,failure,10,2,0,0,0,12
26205.242686265236,repair_start,10,2,1,0,1,12
26206.68724407222,repair_finish,10,3,0,0,0,13
26215.746600025384,failure,10,2,0,0,0,12
26215.746600025384,repair_start,10,2,1,0,1,12
26216.523185034635,repair_finish,10,3,0,0,0,13
26226.01028320026,failure,10,2,0,0,0,12
26226.01028320026,repair_start,10,2,1,0,1,12
26227.73858705655,repair_finish,10,3,0,0,0,13
26235.81900258737,failure,10,2,0,0,0,12
26235.81900258737,repair_start,10,2,1,0,1,12
26237.691476563225,failure,10,1,1,0,1,11
26237.691476563225,repair_queue,10,1,2,1,1,11
26238.23652319628,repair_finish,10,2,1,1,0,12
26238.23652319628,repair_start,10,2,1,0,1,12
26239.037882687586,repair_finish,10,3,0,0,0,13
26250.140579832932,failure,10,2,0,0,0,12
26250.140579832932,repair_start,10,2,1,0,1,12
26250.583229652686,repair_finish,10,3,0,0,0,13
26261.58033638062,failure,10,2,0,0,0,12
26261.58033638062,repair_start,10,2,1,0,1,12
26261.59274785313,repair_finish,10,3,0,0,0,13
26273.71675691838,failure,10,2,0,0,0,12
26273.71675691838,repair_start,10,2,1,0,1,12
26273.87151509773,repair_finish,10,3,0,0,0,13
26283.404171224687,failure,10,2,0,0,0,12
26283.404171224687,repair_start,10,2,1,0,1,12
26283.64760555259,repair_finish,10,3,0,0,0,13
26294.615461738274,failure,10,2,0,0,0,12
26294.615461738274,repair_start,10,2,1,0,1,12
26295.03872923511,repair_finish,10,3,0,0,0,13
26303.967044743644,failure,10,2,0,0,0,12
26303.967044743644,repair_start,10,2,1,0,1,12
26304.03522169106,repair_finish,10,3,0,0,0,13
26304.313772827576,failure,10,2,0,0,0,12
26304.313772827576,repair_start,10,2,1,0,1,12
26304.404228043517,failure,10,1,1,0,1,11
26304.404228043517,repair_queue,10,1,2,1,1,11
26305.614693333562,repair_finish,10,2,1,1,0,12
26305.614693333562,repair_start,10,2,1,0,1,12
26306.35577850734,failure,10,1,1,0,1,11
26306.35577850734,repair_queue,10,1,2,1,1,11
26308.10210758128,repair_finish,10,2,1,1,0,12
26308.10210758128,repair_start,10,2,1,0,1,12
26308.769440569453,repair_finish,10,3,0,0,0,13
26312.197964953262,failure,10,2,0,0,0,12
26312.197964953262,repair_start,10,2,1,0,1,12
26312.776195389728,repair_finish,10,3,0,0,0,13
26316.309657312253,failure,10,2,0,0,0,12
26316.309657312253,repair_start,10,2,1,0,1,12
26316.777947726277,repair_finish,10,3,0,0,0,13
26317.313943872276,failure,10,2,0,0,0,12
26317.313943872276,repair_start,10,2,1,0,1,12
26317.543276223387,repair_finish,10,3,0,0,0,13
26317.85203233909,failure,10,2,0,0,0,12
26317.85203233909,repair_start,10,2,1,0,1,12
26319.98445840442,repair_finish,10,3,0,0,0,13
26325.66133169071,failure,10,2,0,0,0,12
26325.66133169071,repair_start,10,2,1,0,1,12
26326.632598466542,repair_finish,10,3,0,0,0,13
26334.80060543034,failure,10,2,0,0,0,12
26334.80060543034,repair_start,10,2,1,0,1,12
26335.043543925276,repair_finish,10,3,0,0,0,13
26345.49457919715,failure,10,2,0,0,0,12
26345.49457919715,repair_start,10,2,1,0,1,12
26345.54762549113,repair_finish,10,3,0,0,0,13
26348.429852696463,failure,10,2,0,0,0,12
26348.429852696463,repair_start,10,2,1,0,1,12
26349.476670239146,repair_finish,10,3,0,0,0,13
26368.120276837883,failure,10,2,0,0,0,12
26368.120276837883,repair_start,10,2,1,0,1,12
26369.953835219,repair_finish,10,3,0,0,0,13
26373.74178220432,failure,10,2,0,0,0,12
26373.74178220432,repair_start,10,2,1,0,1,12
26374.786006305407,repair_finish,10,3,0,0,0,13
26375.550549476586,failure,10,2,0,0,0,12
26375.550549476586,repair_start,10,2,1,0,1,12
26375.63867650206,repair_finish,10,3,0,0,0,13
26381.88658339103,failure,10,2,0,0,0,12
26381.88658339103,repair_start,10,2,1,0,1,12
26382.906329419624,repair_finish,10,3,0,0,0,13
26383.138368093143,failure,10,2,0,0,0,12
26383.138368093143,repair_start,10,2,1,0,1,12
26383.807861318022,repair_finish,10,3,0,0,0,13
26383.829241429317,failure,10,2,0,0,0,12
26383.829241429317,repair_start,10,2,1,0,1,12
26384.14688760718,repair_finish,10,3,0,0,0,13
26404.00475041623,failure,10,2,0,0,0,12
26404.00475041623,repair_start,10,2,1,0,1,12
26404.633048802836,repair_finish,10,3,0,0,0,13
26417.209774488325,failure,10,2,0,0,0,12
26417.209774488325,repair_start,10,2,1,0,1,12
26417.471164962848,repair_finish,10,3,0,0,0,13
26422.89407574422,failure,10,2,0,0,0,12
26422.89407574422,repair_start,10,2,1,0,1,12
26424.420487825482,repair_finish,10,3,0,0,0,13
26434.37825444317,failure,10,2,0,0,0,12
26434.37825444317,repair_start,10,2,1,0,1,12
26434.550566483354,failure,10,1,1,0,1,11
26434.550566483354,repair_queue,10,1,2,1,1,11
26434.854222209313,repair_finish,10,2,1,1,0,12
26434.854222209313,repair_start,10,2,1,0,1,12
26435.655395752136,repair_finish,10,3,0,0,0,13
26442.291402383962,failure,10,2,0,0,0,12
26442.291402383962,repair_start,10,2,1,0,1,12
26443.41495334527,repair_finish,10,3,0,0,0,13
26446.73796278138,failure,10,2,0,0,0,12
26446.73796278138,repair_start,10,2,1,0,1,12
26446.78741095203,repair_finish,10,3,0,0,0,13
26454.572583901,failure,10,2,0,0,0,12
26454.572583901,repair_start,10,2,1,0,1,12
26454.948174445322,repair_finish,10,3,0,0,0,13
26466.773246159286,failure,10,2,0,0,0,12
26466.773246159286,repair_start,10,2,1,0,1,12
26469.414820065762,repair_finish,10,3,0,0,0,13
26470.12870284884,failure,10,2,0,0,0,12
26470.12870284884,repair_start,10,2,1,0,1,12
26470.40845004384,repair_finish,10,3,0,0,0,13
26473.40036408735,failure,10,2,0,0,0,12
26473.40036408735,repair_start,10,2,1,0,1,12
26473.545856432498,repair_finish,10,3,0,0,0,13
26481.227764681993,failure,10,2,0,0,0,12
26481.227764681993,repair_start,10,2,1,0,1,12
26482.000609553772,repair_finish,10,3,0,0,0,13
26483.852153693384,failure,10,2,0,0,0,12
26483.852153693384,repair_start,10,2,1,0,1,12
26485.012413629258,repair_finish,10,3,0,0,0,13
26496.893872973982,failure,10,2,0,0,0,12
26496.893872973982,repair_start,10,2,1,0,1,12
26497.904268680682,repair_finish,10,3,0,0,0,13
26504.928979577402,failure,10,2,0,0,0,12
26504.928979577402,repair_start,10,2,1,0,1,12
26506.724164493196,repair_finish,10,3,0,0,0,13
26516.453640232343,failure,10,2,0,0,0,12
26516.453640232343,repair_start,10,2,1,0,1,12
26517.236724088536,repair_finish,10,3,0,0,0,13
26519.560020969653,failure,10,2,0,0,0,12
26519.560020969653,repair_start,10,2,1,0,1,12
26522.533355398395,failure,10,1,1,0,1,11
26522.533355398395,repair_queue,10,1,2,1,1,11
26522.61969292586,repair_finish,10,2,1,1,0,12
26522.61969292586,repair_start,10,2,1,0,1,12
26522.96703067273,repair_finish,10,3,0,0,0,13
26522.973389010916,failure,10,2,0,0,0,12
26522.973389010916,repair_start,10,2,1,0,1,12
26525.359152365898,repair_finish,10,3,0,0,0,13
26527.583759232864,failure,10,2,0,0,0,12
26527.583759232864,repair_start,10,2,1,0,1,12
26530.12730406137,repair_finish,10,3,0,0,0,13
26548.997964808754,failure,10,2,0,0,0,12
26548.997964808754,repair_start,10,2,1,0,1,12
26554.627932511223,repair_finish,10,3,0,0,0,13
26557.90357652803,failure,10,2,0,0,0,12
26557.90357652803,repair_start,10,2,1,0,1,12
26559.43058448628,repair_finish,10,3,0,0,0,13
26581.05476094421,failure,10,2,0,0,0,12
26581.05476094421,repair_start,10,2,1,0,1,12
26583.05708176513,repair_finish,10,3,0,0,0,13
26585.299575842902,failure,10,2,0,0,0,12
26585.299575842902,repair_start,10,2,1,0,1,12
26585.638077025193,repair_finish,10,3,0,0,0,13
26595.682098996112,failure,10,2,0,0,0,12
26595.682098996112,repair_start,10,2,1,0,1,12
26595.69480705993,repair_finish,10,3,0,0,0,13
26598.582356959098,failure,10,2,0,0,0,12
26598.582356959098,repair_start,10,2,1,0,1,12
26598.61378147285,repair_finish,10,3,0,0,0,13
26606.7530849625,failure,10,2,0,0,0,12
26606.7530849625,repair_start,10,2,1,0,1,12
26607.66434244607,failure,10,1,1,0,1,11
26607.66434244607,repair_queue,10,1,2,1,1,11
26609.606632614035,repair_finish,10,2,1,1,0,12
26609.606632614035,repair_start,10,2,1,0,1,12
26610.09809170031,repair_finish,10,3,0,0,0,13
26631.692334915526,failure,10,2,0,0,0,12
26631.692334915526,repair_start,10,2,1,0,1,12
26632.583003290387,repair_finish,10,3,0,0,0,13
26665.457742174967,failure,10,2,0,0,0,12
26665.457742174967,repair_start,10,2,1,0,1,12
26666.380871021924,repair_finish,10,3,0,0,0,13
26666.96760744561,failure,10,2,0,0,0,12
26666.96760744561,repair_start,10,2,1,0,1,12
26668.142566014336,repair_finish,10,3,0,0,0,13
26681.20941624157,failure,10,2,0,0,0,12
26681.20941624157,repair_start,10,2,1,0,1,12
26682.331426179957,repair_finish,10,3,0,0,0,13
26690.08251869096,failure,10,2,0,0,0,12
26690.08251869096,repair_start,10,2,1,0,1,12
26690.73078936623,repair_finish,10,3,0,0,0,13
26699.957637143823,failure,10,2,0,0,0,12
26699.957637143823,repair_start,10,2,1,0,1,12
26700.125589897965,repair_finish,10,3,0,0,0,13
26701.269758679467,failure,10,2,0,0,0,12
26701.269758679467,repair_start,10,2,1,0,1,12
26701.65584132391,repair_finish,10,3,0,0,0,13
26714.295224206675,failure,10,2,0,0,0,12
26714.295224206675,repair_start,10,2,1,0,1,12
26714.659398465694,repair_finish,10,3,0,0,0,13
26716.042102002808,failure,10,2,0,0,0,12
26716.042102002808,repair_start,10,2,1,0,1,12
26716.67285162554,failure,10,1,1,0,1,11
26716.67285162554,repair_queue,10,1,2,1,1,11
26718.70487301826,repair_finish,10,2,1,1,0,12
26718.70487301826,repair_start,10,2,1,0,1,12
26719.07282309588,repair_finish,10,3,0,0,0,13
26719.984172641438,failure,10,2,0,0,0,12
26719.984172641438,repair_start,10,2,1,0,1,12
26720.910702152523,repair_finish,10,3,0,0,0,13
26722.999934455456,failure,10,2,0,0,0,12
26722.999934455456,repair_start,10,2,1,0,1,12
26723.89767069482,repair_finish,10,3,0,0,0,13
26729.98686026329,failure,10,2,0,0,0,12
26729.98686026329,repair_start,10,2,1,0,1,12
26730.103485544438,repair_finish,10,3,0,0,0,13
26732.82580310663,failure,10,2,0,0,0,12
26732.82580310663,repair_start,10,2,1,0,1,12
26732.832444867116,repair_finish,10,3,0,0,0,13
26741.132624152575,failure,10,2,0,0,0,12
26741.132624152575,repair_start,10,2,1,0,1,12
26742.819978074887,repair_finish,10,3,0,0,0,13
26758.603602246003,failure,10,2,0,0,0,12
26758.603602246003,repair_start,10,2,1,0,1,12
26758.808330331874,repair_finish,10,3,0,0,0,13
26760.962872388165,failure,10,2,0,0,0,12
26760.962872388165,repair_start,10,2,1,0,1,12
26761.003401895578,repair_finish,10,3,0,0,0,13
26794.05254238993,failure,10,2,0,0,0,12
26794.05254238993,repair_start,10,2,1,0,1,12
26794.11509398883,repair_finish,10,3,0,0,0,13
26812.352420849827,failure,10,2,0,0,0,12
26812.352420849827,repair_start,10,2,1,0,1,12
26812.40202453344,repair_finish,10,3,0,0,0,13
26814.571220713493,failure,10,2,0,0,0,12
26814.571220713493,repair_start,10,2,1,0,1,12
26815.499397198077,repair_finish,10,3,0,0,0,13
26815.73675090791,failure,10,2,0,0,0,12
26815.73675090791,repair_start,10,2,1,0,1,12
26818.402789920186,failure,10,1,1,0,1,11
26818.402789920186,repair_queue,10,1,2,1,1,11
26819.758257274832,repair_finish,10,2,1,1,0,12
26819.758257274832,repair_start,10,2,1,0,1,12
26819.837119097538,repair_finish,10,3,0,0,0,13
26823.509522540506,failure,10,2,0,0,0,12
26823.509522540506,repair_start,10,2,1,0,1,12
26823.625083885927,repair_finish,10,3,0,0,0,13
26824.70828794409,failure,10,2,0,0,0,12
26824.70828794409,repair_start,10,2,1,0,1,12
26826.023827016354,repair_finish,10,3,0,0,0,13
26833.256662649535,failure,10,2,0,0,0,12
26833.256662649535,repair_start,10,2,1,0,1,12
26833.643586036582,repair_finish,10,3,0,0,0,13
26837.172417349095,failure,10,2,0,0,0,12
26837.172417349095,repair_start,10,2,1,0,1,12
26837.241947316055,repair_finish,10,3,0,0,0,13
26850.406994123594,failure,10,2,0,0,0,12
26850.406994123594,repair_start,10,2,1,0,1,12
26850.536636156015,failure,10,1,1,0,1,11
26850.536636156015,repair_queue,10,1,2,1,1,11
26850.56996854616,repair_finish,10,2,1,1,0,12
26850.56996854616,repair_start,10,2,1,0,1,12
26850.96109713003,repair_finish,10,3,0,0,0,13
26875.495145686462,failure,10,2,0,0,0,12
26875.495145686462,repair_start,10,2,1,0,1,12
26875.599276481644,repair_finish,10,3,0,0,0,13
26891.136976768084,failure,10,2,0,0,0,12
26891.136976768084,repair_start,10,2,1,0,1,12
26891.54408624806,repair_finish,10,3,0,0,0,13
26926.928401962337,failure,10,2,0,0,0,12
26926.928401962337,repair_start,10,2,1,0,1,12
26928.581233509285,repair_finish,10,3,0,0,0,13
26929.084001364736,failure,10,2,0,0,0,12
26929.084001364736,repair_start,10,2,1,0,1,12
26929.302147172155,repair_finish,10,3,0,0,0,13
26931.99199594602,failure,10,2,0,0,0,12
26931.99199594602,repair_start,10,2,1,0,1,12
26932.961319387898,repair_finish,10,3,0,0,0,13
26937.23687993743,failure,10,2,0,0,0,12
26937.23687993743,repair_start,10,2,1,0,1,12
26939.63024759985,repair_finish,10,3,0,0,0,13
26957.158632932802,failure,10,2,0,0,0,12
26957.158632932802,repair_start,10,2,1,0,1,12
26959.147567058913,failure,10,1,1,0,1,11
26959.147567058913,repair_queue,10,1,2,1,1,11
26959.28901611969,repair_finish,10,2,1,1,0,12
26959.28901611969,repair_start,10,2,1,0,1,12
26959.692642548835,repair_finish,10,3,0,0,0,13
26960.00591118212,failure,10,2,0,0,0,12
26960.00591118212,repair_start,10,2,1,0,1,12
26961.491824157354,repair_finish,10,3,0,0,0,13
26962.235491140924,failure,10,2,0,0,0,12
26962.235491140924,repair_start,10,2,1,0,1,12
26967.140957601543,repair_finish,10,3,0,0,0,13
26979.738994060666,failure,10,2,0,0,0,12
26979.738994060666,repair_start,10,2,1,0,1,12
26980.207046904354,repair_finish,10,3,0,0,0,13
26995.434901606972,failure,10,2,0,0,0,12
26995.434901606972,repair_start,10,2,1,0,1,12
26997.545152773742,repair_finish,10,3,0,0,0,13
27001.908747470865,failure,10,2,0,0,0,12
27001.908747470865,repair_start,10,2,1,0,1,12
27003.00380630432,repair_finish,10,3,0,0,0,13
27008.133486667968,failure,10,2,0,0,0,12
27008.133486667968,repair_start,10,2,1,0,1,12
27008.52673930528,repair_finish,10,3,0,0,0,13
27014.353296802255,failure,10,2,0,0,0,12
27014.353296802255,repair_start,10,2,1,0,1,12
27016.72146370295,repair_finish,10,3,0,0,0,13
27022.959171852228,failure,10,2,0,0,0,12
27022.959171852228,repair_start,10,2,1,0,1,12
27022.972362952885,repair_finish,10,3,0,0,0,13
27043.087777326407,failure,10,2,0,0,0,12
27043.087777326407,repair_start,10,2,1,0,1,12
27045.950381098177,failure,10,1,1,0,1,11
27045.950381098177,repair_queue,10,1,2,1,1,11
27048.90100054822,repair_finish,10,2,1,1,0,12
27048.90100054822,repair_start,10,2,1,0,1,12
27049.57082468804,repair_finish,10,3,0,0,0,13
27073.85053130135,failure,10,2,0,0,0,12
27073.85053130135,repair_start,10,2,1,0,1,12
27075.382138428275,repair_finish,10,3,0,0,0,13
27103.625029833314,failure,10,2,0,0,0,12
27103.625029833314,repair_start,10,2,1,0,1,12
27103.67340084745,repair_finish,10,3,0,0,0,13
27125.58290900213,failure,10,2,0,0,0,12
27125.58290900213,repair_start,10,2,1,0,1,12
27127.53735869754,repair_finish,10,3,0,0,0,13
27155.439599186775,failure,10,2,0,0,0,12
27155.439599186775,repair_start,10,2,1,0,1,12
27155.561070491556,repair_finish,10,3,0,0,0,13
27162.799382931225,failure,10,2,0,0,0,12
27162.799382931225,repair_start,10,2,1,0,1,12
27163.771040170985,repair_finish,10,3,0,0,0,13
27166.907201457005,failure,10,2,0,0,0,12
27166.907201457005,repair_start,10,2,1,0,1,12
27167.231573535904,repair_finish,10,3,0,0,0,13
27169.150813621636,failure,10,2,0,0,0,12
27169.150813621636,repair_start,10,2,1,0,1,12
27171.555335544926,repair_finish,10,3,0,0,0,13
27180.61034432988,failure,10,2,0,0,0,12
27180.61034432988,repair_start,10,2,1,0,1,12
27181.639238672582,repair_finish,10,3,0,0,0,13
27186.974298970606,failure,10,2,0,0,0,12
27186.974298970606,repair_start,10,2,1,0,1,12
27188.07371673841,repair_finish,10,3,0,0,0,13
27216.673802131936,failure,10,2,0,0,0,12
27216.673802131936,repair_start,10,2,1,0,1,12
27217.194082348655,repair_finish,10,3,0,0,0,13
27217.30752981367,failure,10,2,0,0,0,12
27217.30752981367,repair_start,10,2,1,0,1,12
27217.634277435143,repair_finish,10,3,0,0,0,13
27231.14561246045,failure,10,2,0,0,0,12
27231.14561246045,repair_start,10,2,1,0,1,12
27231.330438342466,repair_finish,10,3,0,0,0,13
27233.41851410691,failure,10,2,0,0,0,12
27233.41851410691,repair_start,10,2,1,0,1,12
27234.18760447429,repair_finish,10,3,0,0,0,13
27234.982205741093,failure,10,2,0,0,0,12
27234.982205741093,repair_start,10,2,1,0,1,12
27236.172476484408,repair_finish,10,3,0,0,0,13
27240.489904565977,failure,10,2,0,0,0,12
27240.489904565977,repair_start,10,2,1,0,1,12
27241.02259742129,repair_finish,10,3,0,0,0,13
27269.250245137337,failure,10,2,0,0,0,12
27269.250245137337,repair_start,10,2,1,0,1,12
27269.92371077261,repair_finish,10,3,0,0,0,13
27270.81695228265,failure,10,2,0,0,0,12
27270.81695228265,repair_start,10,2,1,0,1,12
27272.4911294504,repair_finish,10,3,0,0,0,13
27286.203993585044,failure,10,2,0,0,0,12
27286.203993585044,repair_start,10,2,1,0,1,12
27287.465739426025,repair_finish,10,3,0,0,0,13
27291.4674476486,failure,10,2,0,0,0,12
27291.4674476486,repair_start,10,2,1,0,1,12
27292.007547101428,repair_finish,10,3,0,0,0,13
27301.168417191566,failure,10,2,0,0,0,12
27301.168417191566,repair_start,10,2,1,0,1,12
27302.768675874016,repair_finish,10,3,0,0,0,13
27303.79757846487,failure,10,2,0,0,0,12
27303.79757846487,repair_start,10,2,1,0,1,12
27304.706548696224,failure,10,1,1,0,1,11
27304.706548696224,repair_queue,10,1,2,1,1,11
27305.60906347263,repair_finish,10,2,1,1,0,12
27305.60906347263,repair_start,10,2,1,0,1,12
27306.4848547239,repair_finish,10,3,0,0,0,13
27306.77708185235,failure,10,2,0,0,0,12
27306.77708185235,repair_start,10,2,1,0,1,12
27307.397475949427,repair_finish,10,3,0,0,0,13
27307.516166026653,failure,10,2,0,0,0,12
27307.516166026653,repair_start,10,2,1,0,1,12
27307.825477222523,repair_finish,10,3,0,0,0,13
27310.81491777608,failure,10,2,0,0,0,12
27310.81491777608,repair_start,10,2,1,0,1,12
27310.976279182672,repair_finish,10,3,0,0,0,13
27331.98934113147,failure,10,2,0,0,0,12
27331.98934113147,repair_start,10,2,1,0,1,12
27332.04723159483,failure,10,1,1,0,1,11
27332.04723159483,repair_queue,10,1,2,1,1,11
27332.253061659554,repair_finish,10,2,1,1,0,12
27332.253061659554,repair_start,10,2,1,0,1,12
27333.18960496188,repair_finish,10,3,0,0,0,13
27337.490446896583,failure,10,2,0,0,0,12
27337.490446896583,repair_start,10,2,1,0,1,12
27337.688265155277,repair_finish,10,3,0,0,0,13
27347.912030515407,failure,10,2,0,0,0,12
27347.912030515407,repair_start,10,2,1,0,1,12
27348.30213314981,repair_finish,10,3,0,0,0,13
27353.658574858076,failure,10,2,0,0,0,12
27353.658574858076,repair_start,10,2,1,0,1,12
27354.085461891522,repair_finish,10,3,0,0,0,13
27385.369133402302,failure,10,2,0,0,0,12
27385.369133402302,repair_start,10,2,1,0,1,12
27386.509051180772,repair_finish,10,3,0,0,0,13
27397.29050579336,failure,10,2,0,0,0,12
27397.29050579336,repair_start,10,2,1,0,1,12
27397.307153353995,failure,10,1,1,0,1,11
27397.307153353995,repair_queue,10,1,2,1,1,11
27397.787046133042,repair_finish,10,2,1,1,0,12
27397.787046133042,repair_start,10,2,1,0,1,12
27403.87179489183,repair_finish,10,3,0,0,0,13
27406.253190799085,failure,10,2,0,0,0,12
27406.253190799085,repair_start,10,2,1,0,1,12
27407.48076643935,repair_finish,10,3,0,0,0,13
27420.507952885568,failure,10,2,0,0,0,12
27420.507952885568,repair_start,10,2,1,0,1,12
27420.946772847397,repair_finish,10,3,0,0,0,13
27433.903783956477,failure,10,2,0,0,0,12
27433.903783956477,repair_start,10,2,1,0,1,12
27434.123052181076,failure,10,1,1,0,1,11
27434.123052181076,repair_queue,10,1,2,1,1,11
27434.923316542357,repair_finish,10,2,1,1,0,12
27434.923316542357,repair_start,10,2,1,0,1,12
27435.34485274906,repair_finish,10,3,0,0,0,13
27461.771453960326,failure,10,2,0,0,0,12
27461.771453960326,repair_start,10,2,1,0,1,12
27461.789579751257,failure,10,1,1,0,1,11
27461.789579751257,repair_queue,10,1,2,1,1,11
27462.998665687748,repair_finish,10,2,1,1,0,12
27462.998665687748,repair_start,10,2,1,0,1,12
27464.41091704326,failure,10,1,1,0,1,11
27464.41091704326,repair_queue,10,1,2,1,1,11
27464.598629807315,repair_finish,10,2,1,1,0,12
27464.598629807315,repair_start,10,2,1,0,1,12
27464.716458284147,failure,10,1,1,0,1,11
27464.716458284147,repair_queue,10,1,2,1,1,11
27465.035143198424,repair_finish,10,2,1,1,0,12
27465.035143198424,repair_start,10,2,1,0,1,12
27466.854203565395,repair_finish,10,3,0,0,0,13
27489.02852936835,failure,10,2,0,0,0,12
27489.02852936835,repair_start,10,2,1,0,1,12
27490.764355243657,failure,10,1,1,0,1,11
27490.764355243657,repair_queue,10,1,2,1,1,11
27492.886559440616,repair_finish,10,2,1,1,0,12
27492.886559440616,repair_start,10,2,1,0,1,12
27493.0167824863,repair_finish,10,3,0,0,0,13
27495.256692063223,failure,10,2,0,0,0,12
27495.256692063223,repair_start,10,2,1,0,1,12
27500.199799862432,repair_finish,10,3,0,0,0,13
27505.88072786944,failure,10,2,0,0,0,12
27505.88072786944,repair_start,10,2,1,0,1,12
27505.961085632385,repair_finish,10,3,0,0,0,13
27508.433228142134,failure,10,2,0,0,0,12
27508.433228142134,repair_start,10,2,1,0,1,12
27508.84020652064,repair_finish,10,3,0,0,0,13
27513.12030507895,failure,10,2,0,0,0,12
27513.12030507895,repair_start,10,2,1,0,1,12
27513.457684801746,repair_finish,10,3,0,0,0,13
27514.218796076402,failure,10,2,0,0,0,12
27514.218796076402,repair_start,10,2,1,0,1,12
27515.037404027542,repair_finish,10,3,0,0,0,13
27523.35984466922,failure,10,2,0,0,0,12
27523.35984466922,repair_start,10,2,1,0,1,12
27525.490832536092,repair_finish,10,3,0,0,0,13
27544.47046005812,failure,10,2,0,0,0,12
27544.47046005812,repair_start,10,2,1,0,1,12
27546.887332789604,repair_finish,10,3,0,0,0,13
27569.675775735916,failure,10,2,0,0,0,12
27569.675775735916,repair_start,10,2,1,0,1,12
27569.810038517975,repair_finish,10,3,0,0,0,13
27572.516723026725,failure,10,2,0,0,0,12
27572.516723026725,repair_start,10,2,1,0,1,12
27573.3360797215,failure,10,1,1,0,1,11
27573.3360797215,repair_queue,10,1,2,1,1,11
27573.38191143383,repair_finish,10,2,1,1,0,12
27573.38191143383,repair_start,10,2,1,0,1,12
27573.70867510754,failure,10,1,1,0,1,11
27573.70867510754,repair_queue,10,1,2,1,1,11
27575.744483195373,repair_finish,10,2,1,1,0,12
27575.744483195373,repair_start,10,2,1,0,1,12
27576.117521110915,repair_finish,10,3,0,0,0,13
27583.557342857475,failure,10,2,0,0,0,12
27583.557342857475,repair_start,10,2,1,0,1,12
27583.688185233834,repair_finish,10,3,0,0,0,13
27593.460406956026,failure,10,2,0,0,0,12
27593.460406956026,repair_start,10,2,1,0,1,12
27594.543744692724,repair_finish,10,3,0,0,0,13
27595.788367618683,failure,10,2,0,0,0,12
27595.788367618683,repair_start,10,2,1,0,1,12
27596.321211691476,failure,10,1,1,0,1,11
27596.321211691476,repair_queue,10,1,2,1,1,11
27597.96477216541,repair_finish,10,2,1,1,0,12
27597.96477216541,repair_start,10,2,1,0,1,12
27597.992485694824,repair_finish,10,3,0,0,0,13
27601.607170421445,failure,10,2,0,0,0,12
27601.607170421445,repair_start,10,2,1,0,1,12
27601.921811986336,repair_finish,10,3,0,0,0,13
27606.873950965026,failure,10,2,0,0,0,12
27606.873950965026,repair_start,10,2,1,0,1,12
27607.5702595385,repair_finish,10,3,0,0,0,13
27613.42388932234,failure,10,2,0,0,0,12
27613.42388932234,repair_start,10,2,1,0,1,12
27613.97286099457,repair_finish,10,3,0,0,0,13
27614.94796053997,failure,10,2,0,0,0,12
27614.94796053997,repair_start,10,2,1,0,1,12
27615.3864439341,failure,10,1,1,0,1,11
27615.3864439341,repair_queue,10,1,2,1,1,11
27615.72893239818,repair_finish,10,2,1,1,0,12
27615.72893239818,repair_start,10,2,1,0,1,12
27616.4383477537,repair_finish,10,3,0,0,0,13
27616.978715675814,failure,10,2,0,0,0,12
27616.978715675814,repair_start,10,2,1,0,1,12
27617.45658618045,repair_finish,10,3,0,0,0,13
27635.175691557917,failure,10,2,0,0,0,12
27635.175691557917,repair_start,10,2,1,0,1,12
27637.13213207108,repair_finish,10,3,0,0,0,13
27637.403902861617,failure,10,2,0,0,0,12
27637.403902861617,repair_start,10,2,1,0,1,12
27637.54375861456,repair_finish,10,3,0,0,0,13
27653.747347596098,failure,10,2,0,0,0,12
27653.747347596098,repair_start,10,2,1,0,1,12
27653.83966141405,repair_finish,10,3,0,0,0,13
27667.257664480367,failure,10,2,0,0,0,12
27667.257664480367,repair_start,10,2,1,0,1,12
27668.59844029317,repair_finish,10,3,0,0,0,13
27671.298047521763,failure,10,2,0,0,0,12
27671.298047521763,repair_start,10,2,1,0,1,12
27672.011316292283,repair_finish,10,3,0,0,0,13
27677.870279720195,failure,10,2,0,0,0,12
27677.870279720195,repair_start,10,2,1,0,1,12
27678.428876784783,repair_finish,10,3,0,0,0,13
27687.966354465232,failure,10,2,0,0,0,12
27687.966354465232,repair_start,10,2,1,0,1,12
27691.754233187075,repair_finish,10,3,0,0,0,13
27693.07089611979,failure,10,2,0,0,0,12
27693.07089611979,repair_start,10,2,1,0,1,12
27693.12210462833,repair_finish,10,3,0,0,0,13
27724.739316749346,failure,10,2,0,0,0,12
27724.739316749346,repair_start,10,2,1,0,1,12
27730.43091083783,repair_finish,10,3,0,0,0,13
27739.67504093822,failure,10,2,0,0,0,12
27739.67504093822,repair_start,10,2,1,0,1,12
27739.87021897413,repair_finish,10,3,0,0,0,13
27753.898456440973,failure,10,2,0,0,0,12
27753.898456440973,repair_start,10,2,1,0,1,12
27754.053757803333,repair_finish,10,3,0,0,0,13
27754.485145445513,failure,10,2,0,0,0,12
27754.485145445513,repair_start,10,2,1,0,1,12
27755.61785680264,repair_finish,10,3,0,0,0,13
27764.482309831925,failure,10,2,0,0,0,12
27764.482309831925,repair_start,10,2,1,0,1,12
27765.403337461914,repair_finish,10,3,0,0,0,13
27776.00476870291,failure,10,2,0,0,0,12
27776.00476870291,repair_start,10,2,1,0,1,12
27776.450418265773,failure,10,1,1,0,1,11
27776.450418265773,repair_queue,10,1,2,1,1,11
27779.333015084816,failure,10,0,2,1,1,10
27779.333015084816,repair_queue,10,0,3,2,1,10
27779.531788396052,repair_finish,10,1,2,2,0,11
27779.531788396052,repair_start,10,1,2,1,1,11
27780.811595275867,repair_finish,10,2,1,1,0,12
27780.811595275867,repair_start,10,2,1,0,1,12
27781.016815123356,repair_finish,10,3,0,0,0,13
27787.75826946829,failure,10,2,0,0,0,12
27787.75826946829,repair_start,10,2,1,0,1,12
27787.884974900822,repair_finish,10,3,0,0,0,13
27816.244654577295,failure,10,2,0,0,0,12
27816.244654577295,repair_start,10,2,1,0,1,12
27817.23128193765,repair_finish,10,3,0,0,0,13
27829.875808258323,failure,10,2,0,0,0,12
27829.875808258323,repair_start,10,2,1,0,1,12
27830.464877199807,repair_finish,10,3,0,0,0,13
27830.974765481846,failure,10,2,0,0,0,12
27830.974765481846,repair_start,10,2,1,0,1,12
27831.408902135994,repair_finish,10,3,0,0,0,13
27832.954066733673,failure,10,2,0,0,0,12
27832.954066733673,repair_start,10,2,1,0,1,12
27833.936035348113,repair_finish,10,3,0,0,0,13
27835.962310356823,failure,10,2,0,0,0,12
27835.962310356823,repair_start,10,2,1,0,1,12
27836.117813689772,repair_finish,10,3,0,0,0,13
27864.784712820914,failure,10,2,0,0,0,12
27864.784712820914,repair_start,10,2,1,0,1,12
27865.353285442015,repair_finish,10,3,0,0,0,13
27867.456407482576,failure,10,2,0,0,0,12
27867.456407482576,repair_start,10,2,1,0,1,12
27868.72083290275,repair_finish,10,3,0,0,0,13
27885.600414524295,failure,10,2,0,0,0,12
27885.600414524295,repair_start,10,2,1,0,1,12
27885.94961853868,repair_finish,10,3,0,0,0,13
27902.118553548098,failure,10,2,0,0,0,12
27902.118553548098,repair_start,10,2,1,0,1,12
27902.510927588188,repair_finish,10,3,0,0,0,13
27907.893980916077,failure,10,2,0,0,0,12
27907.893980916077,repair_start,10,2,1,0,1,12
27908.478491826703,repair_finish,10,3,0,0,0,13
27912.246536147595,failure,10,2,0,0,0,12
27912.246536147595,repair_start,10,2,1,0,1,12
27912.86398329583,repair_finish,10,3,0,0,0,13
27914.189289340422,failure,10,2,0,0,0,12
27914.189289340422,repair_start,10,2,1,0,1,12
27915.533739975177,repair_finish,10,3,0,0,0,13
27926.27679360843,failure,10,2,0,0,0,12
27926.27679360843,repair_start,10,2,1,0,1,12
27926.664369866667,repair_finish,10,3,0,0,0,13
27952.6988570266,failure,10,2,0,0,0,12
27952.6988570266,repair_start,10,2,1,0,1,12
27952.95535813889,repair_finish,10,3,0,0,0,13
27953.192950823646,failure,10,2,0,0,0,12
27953.192950823646,repair_start,10,2,1,0,1,12
27953.299216132757,failure,10,1,1,0,1,11
27953.299216132757,repair_queue,10,1,2,1,1,11
27955.16203458965,repair_finish,10,2,1,1,0,12
27955.16203458965,repair_start,10,2,1,0,1,12
27955.601743977608,repair_finish,10,3,0,0,0,13
27961.331721238003,failure,10,2,0,0,0,12
27961.331721238003,repair_start,10,2,1,0,1,12
27963.466362116327,repair_finish,10,3,0,0,0,13
27981.74812222377,failure,10,2,0,0,0,12
27981.74812222377,repair_start,10,2,1,0,1,12
27982.95221269152,repair_finish,10,3,0,0,0,13
27992.67308574061,failure,10,2,0,0,0,12
27992.67308574061,repair_start,10,2,1,0,1,12
27993.110478503426,repair_finish,10,3,0,0,0,13
27994.31672775679,failure,10,2,0,0,0,12
27994.31672775679,repair_start,10,2,1,0,1,12
27995.305761674565,repair_finish,10,3,0,0,0,13
28009.745928199987,failure,10,2,0,0,0,12
28009.745928199987,repair_start,10,2,1,0,1,12
28009.982306738737,failure,10,1,1,0,1,11
28009.982306738737,repair_queue,10,1,2,1,1,11
28011.016903304888,repair_finish,10,2,1,1,0,12
28011.016903304888,repair_start,10,2,1,0,1,12
28011.51144668916,repair_finish,10,3,0,0,0,13
28019.27966725971,failure,10,2,0,0,0,12
28019.27966725971,repair_start,10,2,1,0,1,12
28019.760417302594,repair_finish,10,3,0,0,0,13
28024.97796862084,failure,10,2,0,0,0,12
28024.97796862084,repair_start,10,2,1,0,1,12
28026.13728618543,repair_finish,10,3,0,0,0,13
28026.141756154073,failure,10,2,0,0,0,12
28026.141756154073,repair_start,10,2,1,0,1,12
28026.7428477636,repair_finish,10,3,0,0,0,13
28030.67878994206,failure,10,2,0,0,0,12
28030.67878994206,repair_start,10,2,1,0,1,12
28031.00775808843,repair_finish,10,3,0,0,0,13
28037.205061056644,failure,10,2,0,0,0,12
28037.205061056644,repair_start,10,2,1,0,1,12
28037.917138739624,repair_finish,10,3,0,0,0,13
28046.625723148565,failure,10,2,0,0,0,12
28046.625723148565,repair_start,10,2,1,0,1,12
28046.73096275591,repair_finish,10,3,0,0,0,13
28106.278662057815,failure,10,2,0,0,0,12
28106.278662057815,repair_start,10,2,1,0,1,12
28106.97352669174,repair_finish,10,3,0,0,0,13
28114.130742488076,failure,10,2,0,0,0,12
28114.130742488076,repair_start,10,2,1,0,1,12
28114.145213569205,failure,10,1,1,0,1,11
28114.145213569205,repair_queue,10,1,2,1,1,11
28115.364879960827,repair_finish,10,2,1,1,0,12
28115.364879960827,repair_start,10,2,1,0,1,12
28116.378838645585,repair_finish,10,3,0,0,0,13
28121.371286255933,failure,10,2,0,0,0,12
28121.371286255933,repair_start,10,2,1,0,1,12
28121.864861935563,repair_finish,10,3,0,0,0,13
28138.47668292498,failure,10,2,0,0,0,12
28138.47668292498,repair_start,10,2,1,0,1,12
28140.56759623999,repair_finish,10,3,0,0,0,13
28146.66677039759,failure,10,2,0,0,0,12
28146.66677039759,repair_start,10,2,1,0,1,12
28148.168496670958,repair_finish,10,3,0,0,0,13
28161.95866340438,failure,10,2,0,0,0,12
28161.95866340438,repair_start,10,2,1,0,1,12
28163.71449360588,repair_finish,10,3,0,0,0,13
28176.24598767553,failure,10,2,0,0,0,12
28176.24598767553,repair_start,10,2,1,0,1,12
28176.739757063846,repair_finish,10,3,0,0,0,13
28180.09845222591,failure,10,2,0,0,0,12
28180.09845222591,repair_start,10,2,1,0,1,12
28182.31632491673,repair_finish,10,3,0,0,0,13
28203.695562224817,failure,10,2,0,0,0,12
28203.695562224817,repair_start,10,2,1,0,1,12
28204.08717334591,repair_finish,10,3,0,0,0,13
28222.040716681433,failure,10,2,0,0,0,12
28222.040716681433,repair_start,10,2,1,0,1,12
28222.89983640246,repair_finish,10,3,0,0,0,13
28231.624865061312,failure,10,2,0,0,0,12
28231.624865061312,repair_start,10,2,1,0,1,12
28232.108958242407,repair_finish,10,3,0,0,0,13
28238.60605563345,failure,10,2,0,0,0,12
28238.60605563345,repair_start,10,2,1,0,1,12
28238.649736157797,repair_finish,10,3,0,0,0,13
28240.613991558555,failure,10,2,0,0,0,12
28240.613991558555,repair_start,10,2,1,0,1,12
28241.091141462035,repair_finish,10,3,0,0,0,13
28252.16617038933,failure,10,2,0,0,0,12
28252.16617038933,repair_start,10,2,1,0,1,12
28252.395289865377,repair_finish,10,3,0,0,0,13
28256.84503565145,failure,10,2,0,0,0,12
28256.84503565145,repair_start,10,2,1,0,1,12
28257.232893827626,repair_finish,10,3,0,0,0,13
28268.51188993723,failure,10,2,0,0,0,12
28268.51188993723,repair_start,10,2,1,0,1,12
28268.8802674655,repair_finish,10,3,0,0,0,13
28315.675703854435,failure,10,2,0,0,0,12
28315.675703854435,repair_start,10,2,1,0,1,12
28316.04379452072,repair_finish,10,3,0,0,0,13
28327.14036570982,failure,10,2,0,0,0,12
28327.14036570982,repair_start,10,2,1,0,1,12
28327.514807319043,repair_finish,10,3,0,0,0,13
28365.534465143497,failure,10,2,0,0,0,12
28365.534465143497,repair_start,10,2,1,0,1,12
28365.669253848933,repair_finish,10,3,0,0,0,13
28369.820442499764,failure,10,2,0,0,0,12
28369.820442499764,repair_start,10,2,1,0,1,12
28370.363950857445,repair_finish,10,3,0,0,0,13
28427.612930415067,failure,10,2,0,0,0,12
28427.612930415067,repair_start,10,2,1,0,1,12
28428.010296587498,repair_finish,10,3,0,0,0,13
28428.01361948126,failure,10,2,0,0,0,12
28428.01361948126,repair_start,10,2,1,0,1,12
28428.069256291485,repair_finish,10,3,0,0,0,13
28432.585468824323,failure,10,2,0,0,0,12
28432.585468824323,repair_start,10,2,1,0,1,12
28432.891262592817,repair_finish,10,3,0,0,0,13
28444.049424629604,failure,10,2,0,0,0,12
28444.049424629604,repair_start,10,2,1,0,1,12
28444.126460089366,failure,10,1,1,0,1,11
28444.126460089366,repair_queue,10,1,2,1,1,11
28444.964040253817,repair_finish,10,2,1,1,0,12
28444.964040253817,repair_start,10,2,1,0,1,12
28445.104311849154,repair_finish,10,3,0,0,0,13
28473.619790171506,failure,10,2,0,0,0,12
28473.619790171506,repair_start,10,2,1,0,1,12
28473.84466093282,repair_finish,10,3,0,0,0,13
28490.880220757925,failure,10,2,0,0,0,12
28490.880220757925,repair_start,10,2,1,0,1,12
28492.690847585156,repair_finish,10,3,0,0,0,13
28495.10171840546,failure,10,2,0,0,0,12
28495.10171840546,repair_start,10,2,1,0,1,12
28497.66022988198,repair_finish,10,3,0,0,0,13
28512.614059722062,failure,10,2,0,0,0,12
28512.614059722062,repair_start,10,2,1,0,1,12
28513.801970085748,repair_finish,10,3,0,0,0,13
28533.35675920648,failure,10,2,0,0,0,12
28533.35675920648,repair_start,10,2,1,0,1,12
28533.799070855872,repair_finish,10,3,0,0,0,13
28548.238531744522,failure,10,2,0,0,0,12
28548.238531744522,repair_start,10,2,1,0,1,12
28550.91032323148,repair_finish,10,3,0,0,0,13
28571.590891576187,failure,10,2,0,0,0,12
28571.590891576187,repair_start,10,2,1,0,1,12
28572.39450659559,repair_finish,10,3,0,0,0,13
28589.74306522564,failure,10,2,0,0,0,12
28589.74306522564,repair_start,10,2,1,0,1,12
28590.299156908153,failure,10,1,1,0,1,11
28590.299156908153,repair_queue,10,1,2,1,1,11
28591.988373801552,repair_finish,10,2,1,1,0,12
28591.988373801552,repair_start,10,2,1,0,1,12
28592.526394051245,repair_finish,10,3,0,0,0,13
28600.220601165616,failure,10,2,0,0,0,12
28600.220601165616,repair_start,10,2,1,0,1,12
28600.773555527932,repair_finish,10,3,0,0,0,13
28607.910852952973,failure,10,2,0,0,0,12
28607.910852952973,repair_start,10,2,1,0,1,12
28608.63963166052,repair_finish,10,3,0,0,0,13
28611.54344777741,failure,10,2,0,0,0,12
28611.54344777741,repair_start,10,2,1,0,1,12
28613.987102046936,repair_finish,10,3,0,0,0,13
28629.837636489257,failure,10,2,0,0,0,12
28629.837636489257,repair_start,10,2,1,0,1,12
28630.11725382077,failure,10,1,1,0,1,11
28630.11725382077,repair_queue,10,1,2,1,1,11
28632.93611132222,repair_finish,10,2,1,1,0,12
28632.93611132222,repair_start,10,2,1,0,1,12
28633.237444416172,repair_finish,10,3,0,0,0,13
28644.913620869615,failure,10,2,0,0,0,12
28644.913620869615,repair_start,10,2,1,0,1,12
28645.581555746045,repair_finish,10,3,0,0,0,13
28665.32328077836,failure,10,2,0,0,0,12
28665.32328077836,repair_start,10,2,1,0,1,12
28665.57407809885,repair_finish,10,3,0,0,0,13
28673.336945382256,failure,10,2,0,0,0,12
28673.336945382256,repair_start,10,2,1,0,1,12
28673.841321191194,repair_finish,10,3,0,0,0,13
28690.354168569887,failure,10,2,0,0,0,12
28690.354168569887,repair_start,10,2,1,0,1,12
28693.28279112864,repair_finish,10,3,0,0,0,13
28695.24293861305,failure,10,2,0,0,0,12
28695.24293861305,repair_start,10,2,1,0,1,12
28696.454980571845,repair_finish,10,3,0,0,0,13
28700.472062239365,failure,10,2,0,0,0,12
28700.472062239365,repair_start,10,2,1,0,1,12
28700.731482760366,repair_finish,10,3,0,0,0,13
28701.917142302864,failure,10,2,0,0,0,12
28701.917142302864,repair_start,10,2,1,0,1,12
28702.181691456102,repair_finish,10,3,0,0,0,13
28707.69231457116,failure,10,2,0,0,0,12
28707.69231457116,repair_start,10,2,1,0,1,12
28710.04876831859,repair_finish,10,3,0,0,0,13
28732.425840446267,failure,10,2,0,0,0,12
28732.425840446267,repair_start,10,2,1,0,1,12
28733.35343721463,repair_finish,10,3,0,0,0,13
28734.403107951166,failure,10,2,0,0,0,12
28734.403107951166,repair_start,10,2,1,0,1,12
28736.42757908307,repair_finish,10,3,0,0,0,13
28738.605232913385,failure,10,2,0,0,0,12
28738.605232913385,repair_start,10,2,1,0,1,12
28739.06278676398,repair_finish,10,3,0,0,0,13
28766.675875072084,failure,10,2,0,0,0,12
28766.675875072084,repair_start,10,2,1,0,1,12
28768.503222187857,repair_finish,10,3,0,0,0,13
28789.58759017692,failure,10,2,0,0,0,12
28789.58759017692,repair_start,10,2,1,0,1,12
28790.674394221616,repair_finish,10,3,0,0,0,13
28793.336385431707,failure,10,2,0,0,0,12
28793.336385431707,repair_start,10,2,1,0,1,12
28795.09622572061,repair_finish,10,3,0,0,0,13
28798.329893839964,failure,10,2,0,0,0,12
28798.329893839964,repair_start,10,2,1,0,1,12
28799.43883856291,repair_finish,10,3,0,0,0,13
28810.136337207274,failure,10,2,0,0,0,12
28810.136337207274,repair_start,10,2,1,0,1,12
28810.260360080552,repair_finish,10,3,0,0,0,13
28816.105090124547,failure,10,2,0,0,0,12
28816.105090124547,repair_start,10,2,1,0,1,12
28817.701923578144,repair_finish,10,3,0,0,0,13
28817.95162789823,failure,10,2,0,0,0,12
28817.95162789823,repair_start,10,2,1,0,1,12
28819.143801850863,repair_finish,10,3,0,0,0,13
28831.52243998719,failure,10,2,0,0,0,12
28831.52243998719,repair_start,10,2,1,0,1,12
28833.570125888946,repair_finish,10,3,0,0,0,13
28852.480751727566,failure,10,2,0,0,0,12
28852.480751727566,repair_start,10,2,1,0,1,12
28852.778671906046,repair_finish,10,3,0,0,0,13
28869.714762385185,failure,10,2,0,0,0,12
28869.714762385185,repair_start,10,2,1,0,1,12
28869.863015497784,repair_finish,10,3,0,0,0,13
28874.520533151783,failure,10,2,0,0,0,12
28874.520533151783,repair_start,10,2,1,0,1,12
28875.591820150632,repair_finish,10,3,0,0,0,13
28889.146049896954,failure,10,2,0,0,0,12
28889.146049896954,repair_start,10,2,1,0,1,12
28889.34608538428,repair_finish,10,3,0,0,0,13
28902.019656642333,failure,10,2,0,0,0,12
28902.019656642333,repair_start,10,2,1,0,1,12
28904.51133920396,repair_finish,10,3,0,0,0,13
28907.226915823452,failure,10,2,0,0,0,12
28907.226915823452,repair_start,10,2,1,0,1,12
28907.511571059982,failure,10,1,1,0,1,11
28907.511571059982,repair_queue,10,1,2,1,1,11
28908.820000423177,repair_finish,10,2,1,1,0,12
28908.820000423177,repair_start,10,2,1,0,1,12
28910.902035033778,repair_finish,10,3,0,0,0,13
28931.222121580126,failure,10,2,0,0,0,12
28931.222121580126,repair_start,10,2,1,0,1,12
28931.840541222315,repair_finish,10,3,0,0,0,13
28942.450328695435,failure,10,2,0,0,0,12
28942.450328695435,repair_start,10,2,1,0,1,12
28942.762602211234,repair_finish,10,3,0,0,0,13
28944.40362207785,failure,10,2,0,0,0,12
28944.40362207785,repair_start,10,2,1,0,1,12
28944.48705288687,repair_finish,10,3,0,0,0,13
28945.868406663245,failure,10,2,0,0,0,12
28945.868406663245,repair_start,10,2,1,0,1,12
28946.190534435445,repair_finish,10,3,0,0,0,13
28955.404977474805,failure,10,2,0,0,0,12
28955.404977474805,repair_start,10,2,1,0,1,12
28957.41037766495,repair_finish,10,3,0,0,0,13
28966.42397019604,failure,10,2,0,0,0,12
28966.42397019604,repair_start,10,2,1,0,1,12
28967.018249283527,repair_finish,10,3,0,0,0,13
28979.625610057985,failure,10,2,0,0,0,12
28979.625610057985,repair_start,10,2,1,0,1,12
28980.737137606422,repair_finish,10,3,0,0,0,13
28998.30418655521,failure,10,2,0,0,0,12
28998.30418655521,repair_start,10,2,1,0,1,12
28998.41314883696,repair_finish,10,3,0,0,0,13
28999.76712191856,failure,10,2,0,0,0,12
28999.76712191856,repair_start,10,2,1,0,1,12
28999.799189538207,repair_finish,10,3,0,0,0,13
29009.547095146467,failure,10,2,0,0,0,12
29009.547095146467,repair_start,10,2,1,0,1,12
29009.89630616049,repair_finish,10,3,0,0,0,13
29018.843285354174,failure,10,2,0,0,0,12
29018.843285354174,repair_start,10,2,1,0,1,12
29020.039662805073,repair_finish,10,3,0,0,0,13
29031.70302559965,failure,10,2,0,0,0,12
29031.70302559965,repair_start,10,2,1,0,1,12
29031.95103941584,repair_finish,10,3,0,0,0,13
29040.196179824063,failure,10,2,0,0,0,12
29040.196179824063,repair_start,10,2,1,0,1,12
29041.976343417482,repair_finish,10,3,0,0,0,13
29053.903834623183,failure,10,2,0,0,0,12
29053.903834623183,repair_start,10,2,1,0,1,12
29056.442446868845,failure,10,1,1,0,1,11
29056.442446868845,repair_queue,10,1,2,1,1,11
29056.604610922048,repair_finish,10,2,1,1,0,12
29056.604610922048,repair_start,10,2,1,0,1,12
29056.753009207005,repair_finish,10,3,0,0,0,13
29069.1054364264,failure,10,2,0,0,0,12
29069.1054364264,repair_start,10,2,1,0,1,12
29070.67793273375,repair_finish,10,3,0,0,0,13
29070.964302080036,failure,10,2,0,0,0,12
29070.964302080036,repair_start,10,2,1,0,1,12
29071.2668506737,repair_finish,10,3,0,0,0,13
29105.031758547455,failure,10,2,0,0,0,12
29105.031758547455,repair_start,10,2,1,0,1,12
29105.30842418866,failure,10,1,1,0,1,11
29105.30842418866,repair_queue,10,1,2,1,1,11
29105.450873302485,repair_finish,10,2,1,1,0,12
29105.450873302485,repair_start,10,2,1,0,1,12
29105.64290319679,repair_finish,10,3,0,0,0,13
29126.448664787622,failure,10,2,0,0,0,12
29126.448664787622,repair_start,10,2,1,0,1,12
29127.423496861884,repair_finish,10,3,0,0,0,13
29143.20411340015,failure,10,2,0,0,0,12
29143.20411340015,repair_start,10,2,1,0,1,12
29143.74219899246,repair_finish,10,3,0,0,0,13
29151.033186438028,failure,10,2,0,0,0,12
29151.033186438028,repair_start,10,2,1,0,1,12
29151.41139077633,repair_finish,10,3,0,0,0,13
29153.034655027783,failure,10,2,0,0,0,12
29153.034655027783,repair_start,10,2,1,0,1,12
29154.679868139243,repair_finish,10,3,0,0,0,13
29180.847495518778,failure,10,2,0,0,0,12
29180.847495518778,repair_start,10,2,1,0,1,12
29181.48378580382,failure,10,1,1,0,1,11
29181.48378580382,repair_queue,10,1,2,1,1,11
29183.246490191355,failure,10,0,2,1,1,10
29183.246490191355,repair_queue,10,0,3,2,1,10
29184.05364759553,repair_finish,10,1,2,2,0,11
29184.05364759553,repair_start,10,1,2,1,1,11
29184.91289682624,failure,10,0,2,1,1,10
29184.91289682624,repair_queue,10,0,3,2,1,10
29185.53486290023,crash,9,0,3,2,1,9
