case,beta,c,gamma,t,S,I,R
baseline,0.05,10.0,0.25,0.0,990,10,0
baseline,0.05,10.0,0.25,0.11085100734229908,989,11,0
baseline,0.05,10.0,0.25,0.24958500520953122,988,12,0
baseline,0.05,10.0,0.25,0.3143924670464918,987,13,0
baseline,0.05,10.0,0.25,0.4187381648895242,987,12,1
baseline,0.05,10.0,0.25,0.45704075115651627,987,11,2
baseline,0.05,10.0,0.25,0.528894877724139,986,12,2
baseline,0.05,10.0,0.25,0.6195024951443067,985,13,2
baseline,0.05,10.0,0.25,0.6577036077891308,984,14,2
baseline,0.05,10.0,0.25,0.807485436446791,983,15,2
baseline,0.05,10.0,0.25,0.9136460307932821,983,14,3
baseline,0.05,10.0,0.25,0.9762345270599148,982,15,3
baseline,0.05,10.0,0.25,0.9968571073125269,981,16,3
baseline,0.05,10.0,0.25,1.0781558006594802,981,15,4
baseline,0.05,10.0,0.25,1.091608486953405,981,14,5
baseline,0.05,10.0,0.25,1.1487009117740068,981,13,6
baseline,0.05,10.0,0.25,1.2770889565236012,980,14,6
baseline,0.05,10.0,0.25,1.3082779501442605,980,13,7
baseline,0.05,10.0,0.25,1.3746513101575535,979,14,7
baseline,0.05,10.0,0.25,1.4492473447385696,978,15,7
baseline,0.05,10.0,0.25,1.5180244863403018,978,14,8
baseline,0.05,10.0,0.25,1.7162183305560266,978,13,9
baseline,0.05,10.0,0.25,1.7179532785218827,977,14,9
baseline,0.05,10.0,0.25,1.7350467048584113,976,15,9
baseline,0.05,10.0,0.25,1.9681345448364567,975,16,9
baseline,0.05,10.0,0.25,2.016509609783214,974,17,9
baseline,0.05,10.0,0.25,2.0377398215928877,973,18,9
baseline,0.05,10.0,0.25,2.0502408951352447,973,17,10
baseline,0.05,10.0,0.25,2.0786758661881533,972,18,10
baseline,0.05,10.0,0.25,2.1169729706622986,971,19,10
baseline,0.05,10.0,0.25,2.117377232252402,970,20,10
baseline,0.05,10.0,0.25,2.165322253953704,969,21,10
baseline,0.05,10.0,0.25,2.187151772751459,968,22,10
baseline,0.05,10.0,0.25,2.247337819249856,967,23,10
baseline,0.05,10.0,0.25,2.2606965813794067,967,22,11
baseline,0.05,10.0,0.25,2.2693768261530973,966,23,11
baseline,0.05,10.0,0.25,2.5255843073284034,966,22,12
baseline,0.05,10.0,0.25,2.556497204978888,965,23,12
baseline,0.05,10.0,0.25,2.5665500293605206,965,22,13
baseline,0.05,10.0,0.25,2.6029722039292813,964,23,13
baseline,0.05,10.0,0.25,2.6323455911805493,963,24,13
baseline,0.05,10.0,0.25,2.686160289236048,963,23,14
baseline,0.05,10.0,0.25,2.7620006601207945,963,22,15
baseline,0.05,10.0,0.25,2.8433336101931554,962,23,15
baseline,0.05,10.0,0.25,2.946417271582479,962,22,16
baseline,0.05,10.0,0.25,2.97737842810254,961,23,16
baseline,0.05,10.0,0.25,3.076983434688252,961,22,17
baseline,0.05,10.0,0.25,3.1495273547823355,960,23,17
baseline,0.05,10.0,0.25,3.156086644699199,959,24,17
baseline,0.05,10.0,0.25,3.1565481199372094,959,23,18
baseline,0.05,10.0,0.25,3.1784672248734314,958,24,18
baseline,0.05,10.0,0.25,3.2163022410500104,957,25,18
baseline,0.05,10.0,0.25,3.259239571741394,957,24,19
baseline,0.05,10.0,0.25,3.2601289039889823,957,23,20
baseline,0.05,10.0,0.25,3.409577938543462,956,24,20
baseline,0.05,10.0,0.25,3.5082477318400995,955,25,20
baseline,0.05,10.0,0.25,3.5908841203766166,954,26,20
baseline,0.05,10.0,0.25,3.634262287591342,953,27,20
baseline,0.05,10.0,0.25,3.6422048982015522,952,28,20
baseline,0.05,10.0,0.25,3.67804491388967,952,27,21
baseline,0.05,10.0,0.25,3.708714511761815,951,28,21
baseline,0.05,10.0,0.25,3.709113220353152,951,27,22
baseline,0.05,10.0,0.25,3.738865581640158,950,28,22
baseline,0.05,10.0,0.25,3.740851214715261,950,27,23
baseline,0.05,10.0,0.25,3.756091348224748,949,28,23
baseline,0.05,10.0,0.25,3.8354693898390235,948,29,23
baseline,0.05,10.0,0.25,3.9042959227804506,948,28,24
baseline,0.05,10.0,0.25,3.910427961178268,947,29,24
baseline,0.05,10.0,0.25,3.9227309987129,946,30,24
baseline,0.05,10.0,0.25,4.110381871233421,945,31,24
baseline,0.05,10.0,0.25,4.144285161141826,945,30,25
baseline,0.05,10.0,0.25,4.175548327678941,945,29,26
baseline,0.05,10.0,0.25,4.2934240061899915,945,28,27
baseline,0.05,10.0,0.25,4.44455221895344,944,29,27
baseline,0.05,10.0,0.25,4.467140057232649,943,30,27
baseline,0.05,10.0,0.25,4.4704009960922555,943,29,28
baseline,0.05,10.0,0.25,4.493544444004835,943,28,29
baseline,0.05,10.0,0.25,4.510318716817315,943,27,30
baseline,0.05,10.0,0.25,4.5689915021634535,942,28,30
baseline,0.05,10.0,0.25,4.728359227948526,942,27,31
baseline,0.05,10.0,0.25,4.820988534644843,941,28,31
baseline,0.05,10.0,0.25,4.821108121918664,941,27,32
baseline,0.05,10.0,0.25,4.880198843748505,941,26,33
baseline,0.05,10.0,0.25,4.912521819531967,940,27,33
baseline,0.05,10.0,0.25,4.93971972250675,940,26,34
baseline,0.05,10.0,0.25,5.239288456798061,940,25,35
baseline,0.05,10.0,0.25,5.251420118059941,939,26,35
baseline,0.05,10.0,0.25,5.25765700875948,938,27,35
baseline,0.05,10.0,0.25,5.289868990088652,937,28,35
baseline,0.05,10.0,0.25,5.292003481797658,936,29,35
baseline,0.05,10.0,0.25,5.299806314707036,935,30,35
baseline,0.05,10.0,0.25,5.406290519388507,934,31,35
baseline,0.05,10.0,0.25,5.456677130220083,933,32,35
baseline,0.05,10.0,0.25,5.544756900965743,932,33,35
baseline,0.05,10.0,0.25,5.668278660590771,932,32,36
baseline,0.05,10.0,0.25,5.671274918470857,931,33,36
baseline,0.05,10.0,0.25,5.740000984765931,930,34,36
baseline,0.05,10.0,0.25,5.798369806101785,930,33,37
baseline,0.05,10.0,0.25,5.7985876345073235,929,34,37
baseline,0.05,10.0,0.25,5.832050334510668,928,35,37
baseline,0.05,10.0,0.25,5.863011341067717,927,36,37
baseline,0.05,10.0,0.25,5.941318621679408,927,35,38
baseline,0.05,10.0,0.25,6.10104377459153,927,34,39
baseline,0.05,10.0,0.25,6.129545843944145,926,35,39
baseline,0.05,10.0,0.25,6.182710088686921,925,36,39
baseline,0.05,10.0,0.25,6.198167440801862,924,37,39
baseline,0.05,10.0,0.25,6.324565193426397,923,38,39
baseline,0.05,10.0,0.25,6.3736332682728065,923,37,40
baseline,0.05,10.0,0.25,6.427686488365175,923,36,41
baseline,0.05,10.0,0.25,6.431537036435241,922,37,41
baseline,0.05,10.0,0.25,6.436672771499456,921,38,41
baseline,0.05,10.0,0.25,6.438144316924485,920,39,41
baseline,0.05,10.0,0.25,6.440815887378861,920,38,42
baseline,0.05,10.0,0.25,6.4556489928679595,920,37,43
baseline,0.05,10.0,0.25,6.458274009354414,919,38,43
baseline,0.05,10.0,0.25,6.480229257678119,919,37,44
baseline,0.05,10.0,0.25,6.482447406748943,918,38,44
baseline,0.05,10.0,0.25,6.522797742661672,918,37,45
baseline,0.05,10.0,0.25,6.574403404002904,918,36,46
baseline,0.05,10.0,0.25,6.594559566174619,917,37,46
baseline,0.05,10.0,0.25,6.6521070598128205,917,36,47
baseline,0.05,10.0,0.25,6.747508940352475,916,37,47
baseline,0.05,10.0,0.25,6.767767070810496,915,38,47
baseline,0.05,10.0,0.25,6.892687756341204,914,39,47
baseline,0.05,10.0,0.25,6.925957736914153,914,38,48
baseline,0.05,10.0,0.25,6.964455728465202,913,39,48
baseline,0.05,10.0,0.25,7.183395278149383,913,38,49
baseline,0.05,10.0,0.25,7.219497478729398,912,39,49
baseline,0.05,10.0,0.25,7.337689759802666,912,38,50
baseline,0.05,10.0,0.25,7.404696433105331,911,39,50
baseline,0.05,10.0,0.25,7.4322677011603995,910,40,50
baseline,0.05,10.0,0.25,7.440007183757706,910,39,51
baseline,0.05,10.0,0.25,7.601830410829323,910,38,52
baseline,0.05,10.0,0.25,7.6792906764649755,910,37,53
baseline,0.05,10.0,0.25,7.732538459323788,909,38,53
baseline,0.05,10.0,0.25,7.741322238400722,908,39,53
baseline,0.05,10.0,0.25,7.790598015799301,907,40,53
baseline,0.05,10.0,0.25,7.861391126291054,907,39,54
baseline,0.05,10.0,0.25,7.94286785293831,906,40,54
baseline,0.05,10.0,0.25,7.999143967445647,905,41,54
baseline,0.05,10.0,0.25,8.03782516729341,904,42,54
baseline,0.05,10.0,0.25,8.057609890083299,903,43,54
baseline,0.05,10.0,0.25,8.060192251001341,902,44,54
baseline,0.05,10.0,0.25,8.152314036159694,901,45,54
baseline,0.05,10.0,0.25,8.171247962558539,900,46,54
baseline,0.05,10.0,0.25,8.279635454737912,899,47,54
baseline,0.05,10.0,0.25,8.3741817975915,899,46,55
baseline,0.05,10.0,0.25,8.44219961090874,899,45,56
baseline,0.05,10.0,0.25,8.444956015658095,899,44,57
baseline,0.05,10.0,0.25,8.473840410796551,898,45,57
baseline,0.05,10.0,0.25,8.48452893505868,897,46,57
baseline,0.05,10.0,0.25,8.535999577992625,897,45,58
baseline,0.05,10.0,0.25,8.59560087609578,897,44,59
baseline,0.05,10.0,0.25,8.646130272837919,896,45,59
baseline,0.05,10.0,0.25,8.657108949874397,896,44,60
baseline,0.05,10.0,0.25,8.676386273572179,895,45,60
baseline,0.05,10.0,0.25,8.710144861651374,894,46,60
baseline,0.05,10.0,0.25,8.735256717570431,893,47,60
baseline,0.05,10.0,0.25,8.74749717440669,893,46,61
baseline,0.05,10.0,0.25,8.80672457499272,892,47,61
baseline,0.05,10.0,0.25,8.81175672624614,891,48,61
baseline,0.05,10.0,0.25,8.852782457080886,891,47,62
baseline,0.05,10.0,0.25,8.865792425124747,890,48,62
baseline,0.05,10.0,0.25,8.869200610889797,889,49,62
baseline,0.05,10.0,0.25,8.931356187053355,888,50,62
baseline,0.05,10.0,0.25,8.936725660862622,887,51,62
baseline,0.05,10.0,0.25,8.943943124425807,886,52,62
baseline,0.05,10.0,0.25,8.950288197678836,885,53,62
baseline,0.05,10.0,0.25,8.965589045074282,884,54,62
baseline,0.05,10.0,0.25,8.96655748214243,884,53,63
baseline,0.05,10.0,0.25,8.98207601073385,883,54,63
baseline,0.05,10.0,0.25,8.986896651053458,882,55,63
baseline,0.05,10.0,0.25,9.00069135228062,882,54,64
baseline,0.05,10.0,0.25,9.022060905514499,882,53,65
baseline,0.05,10.0,0.25,9.066581200206212,881,54,65
baseline,0.05,10.0,0.25,9.070495650932639,881,53,66
baseline,0.05,10.0,0.25,9.074896740783661,881,52,67
baseline,0.05,10.0,0.25,9.0890691530656,880,53,67
baseline,0.05,10.0,0.25,9.119142255762076,879,54,67
baseline,0.05,10.0,0.25,9.121557694329505,878,55,67
baseline,0.05,10.0,0.25,9.133199727571897,878,54,68
baseline,0.05,10.0,0.25,9.218247978597672,877,55,68
baseline,0.05,10.0,0.25,9.221794694058413,876,56,68
baseline,0.05,10.0,0.25,9.274540410512554,875,57,68
baseline,0.05,10.0,0.25,9.293636554656043,874,58,68
baseline,0.05,10.0,0.25,9.370895751735143,873,59,68
baseline,0.05,10.0,0.25,9.383923342710322,872,60,68
baseline,0.05,10.0,0.25,9.433749452982044,872,59,69
baseline,0.05,10.0,0.25,9.450316395576642,872,58,70
baseline,0.05,10.0,0.25,9.475552747595161,872,57,71
baseline,0.05,10.0,0.25,9.527062174762692,871,58,71
baseline,0.05,10.0,0.25,9.53171902961281,871,57,72
baseline,0.05,10.0,0.25,9.580785458020776,870,58,72
baseline,0.05,10.0,0.25,9.627448776643497,869,59,72
baseline,0.05,10.0,0.25,9.658996771081625,868,60,72
baseline,0.05,10.0,0.25,9.665207838246975,868,59,73
baseline,0.05,10.0,0.25,9.668181062994561,867,60,73
baseline,0.05,10.0,0.25,9.685662985452396,867,59,74
baseline,0.05,10.0,0.25,9.692950573066396,866,60,74
baseline,0.05,10.0,0.25,9.752766794690558,865,61,74
baseline,0.05,10.0,0.25,9.784650115317508,864,62,74
baseline,0.05,10.0,0.25,9.787913531581445,863,63,74
baseline,0.05,10.0,0.25,9.828597027978875,862,64,74
baseline,0.05,10.0,0.25,9.845006310656458,862,63,75
baseline,0.05,10.0,0.25,9.855022719623546,862,62,76
baseline,0.05,10.0,0.25,9.857191180435047,862,61,77
baseline,0.05,10.0,0.25,9.863010834921008,861,62,77
baseline,0.05,10.0,0.25,9.877987400997936,860,63,77
baseline,0.05,10.0,0.25,9.910671136886393,859,64,77
baseline,0.05,10.0,0.25,9.942569834496831,858,65,77
baseline,0.05,10.0,0.25,9.958900643637591,858,64,78
baseline,0.05,10.0,0.25,9.96193988421451,857,65,78
baseline,0.05,10.0,0.25,9.984843578021733,856,66,78
baseline,0.05,10.0,0.25,10.004901730880073,855,67,78
baseline,0.05,10.0,0.25,10.011040248861596,854,68,78
baseline,0.05,10.0,0.25,10.02418178092384,854,67,79
baseline,0.05,10.0,0.25,10.052958733774377,853,68,79
baseline,0.05,10.0,0.25,10.05684635835394,852,69,79
baseline,0.05,10.0,0.25,10.079593305842305,851,70,79
baseline,0.05,10.0,0.25,10.104252170000153,850,71,79
baseline,0.05,10.0,0.25,10.15935700032938,850,70,80
baseline,0.05,10.0,0.25,10.207862909386584,850,69,81
baseline,0.05,10.0,0.25,10.223173134083392,849,70,81
baseline,0.05,10.0,0.25,10.236756124724646,848,71,81
baseline,0.05,10.0,0.25,10.238018597812147,847,72,81
baseline,0.05,10.0,0.25,10.26408176451286,846,73,81
baseline,0.05,10.0,0.25,10.265284233636592,846,72,82
baseline,0.05,10.0,0.25,10.29488300789285,845,73,82
baseline,0.05,10.0,0.25,10.356877419990472,844,74,82
baseline,0.05,10.0,0.25,10.379888254949039,843,75,82
baseline,0.05,10.0,0.25,10.390148030485303,842,76,82
baseline,0.05,10.0,0.25,10.40546295191404,841,77,82
baseline,0.05,10.0,0.25,10.43088780395864,840,78,82
baseline,0.05,10.0,0.25,10.43784761044108,840,77,83
baseline,0.05,10.0,0.25,10.443659545488682,839,78,83
baseline,0.05,10.0,0.25,10.473255092077228,839,77,84
baseline,0.05,10.0,0.25,10.503778676913035,839,76,85
baseline,0.05,10.0,0.25,10.521996792944773,838,77,85
baseline,0.05,10.0,0.25,10.5456014927391,837,78,85
baseline,0.05,10.0,0.25,10.546864500151315,837,77,86
baseline,0.05,10.0,0.25,10.551935929817766,837,76,87
baseline,0.05,10.0,0.25,10.6056841414653,836,77,87
baseline,0.05,10.0,0.25,10.640483303199238,836,76,88
baseline,0.05,10.0,0.25,10.693431188138529,835,77,88
baseline,0.05,10.0,0.25,10.700153706229447,834,78,88
baseline,0.05,10.0,0.25,10.731605160104,833,79,88
baseline,0.05,10.0,0.25,10.76667410072465,832,80,88
baseline,0.05,10.0,0.25,10.783388784424462,832,79,89
baseline,0.05,10.0,0.25,10.801629431875512,831,80,89
baseline,0.05,10.0,0.25,10.821559035113063,831,79,90
baseline,0.05,10.0,0.25,10.883637308183804,831,78,91
baseline,0.05,10.0,0.25,10.886808032236827,830,79,91
baseline,0.05,10.0,0.25,10.922109910711216,829,80,91
baseline,0.05,10.0,0.25,10.932280280517453,828,81,91
baseline,0.05,10.0,0.25,10.934458152539056,827,82,91
baseline,0.05,10.0,0.25,10.948838384429274,827,81,92
baseline,0.05,10.0,0.25,10.95540986943886,826,82,92
baseline,0.05,10.0,0.25,10.957055785126961,826,81,93
baseline,0.05,10.0,0.25,11.011172191096932,825,82,93
baseline,0.05,10.0,0.25,11.059489142976114,825,81,94
baseline,0.05,10.0,0.25,11.139613231232254,824,82,94
baseline,0.05,10.0,0.25,11.150709064474738,824,81,95
baseline,0.05,10.0,0.25,11.189459578082383,823,82,95
baseline,0.05,10.0,0.25,11.212356479339164,822,83,95
baseline,0.05,10.0,0.25,11.21396383982073,821,84,95
baseline,0.05,10.0,0.25,11.242857821196083,820,85,95
baseline,0.05,10.0,0.25,11.248712042069869,820,84,96
baseline,0.05,10.0,0.25,11.252559278868453,819,85,96
baseline,0.05,10.0,0.25,11.267152419821166,818,86,96
baseline,0.05,10.0,0.25,11.28680870581729,817,87,96
baseline,0.05,10.0,0.25,11.295650575124021,816,88,96
baseline,0.05,10.0,0.25,11.305212904422602,816,87,97
baseline,0.05,10.0,0.25,11.308346679722327,815,88,97
baseline,0.05,10.0,0.25,11.363928478056884,814,89,97
baseline,0.05,10.0,0.25,11.43754269932171,813,90,97
baseline,0.05,10.0,0.25,11.472497293529306,812,91,97
baseline,0.05,10.0,0.25,11.477638712421175,811,92,97
baseline,0.05,10.0,0.25,11.552340557378388,810,93,97
baseline,0.05,10.0,0.25,11.565308074983527,809,94,97
baseline,0.05,10.0,0.25,11.579145773588687,808,95,97
baseline,0.05,10.0,0.25,11.585848679475065,808,94,98
baseline,0.05,10.0,0.25,11.59407224609945,808,93,99
baseline,0.05,10.0,0.25,11.605555499306021,807,94,99
baseline,0.05,10.0,0.25,11.629869118114435,806,95,99
baseline,0.05,10.0,0.25,11.64497240159597,805,96,99
baseline,0.05,10.0,0.25,11.664505887305905,805,95,100
baseline,0.05,10.0,0.25,11.66561834514491,804,96,100
baseline,0.05,10.0,0.25,11.66735061852084,804,95,101
baseline,0.05,10.0,0.25,11.69161989733799,803,96,101
baseline,0.05,10.0,0.25,11.693739645938008,803,95,102
baseline,0.05,10.0,0.25,11.727941606899474,802,96,102
baseline,0.05,10.0,0.25,11.733961618366056,802,95,103
baseline,0.05,10.0,0.25,11.7711911267102,801,96,103
baseline,0.05,10.0,0.25,11.790148921298425,801,95,104
baseline,0.05,10.0,0.25,11.79783589229958,800,96,104
baseline,0.05,10.0,0.25,11.807164632309291,800,95,105
baseline,0.05,10.0,0.25,11.815225367813511,800,94,106
baseline,0.05,10.0,0.25,11.81964741053767,800,93,107
baseline,0.05,10.0,0.25,11.863369597553863,799,94,107
baseline,0.05,10.0,0.25,11.86639155249202,798,95,107
baseline,0.05,10.0,0.25,11.867076028285435,797,96,107
baseline,0.05,10.0,0.25,11.869416382698649,797,95,108
baseline,0.05,10.0,0.25,11.933890445127668,797,94,109
baseline,0.05,10.0,0.25,11.948945759633762,796,95,109
baseline,0.05,10.0,0.25,11.949085801384518,795,96,109
baseline,0.05,10.0,0.25,11.996654791028451,795,95,110
baseline,0.05,10.0,0.25,12.026253886688078,795,94,111
baseline,0.05,10.0,0.25,12.049558476491873,794,95,111
baseline,0.05,10.0,0.25,12.056336002784224,793,96,111
baseline,0.05,10.0,0.25,12.07982897552607,792,97,111
baseline,0.05,10.0,0.25,12.131743087614185,792,96,112
baseline,0.05,10.0,0.25,12.154214302543437,791,97,112
baseline,0.05,10.0,0.25,12.15961549240498,790,98,112
baseline,0.05,10.0,0.25,12.193815538351862,789,99,112
baseline,0.05,10.0,0.25,12.196990137907802,789,98,113
baseline,0.05,10.0,0.25,12.19827819372894,788,99,113
baseline,0.05,10.0,0.25,12.204342560013114,788,98,114
baseline,0.05,10.0,0.25,12.222687489378872,787,99,114
baseline,0.05,10.0,0.25,12.264828949441668,786,100,114
baseline,0.05,10.0,0.25,12.28656723727727,785,101,114
baseline,0.05,10.0,0.25,12.30411464398005,784,102,114
baseline,0.05,10.0,0.25,12.313935779986789,783,103,114
baseline,0.05,10.0,0.25,12.336052502902751,783,102,115
baseline,0.05,10.0,0.25,12.354950913855257,783,101,116
baseline,0.05,10.0,0.25,12.387010207853383,782,102,116
baseline,0.05,10.0,0.25,12.399336780763226,782,101,117
baseline,0.05,10.0,0.25,12.404752987307859,781,102,117
baseline,0.05,10.0,0.25,12.415111537987423,780,103,117
baseline,0.05,10.0,0.25,12.438179413044779,779,104,117
baseline,0.05,10.0,0.25,12.447583491800195,779,103,118
baseline,0.05,10.0,0.25,12.51707523905947,778,104,118
baseline,0.05,10.0,0.25,12.546669740522546,778,103,119
baseline,0.05,10.0,0.25,12.559118519273525,777,104,119
baseline,0.05,10.0,0.25,12.563000351325782,776,105,119
baseline,0.05,10.0,0.25,12.565823156672721,775,106,119
baseline,0.05,10.0,0.25,12.58490268569243,774,107,119
baseline,0.05,10.0,0.25,12.628550150967131,774,106,120
baseline,0.05,10.0,0.25,12.631949933013573,773,107,120
baseline,0.05,10.0,0.25,12.639452059210885,772,108,120
baseline,0.05,10.0,0.25,12.655907735801236,771,109,120
baseline,0.05,10.0,0.25,12.660304864533899,770,110,120
baseline,0.05,10.0,0.25,12.703489276018201,769,111,120
baseline,0.05,10.0,0.25,12.706476256354053,769,110,121
baseline,0.05,10.0,0.25,12.712882186971175,768,111,121
baseline,0.05,10.0,0.25,12.719808323812739,767,112,121
baseline,0.05,10.0,0.25,12.752165304927178,766,113,121
baseline,0.05,10.0,0.25,12.771329675249412,765,114,121
baseline,0.05,10.0,0.25,12.774375480219762,764,115,121
baseline,0.05,10.0,0.25,12.77507028730763,764,114,122
baseline,0.05,10.0,0.25,12.803295705568871,763,115,122
baseline,0.05,10.0,0.25,12.82018374556225,763,114,123
baseline,0.05,10.0,0.25,12.824209359428123,762,115,123
baseline,0.05,10.0,0.25,12.856233048253308,761,116,123
baseline,0.05,10.0,0.25,12.86769650547449,760,117,123
baseline,0.05,10.0,0.25,12.885875751047834,759,118,123
baseline,0.05,10.0,0.25,12.895914732541776,758,119,123
baseline,0.05,10.0,0.25,12.899201163953546,758,118,124
baseline,0.05,10.0,0.25,12.921410146557106,757,119,124
baseline,0.05,10.0,0.25,12.923833303654856,756,120,124
baseline,0.05,10.0,0.25,12.924395881411229,755,121,124
baseline,0.05,10.0,0.25,12.93665674017896,755,120,125
baseline,0.05,10.0,0.25,12.940330074374039,754,121,125
baseline,0.05,10.0,0.25,12.97121412211183,753,122,125
baseline,0.05,10.0,0.25,12.980003890140724,753,121,126
baseline,0.05,10.0,0.25,12.990669190740972,752,122,126
baseline,0.05,10.0,0.25,13.01237690047952,752,121,127
baseline,0.05,10.0,0.25,13.015784150292104,751,122,127
baseline,0.05,10.0,0.25,13.024429967509707,751,121,128
baseline,0.05,10.0,0.25,13.031555232533801,750,122,128
baseline,0.05,10.0,0.25,13.067719284420054,749,123,128
baseline,0.05,10.0,0.25,13.070203419152875,748,124,128
baseline,0.05,10.0,0.25,13.076069196679839,748,123,129
baseline,0.05,10.0,0.25,13.082533529791972,748,122,130
baseline,0.05,10.0,0.25,13.10689606657781,747,123,130
baseline,0.05,10.0,0.25,13.106897165172262,746,124,130
baseline,0.05,10.0,0.25,13.112509275052012,745,125,130
baseline,0.05,10.0,0.25,13.129338552499181,744,126,130
baseline,0.05,10.0,0.25,13.145413645425634,744,125,131
baseline,0.05,10.0,0.25,13.169338009315746,743,126,131
baseline,0.05,10.0,0.25,13.17418923641974,742,127,131
baseline,0.05,10.0,0.25,13.179537452674433,741,128,131
baseline,0.05,10.0,0.25,13.1821200560126,740,129,131
baseline,0.05,10.0,0.25,13.18677003073536,740,128,132
baseline,0.05,10.0,0.25,13.196931188723436,740,127,133
baseline,0.05,10.0,0.25,13.205936892654826,739,128,133
baseline,0.05,10.0,0.25,13.20694081299013,738,129,133
baseline,0.05,10.0,0.25,13.22838233934466,737,130,133
baseline,0.05,10.0,0.25,13.240679494046416,736,131,133
baseline,0.05,10.0,0.25,13.255952570346334,736,130,134
baseline,0.05,10.0,0.25,13.279875282435029,735,131,134
baseline,0.05,10.0,0.25,13.28005961611549,734,132,134
baseline,0.05,10.0,0.25,13.281972112265526,733,133,134
baseline,0.05,10.0,0.25,13.305994538037664,733,132,135
baseline,0.05,10.0,0.25,13.314842931270686,733,131,136
baseline,0.05,10.0,0.25,13.323411419706327,733,130,137
baseline,0.05,10.0,0.25,13.324969162621828,732,131,137
baseline,0.05,10.0,0.25,13.33972160254628,731,132,137
baseline,0.05,10.0,0.25,13.383545295326146,730,133,137
baseline,0.05,10.0,0.25,13.388139583916184,729,134,137
baseline,0.05,10.0,0.25,13.402796430938357,728,135,137
baseline,0.05,10.0,0.25,13.408320784204468,728,134,138
baseline,0.05,10.0,0.25,13.423315489003793,727,135,138
baseline,0.05,10.0,0.25,13.429416782497588,726,136,138
baseline,0.05,10.0,0.25,13.449196324690368,726,135,139
baseline,0.05,10.0,0.25,13.480785515567337,725,136,139
baseline,0.05,10.0,0.25,13.484997829202657,724,137,139
baseline,0.05,10.0,0.25,13.493803601043242,723,138,139
baseline,0.05,10.0,0.25,13.501444653824956,722,139,139
baseline,0.05,10.0,0.25,13.508300033617362,721,140,139
baseline,0.05,10.0,0.25,13.510361987455921,721,139,140
baseline,0.05,10.0,0.25,13.530248366002214,720,140,140
baseline,0.05,10.0,0.25,13.531646881371975,719,141,140
baseline,0.05,10.0,0.25,13.546631039327027,718,142,140
baseline,0.05,10.0,0.25,13.560082908014195,717,143,140
baseline,0.05,10.0,0.25,13.563745644370695,716,144,140
baseline,0.05,10.0,0.25,13.566526045057511,716,143,141
baseline,0.05,10.0,0.25,13.575345743888795,716,142,142
baseline,0.05,10.0,0.25,13.58472164031447,715,143,142
baseline,0.05,10.0,0.25,13.589679149311642,714,144,142
baseline,0.05,10.0,0.25,13.60808324991242,713,145,142
baseline,0.05,10.0,0.25,13.608649967801195,712,146,142
baseline,0.05,10.0,0.25,13.61239830373525,712,145,143
baseline,0.05,10.0,0.25,13.613992146115956,712,144,144
baseline,0.05,10.0,0.25,13.623228201173625,711,145,144
baseline,0.05,10.0,0.25,13.631938518378513,711,144,145
baseline,0.05,10.0,0.25,13.64717845242847,710,145,145
baseline,0.05,10.0,0.25,13.672964292356651,710,144,146
baseline,0.05,10.0,0.25,13.691452387603318,709,145,146
baseline,0.05,10.0,0.25,13.694876318568863,709,144,147
baseline,0.05,10.0,0.25,13.70211364109866,708,145,147
baseline,0.05,10.0,0.25,13.722989914704845,708,144,148
baseline,0.05,10.0,0.25,13.73853152942031,708,143,149
baseline,0.05,10.0,0.25,13.743332745015504,707,144,149
baseline,0.05,10.0,0.25,13.751727140158922,707,143,150
baseline,0.05,10.0,0.25,13.775092132127044,706,144,150
baseline,0.05,10.0,0.25,13.785187436294878,705,145,150
baseline,0.05,10.0,0.25,13.791151767879164,704,146,150
baseline,0.05,10.0,0.25,13.830257281532488,703,147,150
baseline,0.05,10.0,0.25,13.834244282131289,702,148,150
baseline,0.05,10.0,0.25,13.85617897886335,701,149,150
baseline,0.05,10.0,0.25,13.857445977127268,701,148,151
baseline,0.05,10.0,0.25,13.862515293234496,700,149,151
baseline,0.05,10.0,0.25,13.863762935758814,699,150,151
baseline,0.05,10.0,0.25,13.878975494999956,699,149,152
baseline,0.05,10.0,0.25,13.890395375234219,699,148,153
baseline,0.05,10.0,0.25,13.897275694191555,698,149,153
baseline,0.05,10.0,0.25,13.903902692619896,697,150,153
baseline,0.05,10.0,0.25,13.92136036784911,696,151,153
baseline,0.05,10.0,0.25,13.933300051581597,696,150,154
baseline,0.05,10.0,0.25,13.937247917648387,695,151,154
baseline,0.05,10.0,0.25,13.94994309263873,695,150,155
baseline,0.05,10.0,0.25,13.958082262427958,695,149,156
baseline,0.05,10.0,0.25,13.958455299994835,695,148,157
baseline,0.05,10.0,0.25,13.959541741519525,694,149,157
baseline,0.05,10.0,0.25,13.98860815513688,694,148,158
baseline,0.05,10.0,0.25,13.992646738646664,693,149,158
baseline,0.05,10.0,0.25,13.997788778538192,692,150,158
baseline,0.05,10.0,0.25,14.00304220487737,692,149,159
baseline,0.05,10.0,0.25,14.02233414527822,691,150,159
baseline,0.05,10.0,0.25,14.031731396628537,691,149,160
baseline,0.05,10.0,0.25,14.062589458370384,690,150,160
baseline,0.05,10.0,0.25,14.083774001862109,690,149,161
baseline,0.05,10.0,0.25,14.122478135728107,689,150,161
baseline,0.05,10.0,0.25,14.150458491446523,688,151,161
baseline,0.05,10.0,0.25,14.151997017936612,688,150,162
baseline,0.05,10.0,0.25,14.152231806038609,687,151,162
baseline,0.05,10.0,0.25,14.156567785112596,686,152,162
baseline,0.05,10.0,0.25,14.16642778628123,685,153,162
baseline,0.05,10.0,0.25,14.170154244509847,685,152,163
baseline,0.05,10.0,0.25,14.17032511904971,684,153,163
baseline,0.05,10.0,0.25,14.175047139020153,684,152,164
baseline,0.05,10.0,0.25,14.205942912670661,683,153,164
baseline,0.05,10.0,0.25,14.212996020778816,682,154,164
baseline,0.05,10.0,0.25,14.216027435164765,681,155,164
baseline,0.05,10.0,0.25,14.235677484055547,681,154,165
baseline,0.05,10.0,0.25,14.245639224851333,681,153,166
baseline,0.05,10.0,0.25,14.248241567954494,681,152,167
baseline,0.05,10.0,0.25,14.257748266596273,681,151,168
baseline,0.05,10.0,0.25,14.257923698874533,681,150,169
baseline,0.05,10.0,0.25,14.279456597578815,681,149,170
baseline,0.05,10.0,0.25,14.294811961706058,680,150,170
baseline,0.05,10.0,0.25,14.306894353320216,680,149,171
baseline,0.05,10.0,0.25,14.325692389763425,680,148,172
baseline,0.05,10.0,0.25,14.329746210325665,679,149,172
baseline,0.05,10.0,0.25,14.357977446385954,678,150,172
baseline,0.05,10.0,0.25,14.359627026845352,677,151,172
baseline,0.05,10.0,0.25,14.370398988845508,677,150,173
baseline,0.05,10.0,0.25,14.374850708155336,676,151,173
baseline,0.05,10.0,0.25,14.386866114234685,675,152,173
baseline,0.05,10.0,0.25,14.39638120976787,675,151,174
baseline,0.05,10.0,0.25,14.419662703033971,675,150,175
baseline,0.05,10.0,0.25,14.429594558038193,675,149,176
baseline,0.05,10.0,0.25,14.435547079490384,674,150,176
baseline,0.05,10.0,0.25,14.440245676394404,673,151,176
baseline,0.05,10.0,0.25,14.444224367808447,672,152,176
baseline,0.05,10.0,0.25,14.464169717405579,671,153,176
baseline,0.05,10.0,0.25,14.4826160877966,671,152,177
baseline,0.05,10.0,0.25,14.485548753501403,671,151,178
baseline,0.05,10.0,0.25,14.493884639836555,671,150,179
baseline,0.05,10.0,0.25,14.50620299194109,670,151,179
baseline,0.05,10.0,0.25,14.527882699303511,670,150,180
baseline,0.05,10.0,0.25,14.537296704373352,670,149,181
baseline,0.05,10.0,0.25,14.559180677769241,670,148,182
baseline,0.05,10.0,0.25,14.563387833914057,669,149,182
baseline,0.05,10.0,0.25,14.572312317270576,668,150,182
baseline,0.05,10.0,0.25,14.590557836623436,667,151,182
baseline,0.05,10.0,0.25,14.593833436624742,667,150,183
baseline,0.05,10.0,0.25,14.596312650372575,667,149,184
baseline,0.05,10.0,0.25,14.60496536554833,667,148,185
baseline,0.05,10.0,0.25,14.617670681385015,667,147,186
baseline,0.05,10.0,0.25,14.620809713341288,667,146,187
baseline,0.05,10.0,0.25,14.633903722725298,667,145,188
baseline,0.05,10.0,0.25,14.655761374831453,666,146,188
baseline,0.05,10.0,0.25,14.658133266051438,665,147,188
baseline,0.05,10.0,0.25,14.695295506714665,665,146,189
baseline,0.05,10.0,0.25,14.70436781694307,665,145,190
baseline,0.05,10.0,0.25,14.716552996050194,664,146,190
baseline,0.05,10.0,0.25,14.718727491628433,664,145,191
baseline,0.05,10.0,0.25,14.723154609379907,664,144,192
baseline,0.05,10.0,0.25,14.730325693159882,663,145,192
baseline,0.05,10.0,0.25,14.7326094261816,663,144,193
baseline,0.05,10.0,0.25,14.734183703158068,662,145,193
baseline,0.05,10.0,0.25,14.737925739414012,662,144,194
baseline,0.05,10.0,0.25,14.744619239835195,661,145,194
baseline,0.05,10.0,0.25,14.768815807587064,661,144,195
baseline,0.05,10.0,0.25,14.778920811334865,661,143,196
baseline,0.05,10.0,0.25,14.791793873707654,660,144,196
baseline,0.05,10.0,0.25,14.793428988980496,659,145,196
baseline,0.05,10.0,0.25,14.799621864258993,659,144,197
baseline,0.05,10.0,0.25,14.7999587452381,658,145,197
baseline,0.05,10.0,0.25,14.829581013783839,657,146,197
baseline,0.05,10.0,0.25,14.842331312132597,656,147,197
baseline,0.05,10.0,0.25,14.882323789412485,655,148,197
baseline,0.05,10.0,0.25,14.89297131605076,655,147,198
baseline,0.05,10.0,0.25,14.903485870945284,655,146,199
baseline,0.05,10.0,0.25,14.914419913587542,654,147,199
baseline,0.05,10.0,0.25,14.948188555047894,653,148,199
baseline,0.05,10.0,0.25,14.96663596268327,652,149,199
baseline,0.05,10.0,0.25,14.989892184018993,651,150,199
baseline,0.05,10.0,0.25,15.004723157807975,651,149,200
baseline,0.05,10.0,0.25,15.006718599160886,650,150,200
baseline,0.05,10.0,0.25,15.025389971797432,650,149,201
baseline,0.05,10.0,0.25,15.069218423357398,650,148,202
baseline,0.05,10.0,0.25,15.076312424810673,649,149,202
baseline,0.05,10.0,0.25,15.088299508014849,648,150,202
baseline,0.05,10.0,0.25,15.09298148499604,647,151,202
baseline,0.05,10.0,0.25,15.10366078529169,647,150,203
baseline,0.05,10.0,0.25,15.109080276099975,646,151,203
baseline,0.05,10.0,0.25,15.110726947313163,645,152,203
baseline,0.05,10.0,0.25,15.117731691509661,645,151,204
baseline,0.05,10.0,0.25,15.168042416799823,644,152,204
baseline,0.05,10.0,0.25,15.17133833729375,643,153,204
baseline,0.05,10.0,0.25,15.190256004117161,642,154,204
baseline,0.05,10.0,0.25,15.195486425975078,641,155,204
baseline,0.05,10.0,0.25,15.203005194641188,640,156,204
baseline,0.05,10.0,0.25,15.203215270429515,639,157,204
baseline,0.05,10.0,0.25,15.236375292604675,638,158,204
baseline,0.05,10.0,0.25,15.260334984613152,637,159,204
baseline,0.05,10.0,0.25,15.300071854195133,637,158,205
baseline,0.05,10.0,0.25,15.314033670442178,637,157,206
baseline,0.05,10.0,0.25,15.326324437896094,636,158,206
baseline,0.05,10.0,0.25,15.346674741837424,635,159,206
baseline,0.05,10.0,0.25,15.352416961224712,634,160,206
baseline,0.05,10.0,0.25,15.384329313146175,634,159,207
baseline,0.05,10.0,0.25,15.451994208520226,634,158,208
baseline,0.05,10.0,0.25,15.454180422750856,633,159,208
baseline,0.05,10.0,0.25,15.457901232290308,633,158,209
baseline,0.05,10.0,0.25,15.470447743057575,633,157,210
baseline,0.05,10.0,0.25,15.478895493339671,633,156,211
baseline,0.05,10.0,0.25,15.494168098909773,632,157,211
baseline,0.05,10.0,0.25,15.508976339307866,632,156,212
baseline,0.05,10.0,0.25,15.545633915311369,631,157,212
baseline,0.05,10.0,0.25,15.565607840464708,631,156,213
baseline,0.05,10.0,0.25,15.58528708536679,631,155,214
baseline,0.05,10.0,0.25,15.588146593529737,630,156,214
baseline,0.05,10.0,0.25,15.600140904682604,629,157,214
baseline,0.05,10.0,0.25,15.630086125372882,628,158,214
baseline,0.05,10.0,0.25,15.647411815276365,627,159,214
baseline,0.05,10.0,0.25,15.648119709227137,627,158,215
baseline,0.05,10.0,0.25,15.65530364979653,626,159,215
baseline,0.05,10.0,0.25,15.671039481954535,625,160,215
baseline,0.05,10.0,0.25,15.679571326205817,625,159,216
baseline,0.05,10.0,0.25,15.711600471588715,625,158,217
baseline,0.05,10.0,0.25,15.72196365302096,624,159,217
baseline,0.05,10.0,0.25,15.72871355522245,624,158,218
baseline,0.05,10.0,0.25,15.732505482350929,624,157,219
baseline,0.05,10.0,0.25,15.733760937574326,623,158,219
baseline,0.05,10.0,0.25,15.740607588885386,623,157,220
baseline,0.05,10.0,0.25,15.750998587883345,623,156,221
baseline,0.05,10.0,0.25,15.779778713260123,622,157,221
baseline,0.05,10.0,0.25,15.82496741529204,622,156,222
baseline,0.05,10.0,0.25,15.830519851297431,622,155,223
baseline,0.05,10.0,0.25,15.842079488684575,621,156,223
baseline,0.05,10.0,0.25,15.879001533950204,620,157,223
baseline,0.05,10.0,0.25,15.910189668310291,620,156,224
baseline,0.05,10.0,0.25,15.94728963240395,620,155,225
baseline,0.05,10.0,0.25,15.96046339799785,619,156,225
baseline,0.05,10.0,0.25,15.97641668479447,619,155,226
baseline,0.05,10.0,0.25,15.980930316076709,618,156,226
baseline,0.05,10.0,0.25,15.98682227931218,618,155,227
baseline,0.05,10.0,0.25,15.991147272174263,618,154,228
baseline,0.05,10.0,0.25,16.003031646140975,617,155,228
baseline,0.05,10.0,0.25,16.02254514464259,617,154,229
baseline,0.05,10.0,0.25,16.0266186037285,617,153,230
baseline,0.05,10.0,0.25,16.03397737817582,616,154,230
baseline,0.05,10.0,0.25,16.058826599749175,615,155,230
baseline,0.05,10.0,0.25,16.06140406326153,615,154,231
baseline,0.05,10.0,0.25,16.07256915274599,614,155,231
baseline,0.05,10.0,0.25,16.088186175658024,613,156,231
baseline,0.05,10.0,0.25,16.088702244168452,612,157,231
baseline,0.05,10.0,0.25,16.088793427180622,612,156,232
baseline,0.05,10.0,0.25,16.1271928112472,612,155,233
baseline,0.05,10.0,0.25,16.12865751902865,611,156,233
baseline,0.05,10.0,0.25,16.139133478563064,610,157,233
baseline,0.05,10.0,0.25,16.140258000114,610,156,234
baseline,0.05,10.0,0.25,16.142512148463556,609,157,234
baseline,0.05,10.0,0.25,16.144944610084725,608,158,234
baseline,0.05,10.0,0.25,16.14576502718385,607,159,234
baseline,0.05,10.0,0.25,16.14870135686962,606,160,234
baseline,0.05,10.0,0.25,16.156619862612338,605,161,234
baseline,0.05,10.0,0.25,16.161272027127158,605,160,235
baseline,0.05,10.0,0.25,16.165684006271754,605,159,236
baseline,0.05,10.0,0.25,16.20445542510882,604,160,236
baseline,0.05,10.0,0.25,16.212916982827174,603,161,236
baseline,0.05,10.0,0.25,16.233554531018513,603,160,237
baseline,0.05,10.0,0.25,16.23711922209628,603,159,238
baseline,0.05,10.0,0.25,16.238488502607826,602,160,238
baseline,0.05,10.0,0.25,16.239600672032406,601,161,238
baseline,0.05,10.0,0.25,16.25192382037441,600,162,238
baseline,0.05,10.0,0.25,16.25318507090814,600,161,239
baseline,0.05,10.0,0.25,16.267405924408386,599,162,239
baseline,0.05,10.0,0.25,16.272442523853794,598,163,239
baseline,0.05,10.0,0.25,16.279639270223917,597,164,239
baseline,0.05,10.0,0.25,16.28244844928942,596,165,239
baseline,0.05,10.0,0.25,16.307078248460563,596,164,240
baseline,0.05,10.0,0.25,16.328216853373736,595,165,240
baseline,0.05,10.0,0.25,16.342130148995366,595,164,241
baseline,0.05,10.0,0.25,16.343499270075583,595,163,242
baseline,0.05,10.0,0.25,16.343803374281617,594,164,242
baseline,0.05,10.0,0.25,16.375373856573493,593,165,242
baseline,0.05,10.0,0.25,16.387400716200915,593,164,243
baseline,0.05,10.0,0.25,16.398313745354713,593,163,244
baseline,0.05,10.0,0.25,16.40057691995868,593,162,245
baseline,0.05,10.0,0.25,16.40791460696554,592,163,245
baseline,0.05,10.0,0.25,16.42148214924963,591,164,245
baseline,0.05,10.0,0.25,16.4513272555808,591,163,246
baseline,0.05,10.0,0.25,16.490442325421323,591,162,247
baseline,0.05,10.0,0.25,16.49301831528699,591,161,248
baseline,0.05,10.0,0.25,16.49532356892538,591,160,249
baseline,0.05,10.0,0.25,16.518319103821497,591,159,250
baseline,0.05,10.0,0.25,16.5231959748457,591,158,251
baseline,0.05,10.0,0.25,16.53945352219545,590,159,251
baseline,0.05,10.0,0.25,16.54019568831372,589,160,251
baseline,0.05,10.0,0.25,16.556640777809594,588,161,251
baseline,0.05,10.0,0.25,16.559137033153885,588,160,252
baseline,0.05,10.0,0.25,16.560154206433335,587,161,252
baseline,0.05,10.0,0.25,16.56942041312774,586,162,252
baseline,0.05,10.0,0.25,16.576220132861792,586,161,253
baseline,0.05,10.0,0.25,16.58485584754438,585,162,253
baseline,0.05,10.0,0.25,16.594008038782697,584,163,253
baseline,0.05,10.0,0.25,16.60566422951925,583,164,253
baseline,0.05,10.0,0.25,16.63114509234802,582,165,253
baseline,0.05,10.0,0.25,16.63145306720738,581,166,253
baseline,0.05,10.0,0.25,16.638213356294507,580,167,253
baseline,0.05,10.0,0.25,16.649477935775764,579,168,253
baseline,0.05,10.0,0.25,16.6686563212256,579,167,254
baseline,0.05,10.0,0.25,16.671299081828828,578,168,254
baseline,0.05,10.0,0.25,16.683105988201234,578,167,255
baseline,0.05,10.0,0.25,16.693672412417904,578,166,256
baseline,0.05,10.0,0.25,16.70138661459487,578,165,257
baseline,0.05,10.0,0.25,16.70667315294621,578,164,258
baseline,0.05,10.0,0.25,16.726007879575018,578,163,259
baseline,0.05,10.0,0.25,16.75617926462098,578,162,260
baseline,0.05,10.0,0.25,16.771352175517457,578,161,261
baseline,0.05,10.0,0.25,16.785410298933037,577,162,261
baseline,0.05,10.0,0.25,16.79145490724899,576,163,261
baseline,0.05,10.0,0.25,16.804323856642323,575,164,261
baseline,0.05,10.0,0.25,16.81479088166135,574,165,261
baseline,0.05,10.0,0.25,16.815690820909783,574,164,262
baseline,0.05,10.0,0.25,16.83831610303965,574,163,263
baseline,0.05,10.0,0.25,16.84042634390453,573,164,263
baseline,0.05,10.0,0.25,16.84660027200754,572,165,263
baseline,0.05,10.0,0.25,16.87345055141041,571,166,263
baseline,0.05,10.0,0.25,16.897848231513496,571,165,264
baseline,0.05,10.0,0.25,16.900674664977757,571,164,265
baseline,0.05,10.0,0.25,16.905105990195935,570,165,265
baseline,0.05,10.0,0.25,16.910138125575315,569,166,265
baseline,0.05,10.0,0.25,16.94410992667651,569,165,266
baseline,0.05,10.0,0.25,16.962171335084744,569,164,267
baseline,0.05,10.0,0.25,16.96997009168196,569,163,268
baseline,0.05,10.0,0.25,16.981077478129276,569,162,269
baseline,0.05,10.0,0.25,16.981836873706285,568,163,269
baseline,0.05,10.0,0.25,17.026689347851573,568,162,270
baseline,0.05,10.0,0.25,17.029803895655213,568,161,271
baseline,0.05,10.0,0.25,17.040024052547686,568,160,272
baseline,0.05,10.0,0.25,17.04162877143844,568,159,273
baseline,0.05,10.0,0.25,17.044683360928335,568,158,274
baseline,0.05,10.0,0.25,17.054481849720847,568,157,275
baseline,0.05,10.0,0.25,17.067026986983038,567,158,275
baseline,0.05,10.0,0.25,17.08595370769414,566,159,275
baseline,0.05,10.0,0.25,17.112551263836192,565,160,275
baseline,0.05,10.0,0.25,17.114310923433937,564,161,275
baseline,0.05,10.0,0.25,17.119021803780036,564,160,276
baseline,0.05,10.0,0.25,17.134332102612536,563,161,276
baseline,0.05,10.0,0.25,17.135374730082784,562,162,276
baseline,0.05,10.0,0.25,17.178088235935892,561,163,276
baseline,0.05,10.0,0.25,17.18689048952939,560,164,276
baseline,0.05,10.0,0.25,17.190079839039473,559,165,276
baseline,0.05,10.0,0.25,17.198232733534955,558,166,276
baseline,0.05,10.0,0.25,17.219805010254685,558,165,277
baseline,0.05,10.0,0.25,17.223034349752883,558,164,278
baseline,0.05,10.0,0.25,17.232620993457953,557,165,278
baseline,0.05,10.0,0.25,17.23980133882198,557,164,279
baseline,0.05,10.0,0.25,17.250884949960952,556,165,279
baseline,0.05,10.0,0.25,17.265107819394842,556,164,280
baseline,0.05,10.0,0.25,17.276711161087917,555,165,280
baseline,0.05,10.0,0.25,17.277119272496446,555,164,281
baseline,0.05,10.0,0.25,17.282616987183697,554,165,281
baseline,0.05,10.0,0.25,17.28553336650522,553,166,281
baseline,0.05,10.0,0.25,17.30039764170492,553,165,282
baseline,0.05,10.0,0.25,17.304904388420873,553,164,283
baseline,0.05,10.0,0.25,17.333722959645986,553,163,284
baseline,0.05,10.0,0.25,17.337326818167426,552,164,284
baseline,0.05,10.0,0.25,17.339558375181163,552,163,285
baseline,0.05,10.0,0.25,17.34484831944173,552,162,286
baseline,0.05,10.0,0.25,17.353100326320323,551,163,286
baseline,0.05,10.0,0.25,17.393530129913113,551,162,287
baseline,0.05,10.0,0.25,17.40699539975336,550,163,287
baseline,0.05,10.0,0.25,17.40724695811055,549,164,287
baseline,0.05,10.0,0.25,17.411252989659186,548,165,287
baseline,0.05,10.0,0.25,17.4349686467153,547,166,287
baseline,0.05,10.0,0.25,17.43525777948207,547,165,288
baseline,0.05,10.0,0.25,17.437081936540196,547,164,289
baseline,0.05,10.0,0.25,17.44593639711747,546,165,289
baseline,0.05,10.0,0.25,17.44612974145796,545,166,289
baseline,0.05,10.0,0.25,17.44673038293218,544,167,289
baseline,0.05,10.0,0.25,17.456586440381784,543,168,289
baseline,0.05,10.0,0.25,17.458900332997306,543,167,290
baseline,0.05,10.0,0.25,17.467516997659736,543,166,291
baseline,0.05,10.0,0.25,17.47216346379034,543,165,292
baseline,0.05,10.0,0.25,17.497602479592494,542,166,292
baseline,0.05,10.0,0.25,17.49882837018891,542,165,293
baseline,0.05,10.0,0.25,17.505266076821325,541,166,293
baseline,0.05,10.0,0.25,17.52383355996918,541,165,294
baseline,0.05,10.0,0.25,17.53140445620351,541,164,295
baseline,0.05,10.0,0.25,17.543609550628123,540,165,295
baseline,0.05,10.0,0.25,17.57534310411163,539,166,295
baseline,0.05,10.0,0.25,17.576973057982475,538,167,295
baseline,0.05,10.0,0.25,17.58834054214908,537,168,295
baseline,0.05,10.0,0.25,17.598232542108825,537,167,296
baseline,0.05,10.0,0.25,17.60013587289294,536,168,296
baseline,0.05,10.0,0.25,17.606653605918723,536,167,297
baseline,0.05,10.0,0.25,17.60724921648868,535,168,297
baseline,0.05,10.0,0.25,17.608210794625393,535,167,298
baseline,0.05,10.0,0.25,17.609216493934305,535,166,299
baseline,0.05,10.0,0.25,17.648916050239027,534,167,299
baseline,0.05,10.0,0.25,17.653471403343122,533,168,299
baseline,0.05,10.0,0.25,17.666420520170963,532,169,299
baseline,0.05,10.0,0.25,17.677041127031366,532,168,300
baseline,0.05,10.0,0.25,17.68968830059079,532,167,301
baseline,0.05,10.0,0.25,17.703917127038345,532,166,302
baseline,0.05,10.0,0.25,17.76158993902611,531,167,302
baseline,0.05,10.0,0.25,17.772832681075183,530,168,302
baseline,0.05,10.0,0.25,17.79733706699394,530,167,303
baseline,0.05,10.0,0.25,17.798442001983393,529,168,303
baseline,0.05,10.0,0.25,17.803342675931386,528,169,303
baseline,0.05,10.0,0.25,17.80951477296214,527,170,303
baseline,0.05,10.0,0.25,17.810220666810423,526,171,303
baseline,0.05,10.0,0.25,17.828592088155478,525,172,303
baseline,0.05,10.0,0.25,17.834948406730128,525,171,304
baseline,0.05,10.0,0.25,17.84656346030234,524,172,304
baseline,0.05,10.0,0.25,17.86608438506661,523,173,304
baseline,0.05,10.0,0.25,17.872235262824127,522,174,304
baseline,0.05,10.0,0.25,17.88225731058665,522,173,305
baseline,0.05,10.0,0.25,17.891191133496214,522,172,306
baseline,0.05,10.0,0.25,17.893865966141288,522,171,307
baseline,0.05,10.0,0.25,17.896046778536927,521,172,307
baseline,0.05,10.0,0.25,17.930910064102054,521,171,308
baseline,0.05,10.0,0.25,17.93277533498775,521,170,309
baseline,0.05,10.0,0.25,17.936315495156016,521,169,310
baseline,0.05,10.0,0.25,17.936699968544648,520,170,310
baseline,0.05,10.0,0.25,17.944646773536462,520,169,311
baseline,0.05,10.0,0.25,17.96041920262018,519,170,311
baseline,0.05,10.0,0.25,17.963211818784224,519,169,312
baseline,0.05,10.0,0.25,17.975739984964285,519,168,313
baseline,0.05,10.0,0.25,17.98274945969019,518,169,313
baseline,0.05,10.0,0.25,17.984581647255737,518,168,314
baseline,0.05,10.0,0.25,18.0116753554514,517,169,314
baseline,0.05,10.0,0.25,18.047803398722778,517,168,315
baseline,0.05,10.0,0.25,18.055018846193065,517,167,316
baseline,0.05,10.0,0.25,18.05783836798064,517,166,317
baseline,0.05,10.0,0.25,18.06405598110354,517,165,318
baseline,0.05,10.0,0.25,18.06511030139558,516,166,318
baseline,0.05,10.0,0.25,18.087162142461047,515,167,318
baseline,0.05,10.0,0.25,18.104818987050614,515,166,319
baseline,0.05,10.0,0.25,18.117474373166445,514,167,319
baseline,0.05,10.0,0.25,18.136023212355667,513,168,319
baseline,0.05,10.0,0.25,18.142909345238422,513,167,320
baseline,0.05,10.0,0.25,18.152114621616356,513,166,321
baseline,0.05,10.0,0.25,18.1543505801132,513,165,322
baseline,0.05,10.0,0.25,18.20149933464997,512,166,322
baseline,0.05,10.0,0.25,18.21358936007609,512,165,323
baseline,0.05,10.0,0.25,18.22737181391036,511,166,323
baseline,0.05,10.0,0.25,18.237199055149137,511,165,324
baseline,0.05,10.0,0.25,18.243116218363905,511,164,325
baseline,0.05,10.0,0.25,18.246944378877046,510,165,325
baseline,0.05,10.0,0.25,18.257943279698686,510,164,326
baseline,0.05,10.0,0.25,18.26045255173767,510,163,327
baseline,0.05,10.0,0.25,18.28154942299482,509,164,327
baseline,0.05,10.0,0.25,18.287300116463527,509,163,328
baseline,0.05,10.0,0.25,18.29159904868909,509,162,329
baseline,0.05,10.0,0.25,18.335868810274924,508,163,329
baseline,0.05,10.0,0.25,18.340028434782052,507,164,329
baseline,0.05,10.0,0.25,18.358678020296832,506,165,329
baseline,0.05,10.0,0.25,18.359810742281933,505,166,329
baseline,0.05,10.0,0.25,18.36242263729849,505,165,330
baseline,0.05,10.0,0.25,18.36333925878002,505,164,331
baseline,0.05,10.0,0.25,18.366864070549195,504,165,331
baseline,0.05,10.0,0.25,18.373700792197234,504,164,332
baseline,0.05,10.0,0.25,18.38133350660136,503,165,332
baseline,0.05,10.0,0.25,18.386317025136467,503,164,333
baseline,0.05,10.0,0.25,18.420364055807717,503,163,334
baseline,0.05,10.0,0.25,18.424875698135867,503,162,335
baseline,0.05,10.0,0.25,18.436853384173126,502,163,335
baseline,0.05,10.0,0.25,18.438076724725995,502,162,336
baseline,0.05,10.0,0.25,18.463873944758856,501,163,336
baseline,0.05,10.0,0.25,18.467214055618072,501,162,337
baseline,0.05,10.0,0.25,18.471811368554505,500,163,337
baseline,0.05,10.0,0.25,18.47324352888806,499,164,337
baseline,0.05,10.0,0.25,18.490416871595674,498,165,337
baseline,0.05,10.0,0.25,18.49736375339385,498,164,338
baseline,0.05,10.0,0.25,18.49902614543632,497,165,338
baseline,0.05,10.0,0.25,18.49961792327539,497,164,339
baseline,0.05,10.0,0.25,18.509832910917794,496,165,339
baseline,0.05,10.0,0.25,18.511880004570298,496,164,340
baseline,0.05,10.0,0.25,18.52068992597402,496,163,341
baseline,0.05,10.0,0.25,18.526275459147676,496,162,342
baseline,0.05,10.0,0.25,18.5275884051751,495,163,342
baseline,0.05,10.0,0.25,18.532173618566556,495,162,343
baseline,0.05,10.0,0.25,18.55183306610938,494,163,343
baseline,0.05,10.0,0.25,18.552784851336426,493,164,343
baseline,0.05,10.0,0.25,18.57988164036001,492,165,343
baseline,0.05,10.0,0.25,18.58252321573816,492,164,344
baseline,0.05,10.0,0.25,18.600453823958503,492,163,345
baseline,0.05,10.0,0.25,18.603133149389233,492,162,346
baseline,0.05,10.0,0.25,18.62701934857703,491,163,346
baseline,0.05,10.0,0.25,18.668950620628774,490,164,346
baseline,0.05,10.0,0.25,18.671027540597052,490,163,347
baseline,0.05,10.0,0.25,18.679758999968904,489,164,347
baseline,0.05,10.0,0.25,18.68798765341968,489,163,348
baseline,0.05,10.0,0.25,18.70309309069648,488,164,348
baseline,0.05,10.0,0.25,18.723645448910037,487,165,348
baseline,0.05,10.0,0.25,18.72435634955222,487,164,349
baseline,0.05,10.0,0.25,18.725893395749676,487,163,350
baseline,0.05,10.0,0.25,18.73163035599663,486,164,350
baseline,0.05,10.0,0.25,18.734318348066047,485,165,350
baseline,0.05,10.0,0.25,18.754178815321442,484,166,350
baseline,0.05,10.0,0.25,18.777347362167667,484,165,351
baseline,0.05,10.0,0.25,18.805311137918903,483,166,351
baseline,0.05,10.0,0.25,18.80831686783525,482,167,351
baseline,0.05,10.0,0.25,18.810193743448245,482,166,352
baseline,0.05,10.0,0.25,18.811332693701623,481,167,352
baseline,0.05,10.0,0.25,18.835942899944545,480,168,352
baseline,0.05,10.0,0.25,18.84339568422869,479,169,352
baseline,0.05,10.0,0.25,18.8756090816947,478,170,352
baseline,0.05,10.0,0.25,18.890709480925988,477,171,352
baseline,0.05,10.0,0.25,18.894713557035896,476,172,352
baseline,0.05,10.0,0.25,18.89560057777796,475,173,352
baseline,0.05,10.0,0.25,18.89761317861333,475,172,353
baseline,0.05,10.0,0.25,18.902590748906157,475,171,354
baseline,0.05,10.0,0.25,18.924289786265028,474,172,354
baseline,0.05,10.0,0.25,18.92902531811059,474,171,355
baseline,0.05,10.0,0.25,18.93109547558684,474,170,356
baseline,0.05,10.0,0.25,18.934961375489205,473,171,356
baseline,0.05,10.0,0.25,18.94930531669471,472,172,356
baseline,0.05,10.0,0.25,18.963540788834212,472,171,357
baseline,0.05,10.0,0.25,18.988737069897514,471,172,357
baseline,0.05,10.0,0.25,18.990936175027034,470,173,357
baseline,0.05,10.0,0.25,18.995398340943545,469,174,357
baseline,0.05,10.0,0.25,19.012203401424564,469,173,358
baseline,0.05,10.0,0.25,19.027133224413024,469,172,359
baseline,0.05,10.0,0.25,19.03831050042813,469,171,360
baseline,0.05,10.0,0.25,19.04228327588505,469,170,361
baseline,0.05,10.0,0.25,19.047895918057783,469,169,362
baseline,0.05,10.0,0.25,19.04976319453566,468,170,362
baseline,0.05,10.0,0.25,19.07402704396943,467,171,362
baseline,0.05,10.0,0.25,19.105608242239224,467,170,363
baseline,0.05,10.0,0.25,19.106378140935583,466,171,363
baseline,0.05,10.0,0.25,19.128763885199778,466,170,364
baseline,0.05,10.0,0.25,19.129375538853605,466,169,365
baseline,0.05,10.0,0.25,19.15271178425687,465,170,365
baseline,0.05,10.0,0.25,19.157869924895646,465,169,366
baseline,0.05,10.0,0.25,19.16809855074676,465,168,367
baseline,0.05,10.0,0.25,19.180714958511068,464,169,367
baseline,0.05,10.0,0.25,19.193083570045268,464,168,368
baseline,0.05,10.0,0.25,19.197805106863346,463,169,368
baseline,0.05,10.0,0.25,19.209766749835115,463,168,369
baseline,0.05,10.0,0.25,19.21401529404199,462,169,369
baseline,0.05,10.0,0.25,19.217564717576238,461,170,369
baseline,0.05,10.0,0.25,19.253701521007173,461,169,370
baseline,0.05,10.0,0.25,19.26399692338123,461,168,371
baseline,0.05,10.0,0.25,19.3320730062247,460,169,371
baseline,0.05,10.0,0.25,19.337769370263736,460,168,372
baseline,0.05,10.0,0.25,19.34640951793755,459,169,372
baseline,0.05,10.0,0.25,19.375444260942256,459,168,373
baseline,0.05,10.0,0.25,19.384512209191545,459,167,374
baseline,0.05,10.0,0.25,19.396842612867204,458,168,374
baseline,0.05,10.0,0.25,19.415505133621114,457,169,374
baseline,0.05,10.0,0.25,19.464220713007442,456,170,374
baseline,0.05,10.0,0.25,19.469757559264128,455,171,374
baseline,0.05,10.0,0.25,19.47257981747302,455,170,375
baseline,0.05,10.0,0.25,19.482181441213427,455,169,376
baseline,0.05,10.0,0.25,19.513695864324713,455,168,377
baseline,0.05,10.0,0.25,19.515582874738083,455,167,378
baseline,0.05,10.0,0.25,19.527930764470984,455,166,379
baseline,0.05,10.0,0.25,19.535225621729303,454,167,379
baseline,0.05,10.0,0.25,19.53631206371492,454,166,380
baseline,0.05,10.0,0.25,19.557381189999372,454,165,381
baseline,0.05,10.0,0.25,19.576492433966852,453,166,381
baseline,0.05,10.0,0.25,19.62346698144862,453,165,382
baseline,0.05,10.0,0.25,19.653695239935633,453,164,383
baseline,0.05,10.0,0.25,19.662608513353614,453,163,384
baseline,0.05,10.0,0.25,19.67146228140233,452,164,384
baseline,0.05,10.0,0.25,19.717854044812768,451,165,384
baseline,0.05,10.0,0.25,19.75231791103707,451,164,385
baseline,0.05,10.0,0.25,19.755978286318868,451,163,386
baseline,0.05,10.0,0.25,19.76084268773721,450,164,386
baseline,0.05,10.0,0.25,19.77437949381245,450,163,387
baseline,0.05,10.0,0.25,19.776021758841985,450,162,388
baseline,0.05,10.0,0.25,19.77993609583703,450,161,389
baseline,0.05,10.0,0.25,19.79556001288416,450,160,390
baseline,0.05,10.0,0.25,19.808700799015394,449,161,390
baseline,0.05,10.0,0.25,19.81586975141118,449,160,391
baseline,0.05,10.0,0.25,19.817160495531304,449,159,392
baseline,0.05,10.0,0.25,19.835522336311698,448,160,392
baseline,0.05,10.0,0.25,19.83553021698979,448,159,393
baseline,0.05,10.0,0.25,19.84502431942154,448,158,394
baseline,0.05,10.0,0.25,19.847608208201688,448,157,395
baseline,0.05,10.0,0.25,19.861412284449518,448,156,396
baseline,0.05,10.0,0.25,19.86189084426195,448,155,397
baseline,0.05,10.0,0.25,19.865844771420214,447,156,397
baseline,0.05,10.0,0.25,19.872304274811956,446,157,397
baseline,0.05,10.0,0.25,19.88739955617397,445,158,397
baseline,0.05,10.0,0.25,19.887418056726258,445,157,398
baseline,0.05,10.0,0.25,19.889708386730035,445,156,399
baseline,0.05,10.0,0.25,19.914799773699237,444,157,399
baseline,0.05,10.0,0.25,19.91990067907922,444,156,400
baseline,0.05,10.0,0.25,19.923460375824835,444,155,401
baseline,0.05,10.0,0.25,19.927384248508904,443,156,401
baseline,0.05,10.0,0.25,19.937241028407662,442,157,401
baseline,0.05,10.0,0.25,19.943901092152707,441,158,401
baseline,0.05,10.0,0.25,19.948158956912696,440,159,401
baseline,0.05,10.0,0.25,19.966776133363872,439,160,401
baseline,0.05,10.0,0.25,19.97529090120016,438,161,401
baseline,0.05,10.0,0.25,19.999341677705214,438,160,402
baseline,0.05,10.0,0.25,20.024314185358755,437,161,402
baseline,0.05,10.0,0.25,20.026530442255638,437,160,403
baseline,0.05,10.0,0.25,20.030284386366603,437,159,404
baseline,0.05,10.0,0.25,20.040887234316003,437,158,405
baseline,0.05,10.0,0.25,20.059067091850576,436,159,405
baseline,0.05,10.0,0.25,20.0828192455609,436,158,406
baseline,0.05,10.0,0.25,20.103659822538766,435,159,406
baseline,0.05,10.0,0.25,20.109197460701772,435,158,407
baseline,0.05,10.0,0.25,20.1210028454579,434,159,407
baseline,0.05,10.0,0.25,20.121988489622304,434,158,408
baseline,0.05,10.0,0.25,20.136245000936906,434,157,409
baseline,0.05,10.0,0.25,20.153084848518944,434,156,410
baseline,0.05,10.0,0.25,20.16456747607826,434,155,411
baseline,0.05,10.0,0.25,20.18117074259085,434,154,412
baseline,0.05,10.0,0.25,20.18424787955833,433,155,412
baseline,0.05,10.0,0.25,20.20464589518426,432,156,412
baseline,0.05,10.0,0.25,20.21696783641632,431,157,412
baseline,0.05,10.0,0.25,20.22595837845441,430,158,412
baseline,0.05,10.0,0.25,20.269556086353695,429,159,412
baseline,0.05,10.0,0.25,20.27468808128517,428,160,412
baseline,0.05,10.0,0.25,20.27501100235787,428,159,413
baseline,0.05,10.0,0.25,20.30176907691236,427,160,413
baseline,0.05,10.0,0.25,20.30767485869353,426,161,413
baseline,0.05,10.0,0.25,20.312359938671047,425,162,413
baseline,0.05,10.0,0.25,20.33409075013866,425,161,414
baseline,0.05,10.0,0.25,20.350411666924607,425,160,415
baseline,0.05,10.0,0.25,20.351774067460692,424,161,415
baseline,0.05,10.0,0.25,20.363061151089806,423,162,415
baseline,0.05,10.0,0.25,20.366290195804623,423,161,416
baseline,0.05,10.0,0.25,20.387003564651824,423,160,417
baseline,0.05,10.0,0.25,20.39082311062693,423,159,418
baseline,0.05,10.0,0.25,20.422889237602163,423,158,419
baseline,0.05,10.0,0.25,20.42958520169025,422,159,419
baseline,0.05,10.0,0.25,20.463118522551675,421,160,419
baseline,0.05,10.0,0.25,20.469725881471646,421,159,420
baseline,0.05,10.0,0.25,20.474284854304255,420,160,420
baseline,0.05,10.0,0.25,20.488641133942327,420,159,421
baseline,0.05,10.0,0.25,20.508327578478227,420,158,422
baseline,0.05,10.0,0.25,20.511381935375077,420,157,423
baseline,0.05,10.0,0.25,20.52074261186181,420,156,424
baseline,0.05,10.0,0.25,20.52477380603478,419,157,424
baseline,0.05,10.0,0.25,20.537512920420866,419,156,425
baseline,0.05,10.0,0.25,20.566970847532094,419,155,426
baseline,0.05,10.0,0.25,20.58493476618932,418,156,426
baseline,0.05,10.0,0.25,20.623136099121666,418,155,427
baseline,0.05,10.0,0.25,20.62334070300423,418,154,428
baseline,0.05,10.0,0.25,20.657091225402713,417,155,428
baseline,0.05,10.0,0.25,20.664657735166703,417,154,429
baseline,0.05,10.0,0.25,20.697116320048302,417,153,430
baseline,0.05,10.0,0.25,20.701178964421054,416,154,430
baseline,0.05,10.0,0.25,20.72569519663616,415,155,430
baseline,0.05,10.0,0.25,20.727012550309077,414,156,430
baseline,0.05,10.0,0.25,20.73925765076462,414,155,431
baseline,0.05,10.0,0.25,20.75913426074061,414,154,432
baseline,0.05,10.0,0.25,20.768691159752596,413,155,432
baseline,0.05,10.0,0.25,20.78057142635868,413,154,433
baseline,0.05,10.0,0.25,20.798390704434645,412,155,433
baseline,0.05,10.0,0.25,20.816856746299603,411,156,433
baseline,0.05,10.0,0.25,20.819623329640606,410,157,433
baseline,0.05,10.0,0.25,20.83600211147381,410,156,434
baseline,0.05,10.0,0.25,20.838738085420612,410,155,435
baseline,0.05,10.0,0.25,20.83945254608739,410,154,436
baseline,0.05,10.0,0.25,20.863193003432713,409,155,436
baseline,0.05,10.0,0.25,20.863326376424688,409,154,437
baseline,0.05,10.0,0.25,20.87177762015383,409,153,438
baseline,0.05,10.0,0.25,20.87901627645168,408,154,438
baseline,0.05,10.0,0.25,20.886362821391803,408,153,439
baseline,0.05,10.0,0.25,20.91945502737427,408,152,440
baseline,0.05,10.0,0.25,20.938563702402163,408,151,441
baseline,0.05,10.0,0.25,20.940384078794043,407,152,441
baseline,0.05,10.0,0.25,20.948476318017246,407,151,442
baseline,0.05,10.0,0.25,20.957885964531062,407,150,443
baseline,0.05,10.0,0.25,20.96202651367079,407,149,444
baseline,0.05,10.0,0.25,20.962958546937536,406,150,444
baseline,0.05,10.0,0.25,20.977243087084105,405,151,444
baseline,0.05,10.0,0.25,20.98375083521145,404,152,444
baseline,0.05,10.0,0.25,20.98581314432613,403,153,444
baseline,0.05,10.0,0.25,21.002249538519557,402,154,444
baseline,0.05,10.0,0.25,21.00900675083624,401,155,444
baseline,0.05,10.0,0.25,21.012172560202927,401,154,445
baseline,0.05,10.0,0.25,21.03341894866967,401,153,446
baseline,0.05,10.0,0.25,21.046861497578174,401,152,447
baseline,0.05,10.0,0.25,21.069412649381718,401,151,448
baseline,0.05,10.0,0.25,21.072491238805327,400,152,448
baseline,0.05,10.0,0.25,21.079199338707628,399,153,448
baseline,0.05,10.0,0.25,21.102157597928336,398,154,448
baseline,0.05,10.0,0.25,21.107824609243647,398,153,449
baseline,0.05,10.0,0.25,21.118058000057665,398,152,450
baseline,0.05,10.0,0.25,21.139904127598456,397,153,450
baseline,0.05,10.0,0.25,21.147258076495973,397,152,451
baseline,0.05,10.0,0.25,21.148609719806604,396,153,451
baseline,0.05,10.0,0.25,21.153862154810536,396,152,452
baseline,0.05,10.0,0.25,21.163683459292024,395,153,452
baseline,0.05,10.0,0.25,21.164982266485886,395,152,453
baseline,0.05,10.0,0.25,21.169552505537755,395,151,454
baseline,0.05,10.0,0.25,21.171977637523206,395,150,455
baseline,0.05,10.0,0.25,21.1740523140177,395,149,456
baseline,0.05,10.0,0.25,21.182979298083954,395,148,457
baseline,0.05,10.0,0.25,21.184681085699946,394,149,457
baseline,0.05,10.0,0.25,21.212307633539215,393,150,457
baseline,0.05,10.0,0.25,21.212653995979483,393,149,458
baseline,0.05,10.0,0.25,21.225613962389144,392,150,458
baseline,0.05,10.0,0.25,21.270024117500675,392,149,459
baseline,0.05,10.0,0.25,21.296869626941774,391,150,459
baseline,0.05,10.0,0.25,21.29960791118004,391,149,460
baseline,0.05,10.0,0.25,21.302411521101664,390,150,460
baseline,0.05,10.0,0.25,21.303584572784402,390,149,461
baseline,0.05,10.0,0.25,21.303870137938045,389,150,461
baseline,0.05,10.0,0.25,21.31236159119787,389,149,462
baseline,0.05,10.0,0.25,21.326732265211877,388,150,462
baseline,0.05,10.0,0.25,21.33053305601,388,149,463
baseline,0.05,10.0,0.25,21.330778020365962,388,148,464
baseline,0.05,10.0,0.25,21.37022684804547,388,147,465
baseline,0.05,10.0,0.25,21.371985755317287,387,148,465
baseline,0.05,10.0,0.25,21.38316003503907,387,147,466
baseline,0.05,10.0,0.25,21.385823625732574,387,146,467
baseline,0.05,10.0,0.25,21.39986235563212,386,147,467
baseline,0.05,10.0,0.25,21.417081316178674,386,146,468
baseline,0.05,10.0,0.25,21.42556281582204,385,147,468
baseline,0.05,10.0,0.25,21.451388286894254,385,146,469
baseline,0.05,10.0,0.25,21.452433630176515,385,145,470
baseline,0.05,10.0,0.25,21.45333023597982,384,146,470
baseline,0.05,10.0,0.25,21.480855311849364,384,145,471
baseline,0.05,10.0,0.25,21.481571987425514,383,146,471
baseline,0.05,10.0,0.25,21.550142746777123,383,145,472
baseline,0.05,10.0,0.25,21.56078504388473,383,144,473
baseline,0.05,10.0,0.25,21.59416371913261,383,143,474
baseline,0.05,10.0,0.25,21.615789410797294,382,144,474
baseline,0.05,10.0,0.25,21.622637103001413,381,145,474
baseline,0.05,10.0,0.25,21.64827814996555,380,146,474
baseline,0.05,10.0,0.25,21.67235665490658,379,147,474
baseline,0.05,10.0,0.25,21.67444646498541,378,148,474
baseline,0.05,10.0,0.25,21.681270779869564,378,147,475
baseline,0.05,10.0,0.25,21.68332437088867,378,146,476
baseline,0.05,10.0,0.25,21.68805827541717,378,145,477
baseline,0.05,10.0,0.25,21.690763890859735,377,146,477
baseline,0.05,10.0,0.25,21.707556022633483,376,147,477
baseline,0.05,10.0,0.25,21.707743393846386,376,146,478
baseline,0.05,10.0,0.25,21.725834301063035,376,145,479
baseline,0.05,10.0,0.25,21.743088236615304,376,144,480
baseline,0.05,10.0,0.25,21.755021732978573,376,143,481
baseline,0.05,10.0,0.25,21.77021725204527,376,142,482
baseline,0.05,10.0,0.25,21.805714191722746,375,143,482
baseline,0.05,10.0,0.25,21.807107074564655,375,142,483
baseline,0.05,10.0,0.25,21.82058521075161,375,141,484
baseline,0.05,10.0,0.25,21.830274190435482,374,142,484
baseline,0.05,10.0,0.25,21.855768426888556,374,141,485
baseline,0.05,10.0,0.25,21.953734180137594,374,140,486
baseline,0.05,10.0,0.25,21.95380587609698,373,141,486
baseline,0.05,10.0,0.25,21.955736160697565,373,140,487
baseline,0.05,10.0,0.25,21.992368049158316,372,141,487
baseline,0.05,10.0,0.25,22.005462715055398,371,142,487
baseline,0.05,10.0,0.25,22.00701797149532,371,141,488
baseline,0.05,10.0,0.25,22.022779371422857,371,140,489
baseline,0.05,10.0,0.25,22.07170711283859,371,139,490
baseline,0.05,10.0,0.25,22.07566048056378,371,138,491
baseline,0.05,10.0,0.25,22.08593578046626,370,139,491
baseline,0.05,10.0,0.25,22.09066790244953,370,138,492
baseline,0.05,10.0,0.25,22.13398445718267,369,139,492
baseline,0.05,10.0,0.25,22.16249799849151,369,138,493
baseline,0.05,10.0,0.25,22.17887839641095,369,137,494
baseline,0.05,10.0,0.25,22.18308303497422,368,138,494
baseline,0.05,10.0,0.25,22.204440914010338,368,137,495
baseline,0.05,10.0,0.25,22.228936288451624,368,136,496
baseline,0.05,10.0,0.25,22.249989168893595,368,135,497
baseline,0.05,10.0,0.25,22.294112480517605,368,134,498
baseline,0.05,10.0,0.25,22.309119572608154,368,133,499
baseline,0.05,10.0,0.25,22.313511741538825,368,132,500
baseline,0.05,10.0,0.25,22.31658626393184,368,131,501
baseline,0.05,10.0,0.25,22.342848079491652,367,132,501
baseline,0.05,10.0,0.25,22.363881643310098,367,131,502
baseline,0.05,10.0,0.25,22.373539759533628,367,130,503
baseline,0.05,10.0,0.25,22.38174623785758,366,131,503
baseline,0.05,10.0,0.25,22.385126003021963,365,132,503
baseline,0.05,10.0,0.25,22.390164283276537,365,131,504
baseline,0.05,10.0,0.25,22.428114921495535,365,130,505
baseline,0.05,10.0,0.25,22.437224757207698,365,129,506
baseline,0.05,10.0,0.25,22.519202585236705,365,128,507
baseline,0.05,10.0,0.25,22.53825365259379,365,127,508
baseline,0.05,10.0,0.25,22.575124227123393,364,128,508
baseline,0.05,10.0,0.25,22.591410078874638,364,127,509
baseline,0.05,10.0,0.25,22.630942663539994,364,126,510
baseline,0.05,10.0,0.25,22.637133610896782,363,127,510
baseline,0.05,10.0,0.25,22.64509896117297,362,128,510
baseline,0.05,10.0,0.25,22.65647863748823,361,129,510
baseline,0.05,10.0,0.25,22.684368538027186,361,128,511
baseline,0.05,10.0,0.25,22.743686032049737,360,129,511
baseline,0.05,10.0,0.25,22.74589096192035,359,130,511
baseline,0.05,10.0,0.25,22.75186639278231,359,129,512
baseline,0.05,10.0,0.25,22.759482648791415,358,130,512
baseline,0.05,10.0,0.25,22.76785000352653,358,129,513
baseline,0.05,10.0,0.25,22.77175078856704,358,128,514
baseline,0.05,10.0,0.25,22.800065293074837,358,127,515
baseline,0.05,10.0,0.25,22.80664819740432,358,126,516
baseline,0.05,10.0,0.25,22.807771300771737,357,127,516
baseline,0.05,10.0,0.25,22.813908698913636,357,126,517
baseline,0.05,10.0,0.25,22.84138384360751,357,125,518
baseline,0.05,10.0,0.25,22.866226577532515,357,124,519
baseline,0.05,10.0,0.25,22.875051510952193,357,123,520
baseline,0.05,10.0,0.25,22.89584721827598,357,122,521
baseline,0.05,10.0,0.25,22.903585778831722,357,121,522
baseline,0.05,10.0,0.25,22.956181730970947,357,120,523
baseline,0.05,10.0,0.25,22.972624860412733,357,119,524
baseline,0.05,10.0,0.25,22.997285512989308,357,118,525
baseline,0.05,10.0,0.25,23.015323258803654,356,119,525
baseline,0.05,10.0,0.25,23.028847658667292,356,118,526
baseline,0.05,10.0,0.25,23.045863444046923,356,117,527
baseline,0.05,10.0,0.25,23.054933070606587,356,116,528
baseline,0.05,10.0,0.25,23.05997952161007,356,115,529
baseline,0.05,10.0,0.25,23.07159342704663,356,114,530
baseline,0.05,10.0,0.25,23.07494737691156,355,115,530
baseline,0.05,10.0,0.25,23.085063555993496,355,114,531
baseline,0.05,10.0,0.25,23.10613447274485,355,113,532
baseline,0.05,10.0,0.25,23.127625558552932,355,112,533
baseline,0.05,10.0,0.25,23.15854308937037,355,111,534
baseline,0.05,10.0,0.25,23.22605240956845,355,110,535
baseline,0.05,10.0,0.25,23.275117854090496,354,111,535
baseline,0.05,10.0,0.25,23.277789985782093,353,112,535
baseline,0.05,10.0,0.25,23.311203179261426,352,113,535
baseline,0.05,10.0,0.25,23.32584117501536,352,112,536
baseline,0.05,10.0,0.25,23.33255603196147,351,113,536
baseline,0.05,10.0,0.25,23.370206161594552,350,114,536
baseline,0.05,10.0,0.25,23.412916402472522,349,115,536
baseline,0.05,10.0,0.25,23.414511839069633,349,114,537
baseline,0.05,10.0,0.25,23.42742290654818,349,113,538
baseline,0.05,10.0,0.25,23.491103212066037,348,114,538
baseline,0.05,10.0,0.25,23.50372010901242,348,113,539
baseline,0.05,10.0,0.25,23.52364285905662,347,114,539
baseline,0.05,10.0,0.25,23.550127485860486,347,113,540
baseline,0.05,10.0,0.25,23.5718935699663,347,112,541
baseline,0.05,10.0,0.25,23.601843257361164,347,111,542
baseline,0.05,10.0,0.25,23.67755918874048,346,112,542
baseline,0.05,10.0,0.25,23.7450147890912,345,113,542
baseline,0.05,10.0,0.25,23.761723354107918,345,112,543
baseline,0.05,10.0,0.25,23.76550679245636,345,111,544
baseline,0.05,10.0,0.25,23.774350278846708,344,112,544
baseline,0.05,10.0,0.25,23.80660738930177,344,111,545
baseline,0.05,10.0,0.25,23.837033440145696,344,110,546
baseline,0.05,10.0,0.25,23.934543474235223,343,111,546
baseline,0.05,10.0,0.25,23.94332011158682,342,112,546
baseline,0.05,10.0,0.25,23.969108262684568,342,111,547
baseline,0.05,10.0,0.25,23.977818139699707,341,112,547
baseline,0.05,10.0,0.25,24.02245220214641,341,111,548
baseline,0.05,10.0,0.25,24.03030200339592,340,112,548
baseline,0.05,10.0,0.25,24.074585839333825,339,113,548
baseline,0.05,10.0,0.25,24.103579137458386,339,112,549
baseline,0.05,10.0,0.25,24.10984034743558,339,111,550
baseline,0.05,10.0,0.25,24.11833132663356,339,110,551
baseline,0.05,10.0,0.25,24.15683131182592,339,109,552
baseline,0.05,10.0,0.25,24.172720044638158,338,110,552
baseline,0.05,10.0,0.25,24.18473392714987,338,109,553
baseline,0.05,10.0,0.25,24.18556117738171,338,108,554
baseline,0.05,10.0,0.25,24.19205748403491,337,109,554
baseline,0.05,10.0,0.25,24.22887378660609,337,108,555
baseline,0.05,10.0,0.25,24.240473401803488,336,109,555
baseline,0.05,10.0,0.25,24.341849470079836,336,108,556
baseline,0.05,10.0,0.25,24.4442642941225,336,107,557
baseline,0.05,10.0,0.25,24.44574037470126,336,106,558
baseline,0.05,10.0,0.25,24.452450353849514,335,107,558
baseline,0.05,10.0,0.25,24.49317584879864,334,108,558
baseline,0.05,10.0,0.25,24.50510003814236,333,109,558
baseline,0.05,10.0,0.25,24.50607855541714,333,108,559
baseline,0.05,10.0,0.25,24.53552434506479,332,109,559
baseline,0.05,10.0,0.25,24.57164591515643,332,108,560
baseline,0.05,10.0,0.25,24.576082885373868,331,109,560
baseline,0.05,10.0,0.25,24.62445288591799,331,108,561
baseline,0.05,10.0,0.25,24.647166976115805,330,109,561
baseline,0.05,10.0,0.25,24.669667582306076,329,110,561
baseline,0.05,10.0,0.25,24.681360332162452,329,109,562
baseline,0.05,10.0,0.25,24.697265596751283,328,110,562
baseline,0.05,10.0,0.25,24.71484719767383,328,109,563
baseline,0.05,10.0,0.25,24.729673937052063,327,110,563
baseline,0.05,10.0,0.25,24.73389039800198,326,111,563
baseline,0.05,10.0,0.25,24.7483002348773,326,110,564
baseline,0.05,10.0,0.25,24.768670871363295,325,111,564
baseline,0.05,10.0,0.25,24.79470412714194,324,112,564
baseline,0.05,10.0,0.25,24.811841410036628,323,113,564
baseline,0.05,10.0,0.25,24.933602823765163,323,112,565
baseline,0.05,10.0,0.25,24.943993154438196,323,111,566
baseline,0.05,10.0,0.25,24.958794275505834,323,110,567
baseline,0.05,10.0,0.25,25.011528408310035,323,109,568
baseline,0.05,10.0,0.25,25.05039221046179,323,108,569
baseline,0.05,10.0,0.25,25.057463712803486,323,107,570
baseline,0.05,10.0,0.25,25.0893141701387,323,106,571
baseline,0.05,10.0,0.25,25.098616846322177,322,107,571
baseline,0.05,10.0,0.25,25.110173041088803,321,108,571
baseline,0.05,10.0,0.25,25.134241176774196,321,107,572
baseline,0.05,10.0,0.25,25.176073077083416,321,106,573
baseline,0.05,10.0,0.25,25.18886266392739,321,105,574
baseline,0.05,10.0,0.25,25.29322510973503,320,106,574
baseline,0.05,10.0,0.25,25.329302817425948,320,105,575
baseline,0.05,10.0,0.25,25.341895944913915,320,104,576
baseline,0.05,10.0,0.25,25.355166962207612,320,103,577
baseline,0.05,10.0,0.25,25.37342457118039,320,102,578
baseline,0.05,10.0,0.25,25.374470016914945,319,103,578
baseline,0.05,10.0,0.25,25.396535572963618,318,104,578
baseline,0.05,10.0,0.25,25.425161996717762,317,105,578
baseline,0.05,10.0,0.25,25.49900013450032,317,104,579
baseline,0.05,10.0,0.25,25.51649176083074,317,103,580
baseline,0.05,10.0,0.25,25.518196547412366,317,102,581
baseline,0.05,10.0,0.25,25.52542908273183,317,101,582
baseline,0.05,10.0,0.25,25.551531830592317,317,100,583
baseline,0.05,10.0,0.25,25.591316333205004,317,99,584
baseline,0.05,10.0,0.25,25.613566094150812,316,100,584
baseline,0.05,10.0,0.25,25.621008323630498,315,101,584
baseline,0.05,10.0,0.25,25.693315474516332,315,100,585
baseline,0.05,10.0,0.25,25.723445170759,315,99,586
baseline,0.05,10.0,0.25,25.765784699427954,315,98,587
baseline,0.05,10.0,0.25,25.78449421908567,314,99,587
baseline,0.05,10.0,0.25,25.817985296187405,314,98,588
baseline,0.05,10.0,0.25,25.84873412361587,313,99,588
baseline,0.05,10.0,0.25,25.892682552689738,312,100,588
baseline,0.05,10.0,0.25,25.90222052675564,312,99,589
baseline,0.05,10.0,0.25,25.966075842793416,312,98,590
baseline,0.05,10.0,0.25,26.039426544565746,312,97,591
baseline,0.05,10.0,0.25,26.052023390436702,311,98,591
baseline,0.05,10.0,0.25,26.082763208682543,311,97,592
baseline,0.05,10.0,0.25,26.133764777928484,311,96,593
baseline,0.05,10.0,0.25,26.13555953765632,310,97,593
baseline,0.05,10.0,0.25,26.13738569372273,309,98,593
baseline,0.05,10.0,0.25,26.233342308065435,309,97,594
baseline,0.05,10.0,0.25,26.265941840356685,309,96,595
baseline,0.05,10.0,0.25,26.304257338627565,308,97,595
baseline,0.05,10.0,0.25,26.401538166782856,308,96,596
baseline,0.05,10.0,0.25,26.424797927431847,308,95,597
baseline,0.05,10.0,0.25,26.44290441789755,307,96,597
baseline,0.05,10.0,0.25,26.48738237709416,307,95,598
baseline,0.05,10.0,0.25,26.53453214447274,306,96,598
baseline,0.05,10.0,0.25,26.55958600902052,306,95,599
baseline,0.05,10.0,0.25,26.570480029591955,306,94,600
baseline,0.05,10.0,0.25,26.575278167128275,306,93,601
baseline,0.05,10.0,0.25,26.62153124241008,306,92,602
baseline,0.05,10.0,0.25,26.629380886128132,306,91,603
baseline,0.05,10.0,0.25,26.632074797989446,306,90,604
baseline,0.05,10.0,0.25,26.646338834839426,306,89,605
baseline,0.05,10.0,0.25,26.66072938123034,305,90,605
baseline,0.05,10.0,0.25,26.67437715697477,304,91,605
baseline,0.05,10.0,0.25,26.69676174424664,304,90,606
baseline,0.05,10.0,0.25,26.760391466365476,303,91,606
baseline,0.05,10.0,0.25,26.833982216725094,302,92,606
baseline,0.05,10.0,0.25,26.834352498132944,301,93,606
baseline,0.05,10.0,0.25,26.933622746415285,301,92,607
baseline,0.05,10.0,0.25,26.94496335556061,300,93,607
baseline,0.05,10.0,0.25,26.955643432573606,299,94,607
baseline,0.05,10.0,0.25,26.983926194337442,298,95,607
baseline,0.05,10.0,0.25,27.032817107006316,298,94,608
baseline,0.05,10.0,0.25,27.06508910390516,298,93,609
baseline,0.05,10.0,0.25,27.100589431167748,298,92,610
baseline,0.05,10.0,0.25,27.111862902435245,297,93,610
baseline,0.05,10.0,0.25,27.138569957013647,296,94,610
baseline,0.05,10.0,0.25,27.183187608699587,295,95,610
baseline,0.05,10.0,0.25,27.239697499525487,295,94,611
baseline,0.05,10.0,0.25,27.247927940401485,294,95,611
baseline,0.05,10.0,0.25,27.255675048602882,294,94,612
baseline,0.05,10.0,0.25,27.30803485598947,293,95,612
baseline,0.05,10.0,0.25,27.35460067828798,293,94,613
baseline,0.05,10.0,0.25,27.362728190088195,293,93,614
baseline,0.05,10.0,0.25,27.38875917617649,293,92,615
baseline,0.05,10.0,0.25,27.403626939883054,293,91,616
baseline,0.05,10.0,0.25,27.430229602157386,293,90,617
baseline,0.05,10.0,0.25,27.4814149237328,292,91,617
baseline,0.05,10.0,0.25,27.510615229596826,292,90,618
baseline,0.05,10.0,0.25,27.523264246144244,292,89,619
baseline,0.05,10.0,0.25,27.559536595212673,291,90,619
baseline,0.05,10.0,0.25,27.577572338767514,291,89,620
baseline,0.05,10.0,0.25,27.628404268388,290,90,620
baseline,0.05,10.0,0.25,27.657305172402143,290,89,621
baseline,0.05,10.0,0.25,27.70264847542642,290,88,622
baseline,0.05,10.0,0.25,27.74179754453704,289,89,622
baseline,0.05,10.0,0.25,27.750327223919008,289,88,623
baseline,0.05,10.0,0.25,27.7577782478405,289,87,624
baseline,0.05,10.0,0.25,27.81452591062847,289,86,625
baseline,0.05,10.0,0.25,27.829254454147005,288,87,625
baseline,0.05,10.0,0.25,27.873729966476592,287,88,625
baseline,0.05,10.0,0.25,27.891845799272975,287,87,626
baseline,0.05,10.0,0.25,27.921985566024897,286,88,626
baseline,0.05,10.0,0.25,27.935603656821367,286,87,627
baseline,0.05,10.0,0.25,27.978222282417153,286,86,628
baseline,0.05,10.0,0.25,27.98504424688993,286,85,629
baseline,0.05,10.0,0.25,28.00167243870421,286,84,630
baseline,0.05,10.0,0.25,28.008998791565926,285,85,630
baseline,0.05,10.0,0.25,28.04683720205284,285,84,631
baseline,0.05,10.0,0.25,28.097929428701843,285,83,632
baseline,0.05,10.0,0.25,28.12413508298656,284,84,632
baseline,0.05,10.0,0.25,28.1473100327231,284,83,633
baseline,0.05,10.0,0.25,28.193715732417747,283,84,633
baseline,0.05,10.0,0.25,28.20383796158556,283,83,634
baseline,0.05,10.0,0.25,28.21187474128061,283,82,635
baseline,0.05,10.0,0.25,28.271075393231527,283,81,636
baseline,0.05,10.0,0.25,28.278054151579965,283,80,637
baseline,0.05,10.0,0.25,28.29516743554462,282,81,637
baseline,0.05,10.0,0.25,28.29796295830884,281,82,637
baseline,0.05,10.0,0.25,28.366515519828365,281,81,638
baseline,0.05,10.0,0.25,28.399608829232605,281,80,639
baseline,0.05,10.0,0.25,28.41375977846838,280,81,639
baseline,0.05,10.0,0.25,28.435991658832734,280,80,640
baseline,0.05,10.0,0.25,28.44510017190521,280,79,641
baseline,0.05,10.0,0.25,28.50134213435576,279,80,641
baseline,0.05,10.0,0.25,28.5146772418358,279,79,642
baseline,0.05,10.0,0.25,28.557596226132922,279,78,643
baseline,0.05,10.0,0.25,28.61216894274857,279,77,644
baseline,0.05,10.0,0.25,28.61300855763593,278,78,644
baseline,0.05,10.0,0.25,28.629836134344917,277,79,644
baseline,0.05,10.0,0.25,28.82869498290477,276,80,644
baseline,0.05,10.0,0.25,28.856825810439524,276,79,645
baseline,0.05,10.0,0.25,28.862458992453323,276,78,646
baseline,0.05,10.0,0.25,28.89276552730976,276,77,647
baseline,0.05,10.0,0.25,28.903412372580874,276,76,648
baseline,0.05,10.0,0.25,28.919321332959626,276,75,649
baseline,0.05,10.0,0.25,28.954622105503837,276,74,650
baseline,0.05,10.0,0.25,28.97052626280794,276,73,651
baseline,0.05,10.0,0.25,28.999007567378477,276,72,652
baseline,0.05,10.0,0.25,29.031484301938235,276,71,653
baseline,0.05,10.0,0.25,29.09997548654627,276,70,654
baseline,0.05,10.0,0.25,29.11291239067226,276,69,655
baseline,0.05,10.0,0.25,29.148711293807878,275,70,655
baseline,0.05,10.0,0.25,29.20651766948152,275,69,656
baseline,0.05,10.0,0.25,29.206875064324684,275,68,657
baseline,0.05,10.0,0.25,29.270939282654243,275,67,658
baseline,0.05,10.0,0.25,29.3160476882756,274,68,658
baseline,0.05,10.0,0.25,29.322552929494076,273,69,658
baseline,0.05,10.0,0.25,29.32690696463767,272,70,658
baseline,0.05,10.0,0.25,29.376712941512025,272,69,659
baseline,0.05,10.0,0.25,29.39730907332238,272,68,660
baseline,0.05,10.0,0.25,29.52001338315136,272,67,661
baseline,0.05,10.0,0.25,29.675114184894177,271,68,661
baseline,0.05,10.0,0.25,29.774039068831716,270,69,661
baseline,0.05,10.0,0.25,29.812009251594656,269,70,661
baseline,0.05,10.0,0.25,29.82741076360543,269,69,662
baseline,0.05,10.0,0.25,29.832902145883626,268,70,662
baseline,0.05,10.0,0.25,29.83365109820287,268,69,663
baseline,0.05,10.0,0.25,29.866420849956455,268,68,664
baseline,0.05,10.0,0.25,29.916716329436788,267,69,664
baseline,0.05,10.0,0.25,30.079532841069565,267,68,665
baseline,0.05,10.0,0.25,30.09760705114494,267,67,666
baseline,0.05,10.0,0.25,30.13321488502215,266,68,666
baseline,0.05,10.0,0.25,30.286020516344074,266,67,667
baseline,0.05,10.0,0.25,30.321163645154304,266,66,668
baseline,0.05,10.0,0.25,30.326814661797986,266,65,669
baseline,0.05,10.0,0.25,30.32822647792325,266,64,670
baseline,0.05,10.0,0.25,30.340611596063475,266,63,671
baseline,0.05,10.0,0.25,30.386443103129213,266,62,672
baseline,0.05,10.0,0.25,30.430288262657808,265,63,672
baseline,0.05,10.0,0.25,30.449305417704306,265,62,673
baseline,0.05,10.0,0.25,30.484302388838223,265,61,674
baseline,0.05,10.0,0.25,30.506355251125612,265,60,675
baseline,0.05,10.0,0.25,30.51452644605711,264,61,675
baseline,0.05,10.0,0.25,30.821777511745232,263,62,675
baseline,0.05,10.0,0.25,30.82812841398819,263,61,676
baseline,0.05,10.0,0.25,30.957617459953642,263,60,677
baseline,0.05,10.0,0.25,30.992299962795688,262,61,677
baseline,0.05,10.0,0.25,31.02972340672558,262,60,678
baseline,0.05,10.0,0.25,31.074671013646974,262,59,679
baseline,0.05,10.0,0.25,31.12201647903111,262,58,680
baseline,0.05,10.0,0.25,31.19258613213493,261,59,680
baseline,0.05,10.0,0.25,31.194895582287735,260,60,680
baseline,0.05,10.0,0.25,31.20088701582383,259,61,680
baseline,0.05,10.0,0.25,31.268050426030587,259,60,681
baseline,0.05,10.0,0.25,31.28705775219934,258,61,681
baseline,0.05,10.0,0.25,31.327927972772407,258,60,682
baseline,0.05,10.0,0.25,31.34248073924817,258,59,683
baseline,0.05,10.0,0.25,31.375224933913103,258,58,684
baseline,0.05,10.0,0.25,31.385512306458914,258,57,685
baseline,0.05,10.0,0.25,31.433138995215533,258,56,686
baseline,0.05,10.0,0.25,31.456701259179134,257,57,686
baseline,0.05,10.0,0.25,31.484794554989143,257,56,687
baseline,0.05,10.0,0.25,31.511081685990575,257,55,688
baseline,0.05,10.0,0.25,31.536901147358638,257,54,689
baseline,0.05,10.0,0.25,31.597014451837484,257,53,690
baseline,0.05,10.0,0.25,31.626469005123134,257,52,691
baseline,0.05,10.0,0.25,31.65735226781566,257,51,692
baseline,0.05,10.0,0.25,31.69607082082507,257,50,693
baseline,0.05,10.0,0.25,31.718292042480286,257,49,694
baseline,0.05,10.0,0.25,31.90800885410762,256,50,694
baseline,0.05,10.0,0.25,31.92234222814074,256,49,695
baseline,0.05,10.0,0.25,31.925953643247368,256,48,696
baseline,0.05,10.0,0.25,31.99493463585492,256,47,697
baseline,0.05,10.0,0.25,32.04915275987357,256,46,698
baseline,0.05,10.0,0.25,32.17040368908912,256,45,699
baseline,0.05,10.0,0.25,32.20631820216002,255,46,699
baseline,0.05,10.0,0.25,32.21571385860216,255,45,700
baseline,0.05,10.0,0.25,32.29948978477907,254,46,700
baseline,0.05,10.0,0.25,32.323634221645705,254,45,701
baseline,0.05,10.0,0.25,32.33742297419271,254,44,702
baseline,0.05,10.0,0.25,32.485649346190556,254,43,703
baseline,0.05,10.0,0.25,32.61087840487314,254,42,704
baseline,0.05,10.0,0.25,32.658074382322404,253,43,704
baseline,0.05,10.0,0.25,32.73186576844608,252,44,704
baseline,0.05,10.0,0.25,32.90320816096428,251,45,704
baseline,0.05,10.0,0.25,32.92777700890234,251,44,705
baseline,0.05,10.0,0.25,32.950760530001425,251,43,706
baseline,0.05,10.0,0.25,33.031538664369805,251,42,707
baseline,0.05,10.0,0.25,33.21841097068692,251,41,708
baseline,0.05,10.0,0.25,33.28311070419679,251,40,709
baseline,0.05,10.0,0.25,33.29596931074757,251,39,710
baseline,0.05,10.0,0.25,33.43347101085424,251,38,711
baseline,0.05,10.0,0.25,33.550002440498446,251,37,712
baseline,0.05,10.0,0.25,33.58716282098063,250,38,712
baseline,0.05,10.0,0.25,33.7166693174754,250,37,713
baseline,0.05,10.0,0.25,33.807164563707744,250,36,714
baseline,0.05,10.0,0.25,33.98872055169324,249,37,714
baseline,0.05,10.0,0.25,34.042377117970034,249,36,715
baseline,0.05,10.0,0.25,34.06351478385362,248,37,715
baseline,0.05,10.0,0.25,34.217210325510266,248,36,716
baseline,0.05,10.0,0.25,34.26099291613882,248,35,717
baseline,0.05,10.0,0.25,34.28185982089721,247,36,717
baseline,0.05,10.0,0.25,34.376215080066245,247,35,718
baseline,0.05,10.0,0.25,34.396681345729576,246,36,718
baseline,0.05,10.0,0.25,34.44494846516628,245,37,718
baseline,0.05,10.0,0.25,34.482741719272944,245,36,719
baseline,0.05,10.0,0.25,34.625742789802885,245,35,720
baseline,0.05,10.0,0.25,34.6301845251176,244,36,720
baseline,0.05,10.0,0.25,34.700276705857675,244,35,721
baseline,0.05,10.0,0.25,34.914908084054765,243,36,721
baseline,0.05,10.0,0.25,34.974892541271714,243,35,722
baseline,0.05,10.0,0.25,34.98570969455122,243,34,723
baseline,0.05,10.0,0.25,35.0040630369887,242,35,723
baseline,0.05,10.0,0.25,35.029435802613726,242,34,724
baseline,0.05,10.0,0.25,35.33687783961582,242,33,725
baseline,0.05,10.0,0.25,35.62577284279147,241,34,725
baseline,0.05,10.0,0.25,36.1908783795601,241,33,726
baseline,0.05,10.0,0.25,36.21608237704306,241,32,727
baseline,0.05,10.0,0.25,36.284344131742536,240,33,727
baseline,0.05,10.0,0.25,36.41157344964819,239,34,727
baseline,0.05,10.0,0.25,36.51426439945226,238,35,727
baseline,0.05,10.0,0.25,36.55577929525128,238,34,728
baseline,0.05,10.0,0.25,36.557765481149275,238,33,729
baseline,0.05,10.0,0.25,37.09171915219747,238,32,730
baseline,0.05,10.0,0.25,37.191193568300505,237,33,730
baseline,0.05,10.0,0.25,37.29640862577161,236,34,730
baseline,0.05,10.0,0.25,37.44049994726696,236,33,731
baseline,0.05,10.0,0.25,37.46745682284684,235,34,731
baseline,0.05,10.0,0.25,37.47567310738169,235,33,732
baseline,0.05,10.0,0.25,37.69250099523134,234,34,732
baseline,0.05,10.0,0.25,37.71052446038054,234,33,733
baseline,0.05,10.0,0.25,37.806793024455914,233,34,733
baseline,0.05,10.0,0.25,37.82782184671871,232,35,733
baseline,0.05,10.0,0.25,38.002880072534126,232,34,734
baseline,0.05,10.0,0.25,38.13240446632786,232,33,735
baseline,0.05,10.0,0.25,38.20584269074341,231,34,735
baseline,0.05,10.0,0.25,38.24066608269283,231,33,736
baseline,0.05,10.0,0.25,38.259887757173445,231,32,737
baseline,0.05,10.0,0.25,38.27267808440975,231,31,738
baseline,0.05,10.0,0.25,38.328209633040714,231,30,739
baseline,0.05,10.0,0.25,38.438695176288675,231,29,740
baseline,0.05,10.0,0.25,38.475180840906276,231,28,741
baseline,0.05,10.0,0.25,38.50585793068028,230,29,741
baseline,0.05,10.0,0.25,38.618354347683024,230,28,742
baseline,0.05,10.0,0.25,38.62583742892328,229,29,742
baseline,0.05,10.0,0.25,38.692656060303364,229,28,743
baseline,0.05,10.0,0.25,38.72069145940737,229,27,744
baseline,0.05,10.0,0.25,38.796430681804175,229,26,745
baseline,0.05,10.0,0.25,38.8893627299643,228,27,745
baseline,0.05,10.0,0.25,38.9184907824535,228,26,746
baseline,0.05,10.0,0.25,39.1228714695421,228,25,747
baseline,0.05,10.0,0.25,39.141231355655634,228,24,748
baseline,0.05,10.0,0.25,39.21872063604327,228,23,749
baseline,0.05,10.0,0.25,39.45991266414147,228,22,750
baseline,0.05,10.0,0.25,39.756056656526184,227,23,750
baseline,0.05,10.0,0.25,39.8016784426954,226,24,750
baseline,0.05,10.0,0.25,39.99331415416916,226,23,751
beta_low,0.03,10.0,0.25,0.0,990,10,0
beta_low,0.03,10.0,0.25,0.11085100734229908,989,11,0
beta_low,0.03,10.0,0.25,0.4187381648895242,989,10,1
beta_low,0.03,10.0,0.25,0.45704075115651627,989,9,2
beta_low,0.03,10.0,0.25,0.619750782335655,988,10,2
beta_low,0.03,10.0,0.25,0.6553540112973479,987,11,2
beta_low,0.03,10.0,0.25,0.8076699615418362,986,12,2
beta_low,0.03,10.0,0.25,0.885013150070719,985,13,2
beta_low,0.03,10.0,0.25,0.9136460307932821,985,12,3
beta_low,0.03,10.0,0.25,0.9396685677949925,984,13,3
beta_low,0.03,10.0,0.25,1.0917930120484503,984,12,4
beta_low,0.03,10.0,0.25,1.146351315282224,984,11,5
beta_low,0.03,10.0,0.25,1.1768735666718546,983,12,5
beta_low,0.03,10.0,0.25,1.2803170910206845,982,13,5
beta_low,0.03,10.0,0.25,1.3082779501442605,982,12,6
beta_low,0.03,10.0,0.25,1.3603910918504587,981,13,6
beta_low,0.03,10.0,0.25,1.7162183305560266,981,12,7
beta_low,0.03,10.0,0.25,2.050489182326593,981,11,8
beta_low,0.03,10.0,0.25,2.0746149004883487,980,12,8
beta_low,0.03,10.0,0.25,2.308655533418724,980,11,9
beta_low,0.03,10.0,0.25,2.4938155533350845,979,12,9
beta_low,0.03,10.0,0.25,2.5665500293605206,979,11,10
beta_low,0.03,10.0,0.25,2.686160289236048,979,10,11
beta_low,0.03,10.0,0.25,2.7652287946178777,979,9,12
beta_low,0.03,10.0,0.25,3.076983434688252,979,8,13
beta_low,0.03,10.0,0.25,3.130941265446277,978,9,13
beta_low,0.03,10.0,0.25,3.259239571741394,978,8,14
beta_low,0.03,10.0,0.25,3.55224043934754,977,9,14
beta_low,0.03,10.0,0.25,4.061434100995311,976,10,14
beta_low,0.03,10.0,0.25,4.140224195442022,976,9,15
beta_low,0.03,10.0,0.25,4.275145566818727,976,8,16
beta_low,0.03,10.0,0.25,4.663304253147834,976,7,17
beta_low,0.03,10.0,0.25,4.6950793155361445,975,8,17
beta_low,0.03,10.0,0.25,4.821108121918664,975,7,18
beta_low,0.03,10.0,0.25,5.28814904204816,975,6,19
beta_low,0.03,10.0,0.25,5.499419372472357,975,5,20
beta_low,0.03,10.0,0.25,5.571777283547412,974,6,20
beta_low,0.03,10.0,0.25,5.686295857804435,973,7,20
beta_low,0.03,10.0,0.25,5.696523649582523,972,8,20
beta_low,0.03,10.0,0.25,5.789323928147094,971,9,20
beta_low,0.03,10.0,0.25,6.127705634740382,970,10,20
beta_low,0.03,10.0,0.25,6.415069080311571,969,11,20
beta_low,0.03,10.0,0.25,6.443241738739543,968,12,20
beta_low,0.03,10.0,0.25,6.458283475677876,968,11,21
beta_low,0.03,10.0,0.25,6.898426126353541,967,12,21
beta_low,0.03,10.0,0.25,6.916884203700264,967,11,22
beta_low,0.03,10.0,0.25,7.109707865228759,967,10,23
beta_low,0.03,10.0,0.25,7.989840596503479,967,9,24
beta_low,0.03,10.0,0.25,8.489217365937082,966,10,24
beta_low,0.03,10.0,0.25,8.673537730841009,966,9,25
beta_low,0.03,10.0,0.25,8.991504935562787,965,10,25
beta_low,0.03,10.0,0.25,9.081500220248541,964,11,25
beta_low,0.03,10.0,0.25,9.248555205978228,963,12,25
beta_low,0.03,10.0,0.25,9.357276333751503,962,13,25
beta_low,0.03,10.0,0.25,9.588736745013337,962,12,26
beta_low,0.03,10.0,0.25,9.59281700674347,961,13,26
beta_low,0.03,10.0,0.25,9.743034083855683,960,14,26
beta_low,0.03,10.0,0.25,9.838428850487196,959,15,26
beta_low,0.03,10.0,0.25,9.869761790890513,958,16,26
beta_low,0.03,10.0,0.25,9.90600864841835,957,17,26
beta_low,0.03,10.0,0.25,10.337609924939619,956,18,26
beta_low,0.03,10.0,0.25,10.353310377501662,956,17,27
beta_low,0.03,10.0,0.25,10.372477138193325,956,16,28
beta_low,0.03,10.0,0.25,10.473424133525178,956,15,29
beta_low,0.03,10.0,0.25,10.480516787750759,956,14,30
beta_low,0.03,10.0,0.25,10.50960511618569,955,15,30
beta_low,0.03,10.0,0.25,10.576592137322052,955,14,31
beta_low,0.03,10.0,0.25,10.785817052900462,955,13,32
beta_low,0.03,10.0,0.25,10.8582667343925,955,12,33
beta_low,0.03,10.0,0.25,10.925603365244223,954,13,33
beta_low,0.03,10.0,0.25,11.059489142976114,954,12,34
beta_low,0.03,10.0,0.25,11.14481667241908,954,11,35
beta_low,0.03,10.0,0.25,11.194624811607456,953,12,35
beta_low,0.03,10.0,0.25,11.322395823695036,953,11,36
beta_low,0.03,10.0,0.25,11.351672515984387,952,12,36
beta_low,0.03,10.0,0.25,11.399023728727519,952,11,37
beta_low,0.03,10.0,0.25,11.470770537398518,951,12,37
beta_low,0.03,10.0,0.25,11.739496663800336,950,13,37
beta_low,0.03,10.0,0.25,12.128485428243279,950,12,38
beta_low,0.03,10.0,0.25,12.227026207730017,949,13,38
beta_low,0.03,10.0,0.25,12.241147816491596,948,14,38
beta_low,0.03,10.0,0.25,12.325288455429984,948,13,39
beta_low,0.03,10.0,0.25,12.482369823901392,948,12,40
beta_low,0.03,10.0,0.25,12.832383250958113,948,11,41
beta_low,0.03,10.0,0.25,13.02841422676569,948,10,42
beta_low,0.03,10.0,0.25,13.165919416739833,948,9,43
beta_low,0.03,10.0,0.25,13.759996240981277,947,10,43
beta_low,0.03,10.0,0.25,14.116143881430306,946,11,43
beta_low,0.03,10.0,0.25,14.222800626780051,946,10,44
beta_low,0.03,10.0,0.25,14.64184694700214,946,9,45
beta_low,0.03,10.0,0.25,14.660020825258538,946,8,46
beta_low,0.03,10.0,0.25,14.732037722345247,946,7,47
beta_low,0.03,10.0,0.25,14.79224590050672,946,6,48
beta_low,0.03,10.0,0.25,15.030309679590893,945,7,48
beta_low,0.03,10.0,0.25,15.357640666076042,944,8,48
beta_low,0.03,10.0,0.25,15.996070974363242,944,7,49
beta_low,0.03,10.0,0.25,16.05421642355768,944,6,50
beta_low,0.03,10.0,0.25,17.190687687195986,943,7,50
beta_low,0.03,10.0,0.25,17.434094654651467,943,6,51
beta_low,0.03,10.0,0.25,17.548317187688493,942,7,51
beta_low,0.03,10.0,0.25,17.99697111892826,941,8,51
beta_low,0.03,10.0,0.25,18.260297358738995,940,9,51
beta_low,0.03,10.0,0.25,18.449459559318534,939,10,51
beta_low,0.03,10.0,0.25,18.652441451260994,939,9,52
beta_low,0.03,10.0,0.25,18.689640283301923,939,8,53
beta_low,0.03,10.0,0.25,18.782638296110793,938,9,53
beta_low,0.03,10.0,0.25,18.7926358322289,937,10,53
beta_low,0.03,10.0,0.25,19.33898527329606,937,9,54
beta_low,0.03,10.0,0.25,19.50126814481207,936,10,54
beta_low,0.03,10.0,0.25,19.541823386900948,935,11,54
beta_low,0.03,10.0,0.25,19.592852513356622,934,12,54
beta_low,0.03,10.0,0.25,19.725415372239794,934,11,55
beta_low,0.03,10.0,0.25,19.740778882775313,933,12,55
beta_low,0.03,10.0,0.25,19.887131587284244,933,11,56
beta_low,0.03,10.0,0.25,20.23011742347852,933,10,57
beta_low,0.03,10.0,0.25,20.440549309214603,932,11,57
beta_low,0.03,10.0,0.25,20.56947131649218,931,12,57
beta_low,0.03,10.0,0.25,20.813420371076436,931,11,58
beta_low,0.03,10.0,0.25,21.104846130249726,931,10,59
beta_low,0.03,10.0,0.25,21.51030201772245,930,11,59
beta_low,0.03,10.0,0.25,21.766896809505834,930,10,60
beta_low,0.03,10.0,0.25,21.779389799531845,930,9,61
beta_low,0.03,10.0,0.25,21.975990481683453,929,10,61
beta_low,0.03,10.0,0.25,22.01069042637607,928,11,61
beta_low,0.03,10.0,0.25,22.084445340021226,928,10,62
beta_low,0.03,10.0,0.25,22.252491660609298,927,11,62
beta_low,0.03,10.0,0.25,22.30764643039896,926,12,62
beta_low,0.03,10.0,0.25,22.377839877872347,925,13,62
beta_low,0.03,10.0,0.25,22.41464860495056,924,14,62
beta_low,0.03,10.0,0.25,22.79588259783417,924,13,63
beta_low,0.03,10.0,0.25,23.3469012120769,924,12,64
beta_low,0.03,10.0,0.25,24.030158143081586,924,11,65
beta_low,0.03,10.0,0.25,24.32410481056971,924,10,66
beta_low,0.03,10.0,0.25,24.342732139155682,923,11,66
beta_low,0.03,10.0,0.25,24.571942567150128,923,10,67
beta_low,0.03,10.0,0.25,24.58634582712812,923,9,68
beta_low,0.03,10.0,0.25,25.429001547646827,922,10,68
beta_low,0.03,10.0,0.25,25.975843224831966,921,11,68
beta_low,0.03,10.0,0.25,26.005989835253224,921,10,69
beta_low,0.03,10.0,0.25,26.24335920769631,920,11,69
beta_low,0.03,10.0,0.25,26.265602086911592,920,10,70
beta_low,0.03,10.0,0.25,26.307136316581612,919,11,70
beta_low,0.03,10.0,0.25,26.497075474220402,919,10,71
beta_low,0.03,10.0,0.25,26.597651480983405,918,11,71
beta_low,0.03,10.0,0.25,26.732457828540003,917,12,71
beta_low,0.03,10.0,0.25,27.2993305824392,917,11,72
beta_low,0.03,10.0,0.25,27.312347930782376,916,12,72
beta_low,0.03,10.0,0.25,27.546297956995286,915,13,72
beta_low,0.03,10.0,0.25,27.76720081081143,914,14,72
beta_low,0.03,10.0,0.25,27.954660345409994,914,13,73
beta_low,0.03,10.0,0.25,28.26223844548788,913,14,73
beta_low,0.03,10.0,0.25,28.96078167616879,912,15,73
beta_low,0.03,10.0,0.25,29.171272865583433,911,16,73
beta_low,0.03,10.0,0.25,29.31534764241777,910,17,73
beta_low,0.03,10.0,0.25,29.462482004026533,910,16,74
beta_low,0.03,10.0,0.25,29.557635879723897,909,17,74
beta_low,0.03,10.0,0.25,29.55841712080815,909,16,75
beta_low,0.03,10.0,0.25,29.58415480237255,909,15,76
beta_low,0.03,10.0,0.25,29.86505494710959,909,14,77
beta_low,0.03,10.0,0.25,29.870566770085254,908,15,77
beta_low,0.03,10.0,0.25,30.217666540458644,908,14,78
beta_low,0.03,10.0,0.25,30.348963424406286,908,13,79
beta_low,0.03,10.0,0.25,30.384135145528237,907,14,79
beta_low,0.03,10.0,0.25,30.413395711951637,906,15,79
beta_low,0.03,10.0,0.25,30.573875257322037,906,14,80
beta_low,0.03,10.0,0.25,30.763243014812907,906,13,81
beta_low,0.03,10.0,0.25,30.77034014512909,905,14,81
beta_low,0.03,10.0,0.25,30.893056603037596,904,15,81
beta_low,0.03,10.0,0.25,31.01749212581867,904,14,82
beta_low,0.03,10.0,0.25,31.27415750894618,903,15,82
beta_low,0.03,10.0,0.25,31.589554676678603,902,16,82
beta_low,0.03,10.0,0.25,31.973294582776283,901,17,82
beta_low,0.03,10.0,0.25,32.11859983095527,901,16,83
beta_low,0.03,10.0,0.25,32.13015778767234,901,15,84
beta_low,0.03,10.0,0.25,32.21869480735083,901,14,85
beta_low,0.03,10.0,0.25,32.38873192147237,901,13,86
beta_low,0.03,10.0,0.25,32.42764574843243,901,12,87
beta_low,0.03,10.0,0.25,32.598697469305115,901,11,88
beta_low,0.03,10.0,0.25,32.95680658614297,900,12,88
beta_low,0.03,10.0,0.25,32.99729277975872,899,13,88
beta_low,0.03,10.0,0.25,33.190305480902296,899,12,89
beta_low,0.03,10.0,0.25,33.40254497612943,899,11,90
beta_low,0.03,10.0,0.25,33.60738434450134,898,12,90
beta_low,0.03,10.0,0.25,33.62764530237786,898,11,91
beta_low,0.03,10.0,0.25,34.28909812086981,897,12,91
beta_low,0.03,10.0,0.25,34.350617693191886,897,11,92
beta_low,0.03,10.0,0.25,34.415928504341444,896,12,92
beta_low,0.03,10.0,0.25,34.56632040218314,895,13,92
beta_low,0.03,10.0,0.25,34.70730415792259,894,14,92
beta_low,0.03,10.0,0.25,34.72032237195785,893,15,92
beta_low,0.03,10.0,0.25,34.820588170124076,893,14,93
beta_low,0.03,10.0,0.25,34.90023386852845,893,13,94
beta_low,0.03,10.0,0.25,34.90106246961345,893,12,95
beta_low,0.03,10.0,0.25,35.015199038087346,892,13,95
beta_low,0.03,10.0,0.25,35.361054473633395,891,14,95
beta_low,0.03,10.0,0.25,35.55061559976696,891,13,96
beta_low,0.03,10.0,0.25,35.87457894774033,890,14,96
beta_low,0.03,10.0,0.25,35.952607886976864,889,15,96
beta_low,0.03,10.0,0.25,36.14471833722503,889,14,97
beta_low,0.03,10.0,0.25,36.22842792339396,888,15,97
beta_low,0.03,10.0,0.25,36.32381648463845,887,16,97
beta_low,0.03,10.0,0.25,36.50582876927152,887,15,98
beta_low,0.03,10.0,0.25,36.50880939904026,886,16,98
beta_low,0.03,10.0,0.25,36.524233647730206,886,15,99
beta_low,0.03,10.0,0.25,36.80659411365419,885,16,99
beta_low,0.03,10.0,0.25,36.84878416285944,884,17,99
beta_low,0.03,10.0,0.25,36.86433963141057,884,16,100
beta_low,0.03,10.0,0.25,36.95399871415477,883,17,100
beta_low,0.03,10.0,0.25,36.984726391222246,883,16,101
beta_low,0.03,10.0,0.25,37.14266522663432,882,17,101
beta_low,0.03,10.0,0.25,37.22555687246833,882,16,102
beta_low,0.03,10.0,0.25,37.25858415699515,881,17,102
beta_low,0.03,10.0,0.25,37.291357705429846,880,18,102
beta_low,0.03,10.0,0.25,37.31760446166668,880,17,103
beta_low,0.03,10.0,0.25,37.515569416766155,879,18,103
beta_low,0.03,10.0,0.25,37.53762275781205,878,19,103
beta_low,0.03,10.0,0.25,37.620867283753356,877,20,103
beta_low,0.03,10.0,0.25,37.63439547679904,876,21,103
beta_low,0.03,10.0,0.25,37.71731735437141,875,22,103
beta_low,0.03,10.0,0.25,37.74999063092166,874,23,103
beta_low,0.03,10.0,0.25,37.866246921304935,873,24,103
beta_low,0.03,10.0,0.25,37.98797065132353,873,23,104
beta_low,0.03,10.0,0.25,37.99053955223007,873,22,105
beta_low,0.03,10.0,0.25,38.54005477678435,872,23,105
beta_low,0.03,10.0,0.25,38.611009343732675,872,22,106
beta_low,0.03,10.0,0.25,38.734060832146916,871,23,106
beta_low,0.03,10.0,0.25,38.809715259101125,871,22,107
beta_low,0.03,10.0,0.25,38.939102320774154,871,21,108
beta_low,0.03,10.0,0.25,39.04287790410395,870,22,108
beta_low,0.03,10.0,0.25,39.064231054748355,870,21,109
beta_low,0.03,10.0,0.25,39.09134810805981,870,20,110
beta_low,0.03,10.0,0.25,39.140721810388314,870,19,111
beta_low,0.03,10.0,0.25,39.18642729977784,870,18,112
beta_low,0.03,10.0,0.25,39.303670223277535,870,17,113
beta_low,0.03,10.0,0.25,39.313275169021466,870,16,114
beta_low,0.03,10.0,0.25,39.420346320237485,869,17,114
beta_low,0.03,10.0,0.25,39.46844356260612,868,18,114
beta_low,0.03,10.0,0.25,39.5433178444203,867,19,114
beta_low,0.03,10.0,0.25,39.662306210561006,866,20,114
beta_low,0.03,10.0,0.25,39.737231384119895,865,21,114
beta_low,0.03,10.0,0.25,39.81951175366735,865,20,115
beta_low,0.03,10.0,0.25,39.86487837364707,865,19,116
beta_low,0.03,10.0,0.25,39.98763433739248,864,20,116
beta_high,0.07,10.0,0.25,0.0,990,10,0
beta_high,0.07,10.0,0.25,0.11085100734229908,989,11,0
beta_high,0.07,10.0,0.25,0.16679394570170172,988,12,0
beta_high,0.07,10.0,0.25,0.24966354642504507,987,13,0
beta_high,0.07,10.0,0.25,0.31507864996812335,986,14,0
beta_high,0.07,10.0,0.25,0.3289764501688108,985,15,0
beta_high,0.07,10.0,0.25,0.33011388702158856,984,16,0
beta_high,0.07,10.0,0.25,0.40718379213397826,983,17,0
beta_high,0.07,10.0,0.25,0.4187381648895242,983,16,1
beta_high,0.07,10.0,0.25,0.42266415530554635,983,15,2
beta_high,0.07,10.0,0.25,0.45704075115651627,983,14,3
beta_high,0.07,10.0,0.25,0.6198097507909551,982,15,3
beta_high,0.07,10.0,0.25,0.6203771761224564,981,16,3
beta_high,0.07,10.0,0.25,0.6230087878899192,980,17,3
beta_high,0.07,10.0,0.25,0.6548820427075952,979,18,3
beta_high,0.07,10.0,0.25,0.8044320508145452,978,19,3
beta_high,0.07,10.0,0.25,0.8371896453476307,977,20,3
beta_high,0.07,10.0,0.25,0.8438941714889395,976,21,3
beta_high,0.07,10.0,0.25,0.9136460307932821,976,20,4
beta_high,0.07,10.0,0.25,0.9993712819261054,975,21,4
beta_high,0.07,10.0,0.25,1.050816946192455,974,22,4
beta_high,0.07,10.0,0.25,1.0788419835811118,974,21,5
beta_high,0.07,10.0,0.25,1.088555101321159,974,20,6
beta_high,0.07,10.0,0.25,1.145879346692471,974,19,7
beta_high,0.07,10.0,0.25,1.175808231441395,973,20,7
beta_high,0.07,10.0,0.25,1.243065378211098,972,21,7
beta_high,0.07,10.0,0.25,1.2808148444959806,971,22,7
beta_high,0.07,10.0,0.25,1.3082779501442605,971,21,8
beta_high,0.07,10.0,0.25,1.331810715679086,970,22,8
beta_high,0.07,10.0,0.25,1.362300597577967,969,23,8
beta_high,0.07,10.0,0.25,1.3817163730718396,968,24,8
beta_high,0.07,10.0,0.25,1.4543165720612468,967,25,8
beta_high,0.07,10.0,0.25,1.473743209621919,966,26,8
beta_high,0.07,10.0,0.25,1.576093915895611,965,27,8
beta_high,0.07,10.0,0.25,1.584587257977123,964,28,8
beta_high,0.07,10.0,0.25,1.6171999250271356,964,27,9
beta_high,0.07,10.0,0.25,1.6310194782620995,963,28,9
beta_high,0.07,10.0,0.25,1.7014687352525597,962,29,9
beta_high,0.07,10.0,0.25,1.7162183305560266,962,28,10
beta_high,0.07,10.0,0.25,1.8188467983455863,961,29,10
beta_high,0.07,10.0,0.25,1.8986953657398342,960,30,10
beta_high,0.07,10.0,0.25,1.9038471913646788,959,31,10
beta_high,0.07,10.0,0.25,1.9120850481111678,958,32,10
beta_high,0.07,10.0,0.25,1.9129898172350501,957,33,10
beta_high,0.07,10.0,0.25,1.9244381600698048,956,34,10
beta_high,0.07,10.0,0.25,2.0186729498778977,955,35,10
beta_high,0.07,10.0,0.25,2.0433689867776343,955,34,11
beta_high,0.07,10.0,0.25,2.0505481507818932,955,33,12
beta_high,0.07,10.0,0.25,2.0663600219931904,954,34,12
beta_high,0.07,10.0,0.25,2.146987505741259,953,35,12
beta_high,0.07,10.0,0.25,2.1693304613583133,952,36,12
beta_high,0.07,10.0,0.25,2.191673627188197,951,37,12
beta_high,0.07,10.0,0.25,2.2107276509419895,950,38,12
beta_high,0.07,10.0,0.25,2.212020025460275,950,37,13
beta_high,0.07,10.0,0.25,2.2154932405360843,950,36,14
beta_high,0.07,10.0,0.25,2.256479876104969,950,35,15
beta_high,0.07,10.0,0.25,2.3075901981882643,950,34,16
beta_high,0.07,10.0,0.25,2.3348353848613312,949,35,16
beta_high,0.07,10.0,0.25,2.354733495606265,948,36,16
beta_high,0.07,10.0,0.25,2.3987489335569516,947,37,16
beta_high,0.07,10.0,0.25,2.4125528408639627,946,38,16
beta_high,0.07,10.0,0.25,2.4663112243248744,945,39,16
beta_high,0.07,10.0,0.25,2.467508780758296,945,38,17
beta_high,0.07,10.0,0.25,2.4727862331528705,944,39,17
beta_high,0.07,10.0,0.25,2.4854975143945017,944,38,18
beta_high,0.07,10.0,0.25,2.5665500293605206,944,37,19
beta_high,0.07,10.0,0.25,2.569319509245148,943,38,19
beta_high,0.07,10.0,0.25,2.5761260659907284,942,39,19
beta_high,0.07,10.0,0.25,2.58084895023226,942,38,20
beta_high,0.07,10.0,0.25,2.5963218802932957,941,39,20
beta_high,0.07,10.0,0.25,2.6501766067058954,941,38,21
beta_high,0.07,10.0,0.25,2.686160289236048,941,37,22
beta_high,0.07,10.0,0.25,2.6923051926453843,940,38,22
beta_high,0.07,10.0,0.25,2.701624207460354,940,37,23
beta_high,0.07,10.0,0.25,2.707236921332046,940,36,24
beta_high,0.07,10.0,0.25,2.734085853737836,939,37,24
beta_high,0.07,10.0,0.25,2.7341683536276413,938,38,24
beta_high,0.07,10.0,0.25,2.7796199764422442,937,39,24
beta_high,0.07,10.0,0.25,2.788251608925509,937,38,25
beta_high,0.07,10.0,0.25,2.7901847382331324,937,37,26
beta_high,0.07,10.0,0.25,2.894570944811511,937,36,27
beta_high,0.07,10.0,0.25,2.9292757799231683,936,37,27
beta_high,0.07,10.0,0.25,2.930881111638826,935,38,27
beta_high,0.07,10.0,0.25,2.933477035338663,934,39,27
beta_high,0.07,10.0,0.25,2.935027579577691,933,40,27
beta_high,0.07,10.0,0.25,2.943937463163635,932,41,27
beta_high,0.07,10.0,0.25,2.9489314461960574,932,40,28
beta_high,0.07,10.0,0.25,3.0242960058282375,931,41,28
beta_high,0.07,10.0,0.25,3.0256014224152885,931,40,29
beta_high,0.07,10.0,0.25,3.034806361782635,930,41,29
beta_high,0.07,10.0,0.25,3.062675011904158,930,40,30
beta_high,0.07,10.0,0.25,3.076983434688252,930,39,31
beta_high,0.07,10.0,0.25,3.081239782644835,929,40,31
beta_high,0.07,10.0,0.25,3.0911276852927423,928,41,31
beta_high,0.07,10.0,0.25,3.1374383986757834,928,40,32
beta_high,0.07,10.0,0.25,3.1815893024217403,927,41,32
beta_high,0.07,10.0,0.25,3.2062773641085696,926,42,32
beta_high,0.07,10.0,0.25,3.209422391143368,925,43,32
beta_high,0.07,10.0,0.25,3.243283658190168,925,42,33
beta_high,0.07,10.0,0.25,3.259239571741394,925,41,34
beta_high,0.07,10.0,0.25,3.288522954107739,924,42,34
beta_high,0.07,10.0,0.25,3.320302513500334,924,41,35
beta_high,0.07,10.0,0.25,3.334444492143955,924,40,36
beta_high,0.07,10.0,0.25,3.3530357342423525,924,39,37
beta_high,0.07,10.0,0.25,3.3925562482600347,923,40,37
beta_high,0.07,10.0,0.25,3.42195862807378,923,39,38
beta_high,0.07,10.0,0.25,3.537121469620639,923,38,39
beta_high,0.07,10.0,0.25,3.540637683393921,922,39,39
beta_high,0.07,10.0,0.25,3.555233352420801,921,40,39
beta_high,0.07,10.0,0.25,3.561800746508732,921,39,40
beta_high,0.07,10.0,0.25,3.6062202440998594,920,40,40
beta_high,0.07,10.0,0.25,3.6122445713400144,920,39,41
beta_high,0.07,10.0,0.25,3.6587551432838032,920,38,42
beta_high,0.07,10.0,0.25,3.6676023081740654,919,39,42
beta_high,0.07,10.0,0.25,3.6731472864626418,918,40,42
beta_high,0.07,10.0,0.25,3.719617483525762,917,41,42
beta_high,0.07,10.0,0.25,3.797650303426786,916,42,42
beta_high,0.07,10.0,0.25,3.8464334044931885,916,41,43
beta_high,0.07,10.0,0.25,3.8514998956197255,916,40,44
beta_high,0.07,10.0,0.25,3.8588289742932234,916,39,45
beta_high,0.07,10.0,0.25,3.8604629240506645,916,38,46
beta_high,0.07,10.0,0.25,3.8623022904385453,915,39,46
beta_high,0.07,10.0,0.25,3.916012321536017,915,38,47
beta_high,0.07,10.0,0.25,3.919901596843728,914,39,47
beta_high,0.07,10.0,0.25,3.942043898038312,913,40,47
beta_high,0.07,10.0,0.25,3.969663105692912,913,39,48
beta_high,0.07,10.0,0.25,4.0227685454544755,912,40,48
beta_high,0.07,10.0,0.25,4.037382261671083,911,41,48
beta_high,0.07,10.0,0.25,4.078928215614836,911,40,49
beta_high,0.07,10.0,0.25,4.087415492153607,911,39,50
beta_high,0.07,10.0,0.25,4.143629058661042,910,40,50
beta_high,0.07,10.0,0.25,4.1580729749361875,909,41,50
beta_high,0.07,10.0,0.25,4.161981164462458,908,42,50
beta_high,0.07,10.0,0.25,4.232862311300034,907,43,50
beta_high,0.07,10.0,0.25,4.287691160781007,906,44,50
beta_high,0.07,10.0,0.25,4.324037682884431,905,45,50
beta_high,0.07,10.0,0.25,4.368543051579571,904,46,50
beta_high,0.07,10.0,0.25,4.371091535313592,903,47,50
beta_high,0.07,10.0,0.25,4.393116835792541,903,46,51
beta_high,0.07,10.0,0.25,4.414066722987214,902,47,51
beta_high,0.07,10.0,0.25,4.583172416103149,901,48,51
beta_high,0.07,10.0,0.25,4.59435224340433,901,47,52
beta_high,0.07,10.0,0.25,4.611853109600591,900,48,52
beta_high,0.07,10.0,0.25,4.622527876514427,900,47,53
beta_high,0.07,10.0,0.25,4.659676804295782,899,48,53
beta_high,0.07,10.0,0.25,4.710417442080794,898,49,53
beta_high,0.07,10.0,0.25,4.711544046613566,897,50,53
beta_high,0.07,10.0,0.25,4.759890616086553,896,51,53
beta_high,0.07,10.0,0.25,4.763851316614981,896,50,54
beta_high,0.07,10.0,0.25,4.764822468401588,896,49,55
beta_high,0.07,10.0,0.25,4.777455677556093,895,50,55
beta_high,0.07,10.0,0.25,4.8054202537359165,894,51,55
beta_high,0.07,10.0,0.25,4.811275685610597,893,52,55
beta_high,0.07,10.0,0.25,4.820747875013328,893,51,56
beta_high,0.07,10.0,0.25,4.821108121918664,893,50,57
beta_high,0.07,10.0,0.25,4.823313820608742,892,51,57
beta_high,0.07,10.0,0.25,4.842050957132787,891,52,57
beta_high,0.07,10.0,0.25,4.8531638365231435,890,53,57
beta_high,0.07,10.0,0.25,4.8548572334289934,889,54,57
beta_high,0.07,10.0,0.25,4.858246892723286,889,53,58
beta_high,0.07,10.0,0.25,4.865135522625322,888,54,58
beta_high,0.07,10.0,0.25,4.901218436170463,887,55,58
beta_high,0.07,10.0,0.25,4.902102551454576,886,56,58
beta_high,0.07,10.0,0.25,4.925407867486694,886,55,59
beta_high,0.07,10.0,0.25,4.927109828885784,885,56,59
beta_high,0.07,10.0,0.25,4.9412152248982935,884,57,59
beta_high,0.07,10.0,0.25,4.941812956732565,884,56,60
beta_high,0.07,10.0,0.25,4.947695352647083,884,55,61
beta_high,0.07,10.0,0.25,4.958033441238668,883,56,61
beta_high,0.07,10.0,0.25,4.960790178610204,882,57,61
beta_high,0.07,10.0,0.25,4.96270493777303,881,58,61
beta_high,0.07,10.0,0.25,5.020627672034543,881,57,62
beta_high,0.07,10.0,0.25,5.036876859383108,880,58,62
beta_high,0.07,10.0,0.25,5.056330644542154,879,59,62
beta_high,0.07,10.0,0.25,5.064495204745726,878,60,62
beta_high,0.07,10.0,0.25,5.064855120264054,878,59,63
beta_high,0.07,10.0,0.25,5.071062481188668,877,60,63
beta_high,0.07,10.0,0.25,5.076006567543969,877,59,64
beta_high,0.07,10.0,0.25,5.08295356090557,876,60,64
beta_high,0.07,10.0,0.25,5.123244279978412,876,59,65
beta_high,0.07,10.0,0.25,5.151005958657687,876,58,66
beta_high,0.07,10.0,0.25,5.15108940179704,876,57,67
beta_high,0.07,10.0,0.25,5.158552637891765,875,58,67
beta_high,0.07,10.0,0.25,5.16562116300763,874,59,67
beta_high,0.07,10.0,0.25,5.198789644584606,873,60,67
beta_high,0.07,10.0,0.25,5.219299529626792,872,61,67
beta_high,0.07,10.0,0.25,5.221896039779944,871,62,67
beta_high,0.07,10.0,0.25,5.224708891206752,870,63,67
beta_high,0.07,10.0,0.25,5.258713148639651,869,64,67
beta_high,0.07,10.0,0.25,5.264790943374282,868,65,67
beta_high,0.07,10.0,0.25,5.2656404054925945,867,66,67
beta_high,0.07,10.0,0.25,5.266606291542199,866,67,67
beta_high,0.07,10.0,0.25,5.2805169812771915,866,66,68
beta_high,0.07,10.0,0.25,5.326957441889528,865,67,68
beta_high,0.07,10.0,0.25,5.332534656035234,864,68,68
beta_high,0.07,10.0,0.25,5.363113028814312,863,69,68
beta_high,0.07,10.0,0.25,5.363764678632808,862,70,68
beta_high,0.07,10.0,0.25,5.369009419714372,861,71,68
beta_high,0.07,10.0,0.25,5.376037986061532,861,70,69
beta_high,0.07,10.0,0.25,5.423114766290398,860,71,69
beta_high,0.07,10.0,0.25,5.481541962501604,860,70,70
beta_high,0.07,10.0,0.25,5.488870595232262,860,69,71
beta_high,0.07,10.0,0.25,5.516328053407469,860,68,72
beta_high,0.07,10.0,0.25,5.543787181229993,859,69,72
beta_high,0.07,10.0,0.25,5.554020817013667,859,68,73
beta_high,0.07,10.0,0.25,5.558020477299888,859,67,74
beta_high,0.07,10.0,0.25,5.572807203397717,858,68,74
beta_high,0.07,10.0,0.25,5.599236268672169,858,67,75
beta_high,0.07,10.0,0.25,5.632957433766116,858,66,76
beta_high,0.07,10.0,0.25,5.635809394133995,857,67,76
beta_high,0.07,10.0,0.25,5.6446029656213454,856,68,76
beta_high,0.07,10.0,0.25,5.651764898465039,855,69,76
beta_high,0.07,10.0,0.25,5.69079402062477,854,70,76
beta_high,0.07,10.0,0.25,5.703771026894748,854,69,77
beta_high,0.07,10.0,0.25,5.714449985700537,853,70,77
beta_high,0.07,10.0,0.25,5.715637055898008,853,69,78
beta_high,0.07,10.0,0.25,5.7279390570833995,852,70,78
beta_high,0.07,10.0,0.25,5.7875830426491435,851,71,78
beta_high,0.07,10.0,0.25,5.801248206959075,850,72,78
beta_high,0.07,10.0,0.25,5.829175522829219,849,73,78
beta_high,0.07,10.0,0.25,5.840925056744042,849,72,79
beta_high,0.07,10.0,0.25,5.874294943621692,848,73,79
beta_high,0.07,10.0,0.25,5.8856396003972895,847,74,79
beta_high,0.07,10.0,0.25,5.888994809036503,846,75,79
beta_high,0.07,10.0,0.25,5.895237560985968,846,74,80
beta_high,0.07,10.0,0.25,5.910531843788916,845,75,80
beta_high,0.07,10.0,0.25,5.91156205040344,844,76,80
beta_high,0.07,10.0,0.25,5.9283600442449185,843,77,80
beta_high,0.07,10.0,0.25,5.959148720018119,843,76,81
beta_high,0.07,10.0,0.25,5.962382963086862,843,75,82
beta_high,0.07,10.0,0.25,5.9629545914901545,842,76,82
beta_high,0.07,10.0,0.25,5.987029182946712,841,77,82
beta_high,0.07,10.0,0.25,5.989581542643953,840,78,82
beta_high,0.07,10.0,0.25,5.995047664344648,839,79,82
beta_high,0.07,10.0,0.25,6.002313585772425,839,78,83
beta_high,0.07,10.0,0.25,6.039371926304218,838,79,83
beta_high,0.07,10.0,0.25,6.098064587428965,837,80,83
beta_high,0.07,10.0,0.25,6.099176331068509,837,79,84
beta_high,0.07,10.0,0.25,6.105930224851291,836,80,84
beta_high,0.07,10.0,0.25,6.115907165044147,835,81,84
beta_high,0.07,10.0,0.25,6.117458464623016,834,82,84
beta_high,0.07,10.0,0.25,6.144566999237018,833,83,84
beta_high,0.07,10.0,0.25,6.157503510762123,832,84,84
beta_high,0.07,10.0,0.25,6.1626801954102515,831,85,84
beta_high,0.07,10.0,0.25,6.175694477837812,830,86,84
beta_high,0.07,10.0,0.25,6.192274886581494,829,87,84
beta_high,0.07,10.0,0.25,6.2168773567953695,828,88,84
beta_high,0.07,10.0,0.25,6.233635436995532,827,89,84
beta_high,0.07,10.0,0.25,6.23615986793901,826,90,84
beta_high,0.07,10.0,0.25,6.252988882811181,825,91,84
beta_high,0.07,10.0,0.25,6.336773418985655,825,90,85
beta_high,0.07,10.0,0.25,6.339184861613077,825,89,86
beta_high,0.07,10.0,0.25,6.339489974713152,825,88,87
beta_high,0.07,10.0,0.25,6.34117489236109,824,89,87
beta_high,0.07,10.0,0.25,6.355787740031368,823,90,87
beta_high,0.07,10.0,0.25,6.357559242157255,823,89,88
beta_high,0.07,10.0,0.25,6.372160541451036,822,90,88
beta_high,0.07,10.0,0.25,6.388447782490728,821,91,88
beta_high,0.07,10.0,0.25,6.406666069571587,820,92,88
beta_high,0.07,10.0,0.25,6.412282860212105,820,91,89
beta_high,0.07,10.0,0.25,6.414888601153981,819,92,89
beta_high,0.07,10.0,0.25,6.41593762303871,819,91,90
beta_high,0.07,10.0,0.25,6.425616351835507,818,92,90
beta_high,0.07,10.0,0.25,6.427765029580689,818,91,91
beta_high,0.07,10.0,0.25,6.430573903739415,818,90,92
beta_high,0.07,10.0,0.25,6.4312317123409874,817,91,92
beta_high,0.07,10.0,0.25,6.432107103729917,816,92,92
beta_high,0.07,10.0,0.25,6.4514965710302254,815,93,92
beta_high,0.07,10.0,0.25,6.48618103246616,814,94,92
beta_high,0.07,10.0,0.25,6.498999570308514,813,95,92
beta_high,0.07,10.0,0.25,6.523261332111167,812,96,92
beta_high,0.07,10.0,0.25,6.527446304700388,811,97,92
beta_high,0.07,10.0,0.25,6.560533844289861,810,98,92
beta_high,0.07,10.0,0.25,6.564225071453839,809,99,92
beta_high,0.07,10.0,0.25,6.580241277028101,809,98,93
beta_high,0.07,10.0,0.25,6.5809914422265114,808,99,93
beta_high,0.07,10.0,0.25,6.581540617754749,807,100,93
beta_high,0.07,10.0,0.25,6.5820543236549724,806,101,93
beta_high,0.07,10.0,0.25,6.599736282545422,805,102,93
beta_high,0.07,10.0,0.25,6.600480538877601,804,103,93
beta_high,0.07,10.0,0.25,6.604215407207514,803,104,93
beta_high,0.07,10.0,0.25,6.613277978822026,803,103,94
beta_high,0.07,10.0,0.25,6.617752368361362,803,102,95
beta_high,0.07,10.0,0.25,6.619647794530671,802,103,95
beta_high,0.07,10.0,0.25,6.647068766470665,801,104,95
beta_high,0.07,10.0,0.25,6.6597550241312256,801,103,96
beta_high,0.07,10.0,0.25,6.676382518893663,800,104,96
beta_high,0.07,10.0,0.25,6.696509919615968,800,103,97
beta_high,0.07,10.0,0.25,6.701374473932849,799,104,97
beta_high,0.07,10.0,0.25,6.7041694490947865,799,103,98
beta_high,0.07,10.0,0.25,6.714293611234058,798,104,98
beta_high,0.07,10.0,0.25,6.732701414802511,797,105,98
beta_high,0.07,10.0,0.25,6.7513341257020905,797,104,99
beta_high,0.07,10.0,0.25,6.7588135055449206,796,105,99
beta_high,0.07,10.0,0.25,6.772644968029914,795,106,99
beta_high,0.07,10.0,0.25,6.785589369433433,794,107,99
beta_high,0.07,10.0,0.25,6.787744367316629,794,106,100
beta_high,0.07,10.0,0.25,6.799031145579203,793,107,100
beta_high,0.07,10.0,0.25,6.8017973223303985,793,106,101
beta_high,0.07,10.0,0.25,6.808348112768977,792,107,101
beta_high,0.07,10.0,0.25,6.820311823593682,791,108,101
beta_high,0.07,10.0,0.25,6.826903404706927,790,109,101
beta_high,0.07,10.0,0.25,6.82790259425216,789,110,101
beta_high,0.07,10.0,0.25,6.837168076148078,788,111,101
beta_high,0.07,10.0,0.25,6.8464469637077245,787,112,101
beta_high,0.07,10.0,0.25,6.849274869390347,787,111,102
beta_high,0.07,10.0,0.25,6.853666504633497,786,112,102
beta_high,0.07,10.0,0.25,6.8538130531310495,785,113,102
beta_high,0.07,10.0,0.25,6.853920749923346,784,114,102
beta_high,0.07,10.0,0.25,6.863207020697592,784,113,103
beta_high,0.07,10.0,0.25,6.88673906783553,783,114,103
beta_high,0.07,10.0,0.25,6.900180564542165,782,115,103
beta_high,0.07,10.0,0.25,6.901239756616778,782,114,104
beta_high,0.07,10.0,0.25,6.9346202480351655,782,113,105
beta_high,0.07,10.0,0.25,6.988416050424086,781,114,105
beta_high,0.07,10.0,0.25,6.991741374455254,781,113,106
beta_high,0.07,10.0,0.25,7.002730499464223,781,112,107
beta_high,0.07,10.0,0.25,7.042640376785388,780,113,107
beta_high,0.07,10.0,0.25,7.0469120360539,780,112,108
beta_high,0.07,10.0,0.25,7.085532744756329,779,113,108
beta_high,0.07,10.0,0.25,7.0939663054074025,778,114,108
beta_high,0.07,10.0,0.25,7.094884661727562,778,113,109
beta_high,0.07,10.0,0.25,7.094968931486282,778,112,110
beta_high,0.07,10.0,0.25,7.112926233233355,778,111,111
beta_high,0.07,10.0,0.25,7.123918648408493,777,112,111
beta_high,0.07,10.0,0.25,7.145805481611846,776,113,111
beta_high,0.07,10.0,0.25,7.158447817596853,775,114,111
beta_high,0.07,10.0,0.25,7.168774482340405,775,113,112
beta_high,0.07,10.0,0.25,7.179247787171866,774,114,112
beta_high,0.07,10.0,0.25,7.179482470413847,773,115,112
beta_high,0.07,10.0,0.25,7.1795158784207125,772,116,112
beta_high,0.07,10.0,0.25,7.185596435539259,772,115,113
beta_high,0.07,10.0,0.25,7.207655392759246,771,116,113
beta_high,0.07,10.0,0.25,7.208690261240852,770,117,113
beta_high,0.07,10.0,0.25,7.21479492079539,770,116,114
beta_high,0.07,10.0,0.25,7.220548149024322,769,117,114
beta_high,0.07,10.0,0.25,7.229053529421681,768,118,114
beta_high,0.07,10.0,0.25,7.229489321201418,767,119,114
beta_high,0.07,10.0,0.25,7.230049958446604,766,120,114
beta_high,0.07,10.0,0.25,7.2595906563983625,765,121,114
beta_high,0.07,10.0,0.25,7.282363620460892,765,120,115
beta_high,0.07,10.0,0.25,7.28564824505418,764,121,115
beta_high,0.07,10.0,0.25,7.29105294926281,763,122,115
beta_high,0.07,10.0,0.25,7.311442798285174,763,121,116
beta_high,0.07,10.0,0.25,7.326386342428143,762,122,116
beta_high,0.07,10.0,0.25,7.34148401316886,761,123,116
beta_high,0.07,10.0,0.25,7.346388283657152,761,122,117
beta_high,0.07,10.0,0.25,7.3597558633858835,761,121,118
beta_high,0.07,10.0,0.25,7.361982578383227,760,122,118
beta_high,0.07,10.0,0.25,7.390700701562885,759,123,118
beta_high,0.07,10.0,0.25,7.398565273237679,758,124,118
beta_high,0.07,10.0,0.25,7.400915353488719,757,125,118
beta_high,0.07,10.0,0.25,7.40994192198356,757,124,119
beta_high,0.07,10.0,0.25,7.432823523888933,756,125,119
beta_high,0.07,10.0,0.25,7.434244884550626,755,126,119
beta_high,0.07,10.0,0.25,7.441640555680988,754,127,119
beta_high,0.07,10.0,0.25,7.444412011843309,753,128,119
beta_high,0.07,10.0,0.25,7.463154716349896,753,127,120
beta_high,0.07,10.0,0.25,7.477440699722757,752,128,120
beta_high,0.07,10.0,0.25,7.500763390063006,751,129,120
beta_high,0.07,10.0,0.25,7.50534013580677,750,130,120
beta_high,0.07,10.0,0.25,7.50736255587548,749,131,120
beta_high,0.07,10.0,0.25,7.510965795156104,749,130,121
beta_high,0.07,10.0,0.25,7.531418227424206,748,131,121
beta_high,0.07,10.0,0.25,7.544808966430267,747,132,121
beta_high,0.07,10.0,0.25,7.545217851059299,747,131,122
beta_high,0.07,10.0,0.25,7.55842738222951,747,130,123
beta_high,0.07,10.0,0.25,7.578410267265535,747,129,124
beta_high,0.07,10.0,0.25,7.58132775631716,746,130,124
beta_high,0.07,10.0,0.25,7.587831324093009,745,131,124
beta_high,0.07,10.0,0.25,7.591527110302451,744,132,124
beta_high,0.07,10.0,0.25,7.609948227838598,743,133,124
beta_high,0.07,10.0,0.25,7.626807319040098,742,134,124
beta_high,0.07,10.0,0.25,7.629723555980379,741,135,124
beta_high,0.07,10.0,0.25,7.631057839638744,741,134,125
beta_high,0.07,10.0,0.25,7.646007334436101,740,135,125
beta_high,0.07,10.0,0.25,7.649334307347615,739,136,125
beta_high,0.07,10.0,0.25,7.6647070851594625,738,137,125
beta_high,0.07,10.0,0.25,7.6708467821270325,737,138,125
beta_high,0.07,10.0,0.25,7.672537587422373,737,137,126
beta_high,0.07,10.0,0.25,7.685305308201478,736,138,126
beta_high,0.07,10.0,0.25,7.685386953981354,735,139,126
beta_high,0.07,10.0,0.25,7.69036654061247,734,140,126
beta_high,0.07,10.0,0.25,7.698946524581345,733,141,126
beta_high,0.07,10.0,0.25,7.700813068535527,732,142,126
beta_high,0.07,10.0,0.25,7.702164673756947,731,143,126
beta_high,0.07,10.0,0.25,7.7057665310338574,730,144,126
beta_high,0.07,10.0,0.25,7.716690133262023,729,145,126
beta_high,0.07,10.0,0.25,7.726226327549828,728,146,126
beta_high,0.07,10.0,0.25,7.727532241661511,728,145,127
beta_high,0.07,10.0,0.25,7.729539574252802,727,146,127
beta_high,0.07,10.0,0.25,7.746953550143719,726,147,127
beta_high,0.07,10.0,0.25,7.7844293453881335,725,148,127
beta_high,0.07,10.0,0.25,7.7913441979459925,724,149,127
beta_high,0.07,10.0,0.25,7.8071595122852715,723,150,127
beta_high,0.07,10.0,0.25,7.810614802123707,723,149,128
beta_high,0.07,10.0,0.25,7.8216256243336675,722,150,128
beta_high,0.07,10.0,0.25,7.83962944105742,721,151,128
beta_high,0.07,10.0,0.25,7.849647779206834,721,150,129
beta_high,0.07,10.0,0.25,7.868412383496842,720,151,129
beta_high,0.07,10.0,0.25,7.879531318139962,719,152,129
beta_high,0.07,10.0,0.25,7.888488047116119,718,153,129
beta_high,0.07,10.0,0.25,7.909802163600931,717,154,129
beta_high,0.07,10.0,0.25,7.914384075869296,717,153,130
beta_high,0.07,10.0,0.25,7.914717871366026,716,154,130
beta_high,0.07,10.0,0.25,7.9166470697847195,715,155,130
beta_high,0.07,10.0,0.25,7.928958639233156,714,156,130
beta_high,0.07,10.0,0.25,7.930760777025162,713,157,130
beta_high,0.07,10.0,0.25,7.946248416242428,712,158,130
beta_high,0.07,10.0,0.25,7.9498768964155015,711,159,130
beta_high,0.07,10.0,0.25,7.960002221073826,710,160,130
beta_high,0.07,10.0,0.25,7.963510412436232,710,159,131
beta_high,0.07,10.0,0.25,7.969717302259273,709,160,131
beta_high,0.07,10.0,0.25,7.980682045444343,708,161,131
beta_high,0.07,10.0,0.25,7.981367881287953,707,162,131
beta_high,0.07,10.0,0.25,7.992980452295182,706,163,131
beta_high,0.07,10.0,0.25,8.00814433320805,705,164,131
beta_high,0.07,10.0,0.25,8.014231386144777,704,165,131
beta_high,0.07,10.0,0.25,8.030450671194103,704,164,132
beta_high,0.07,10.0,0.25,8.037742724560648,703,165,132
beta_high,0.07,10.0,0.25,8.050140633792784,703,164,133
beta_high,0.07,10.0,0.25,8.051318778757214,702,165,133
beta_high,0.07,10.0,0.25,8.060658825043019,701,166,133
beta_high,0.07,10.0,0.25,8.066040451710622,700,167,133
beta_high,0.07,10.0,0.25,8.070097635676557,699,168,133
beta_high,0.07,10.0,0.25,8.07077383074912,698,169,133
beta_high,0.07,10.0,0.25,8.087288173173116,698,168,134
beta_high,0.07,10.0,0.25,8.098964211846592,697,169,134
beta_high,0.07,10.0,0.25,8.117236753052875,696,170,134
beta_high,0.07,10.0,0.25,8.12307700568689,696,169,135
beta_high,0.07,10.0,0.25,8.156935639377982,695,170,135
beta_high,0.07,10.0,0.25,8.162233701348466,694,171,135
beta_high,0.07,10.0,0.25,8.168455405262815,693,172,135
beta_high,0.07,10.0,0.25,8.189888691222649,692,173,135
beta_high,0.07,10.0,0.25,8.199574315015152,691,174,135
beta_high,0.07,10.0,0.25,8.215798133253692,691,173,136
beta_high,0.07,10.0,0.25,8.227286117390701,690,174,136
beta_high,0.07,10.0,0.25,8.22961987081676,689,175,136
beta_high,0.07,10.0,0.25,8.230902273924169,688,176,136
beta_high,0.07,10.0,0.25,8.256850870437455,688,175,137
beta_high,0.07,10.0,0.25,8.262235210476318,687,176,137
beta_high,0.07,10.0,0.25,8.26411391081084,687,175,138
beta_high,0.07,10.0,0.25,8.264308707629919,687,174,139
beta_high,0.07,10.0,0.25,8.268235363473037,686,175,139
beta_high,0.07,10.0,0.25,8.28835025931244,685,176,139
beta_high,0.07,10.0,0.25,8.29529734961971,684,177,139
beta_high,0.07,10.0,0.25,8.311509423190497,684,176,140
beta_high,0.07,10.0,0.25,8.31851583986648,683,177,140
beta_high,0.07,10.0,0.25,8.319867560802143,682,178,140
beta_high,0.07,10.0,0.25,8.328712554113126,681,179,140
beta_high,0.07,10.0,0.25,8.334939490622146,681,178,141
beta_high,0.07,10.0,0.25,8.339656415833765,681,177,142
beta_high,0.07,10.0,0.25,8.341811622647814,680,178,142
beta_high,0.07,10.0,0.25,8.342184980814869,679,179,142
beta_high,0.07,10.0,0.25,8.347432135784048,678,180,142
beta_high,0.07,10.0,0.25,8.355907590251233,677,181,142
beta_high,0.07,10.0,0.25,8.382181072348493,677,180,143
beta_high,0.07,10.0,0.25,8.383510526821365,676,181,143
beta_high,0.07,10.0,0.25,8.397523401439571,676,180,144
beta_high,0.07,10.0,0.25,8.400028589150939,675,181,144
beta_high,0.07,10.0,0.25,8.4001693245109,674,182,144
beta_high,0.07,10.0,0.25,8.401380641607654,674,181,145
beta_high,0.07,10.0,0.25,8.402617724803205,673,182,145
beta_high,0.07,10.0,0.25,8.404455570361922,673,181,146
beta_high,0.07,10.0,0.25,8.407136434200607,673,180,147
beta_high,0.07,10.0,0.25,8.4088508966179,673,179,148
beta_high,0.07,10.0,0.25,8.410847444487077,672,180,148
beta_high,0.07,10.0,0.25,8.412965706115799,672,179,149
beta_high,0.07,10.0,0.25,8.414678654187218,671,180,149
beta_high,0.07,10.0,0.25,8.418513397401199,670,181,149
beta_high,0.07,10.0,0.25,8.426676538644895,670,180,150
beta_high,0.07,10.0,0.25,8.4275289754847,669,181,150
beta_high,0.07,10.0,0.25,8.432541386092327,668,182,150
beta_high,0.07,10.0,0.25,8.439556795322858,668,181,151
beta_high,0.07,10.0,0.25,8.471794394461373,668,180,152
beta_high,0.07,10.0,0.25,8.47293387359037,667,181,152
beta_high,0.07,10.0,0.25,8.49210828654477,666,182,152
beta_high,0.07,10.0,0.25,8.492346075703242,666,181,153
beta_high,0.07,10.0,0.25,8.49900623775569,665,182,153
beta_high,0.07,10.0,0.25,8.511833967160486,664,183,153
beta_high,0.07,10.0,0.25,8.513931342875116,664,182,154
beta_high,0.07,10.0,0.25,8.514772842459463,664,181,155
beta_high,0.07,10.0,0.25,8.518890744216716,664,180,156
beta_high,0.07,10.0,0.25,8.531645060630263,663,181,156
beta_high,0.07,10.0,0.25,8.536772446706388,663,180,157
beta_high,0.07,10.0,0.25,8.537228467047095,662,181,157
beta_high,0.07,10.0,0.25,8.540302095583096,662,180,158
beta_high,0.07,10.0,0.25,8.544344259504278,662,179,159
beta_high,0.07,10.0,0.25,8.549266154101574,661,180,159
beta_high,0.07,10.0,0.25,8.572489645903678,661,179,160
beta_high,0.07,10.0,0.25,8.572628968266379,660,180,160
beta_high,0.07,10.0,0.25,8.57285212030039,660,179,161
beta_high,0.07,10.0,0.25,8.573477993199866,660,178,162
beta_high,0.07,10.0,0.25,8.576363713696395,659,179,162
beta_high,0.07,10.0,0.25,8.578522657408683,659,178,163
beta_high,0.07,10.0,0.25,8.589468934833581,658,179,163
beta_high,0.07,10.0,0.25,8.590164177976504,658,178,164
beta_high,0.07,10.0,0.25,8.595899213323188,657,179,164
beta_high,0.07,10.0,0.25,8.62214454384626,656,180,164
beta_high,0.07,10.0,0.25,8.622819169878758,656,179,165
beta_high,0.07,10.0,0.25,8.646355599696061,656,178,166
beta_high,0.07,10.0,0.25,8.678649309029153,655,179,166
beta_high,0.07,10.0,0.25,8.685000069896137,654,180,166
beta_high,0.07,10.0,0.25,8.689666115873312,653,181,166
beta_high,0.07,10.0,0.25,8.691815330607188,653,180,167
beta_high,0.07,10.0,0.25,8.694170651399677,652,181,167
beta_high,0.07,10.0,0.25,8.70080837056827,651,182,167
beta_high,0.07,10.0,0.25,8.700922653840621,651,181,168
beta_high,0.07,10.0,0.25,8.712323956369103,651,180,169
beta_high,0.07,10.0,0.25,8.71429596736265,651,179,170
beta_high,0.07,10.0,0.25,8.721231272543358,651,178,171
beta_high,0.07,10.0,0.25,8.724865934622553,651,177,172
beta_high,0.07,10.0,0.25,8.731176334902427,651,176,173
beta_high,0.07,10.0,0.25,8.743924900771228,651,175,174
beta_high,0.07,10.0,0.25,8.745363145945007,650,176,174
beta_high,0.07,10.0,0.25,8.745846642313428,650,175,175
beta_high,0.07,10.0,0.25,8.753676377051729,649,176,175
beta_high,0.07,10.0,0.25,8.77310900202793,649,175,176
beta_high,0.07,10.0,0.25,8.773585435847886,649,174,177
beta_high,0.07,10.0,0.25,8.793315559812903,649,173,178
beta_high,0.07,10.0,0.25,8.81788950372508,648,174,178
beta_high,0.07,10.0,0.25,8.821409384768971,647,175,178
beta_high,0.07,10.0,0.25,8.827278860352912,647,174,179
beta_high,0.07,10.0,0.25,8.849359362883625,646,175,179
beta_high,0.07,10.0,0.25,8.850310621592172,645,176,179
beta_high,0.07,10.0,0.25,8.853363289737002,644,177,179
beta_high,0.07,10.0,0.25,8.861355085210525,644,176,180
beta_high,0.07,10.0,0.25,8.875221063151926,644,175,181
beta_high,0.07,10.0,0.25,8.881567530527068,643,176,181
beta_high,0.07,10.0,0.25,8.885689498832804,642,177,181
beta_high,0.07,10.0,0.25,8.886993870424323,641,178,181
beta_high,0.07,10.0,0.25,8.888099092195791,641,177,182
beta_high,0.07,10.0,0.25,8.905168203488156,641,176,183
beta_high,0.07,10.0,0.25,8.924064851793174,640,177,183
beta_high,0.07,10.0,0.25,8.931131128580681,639,178,183
beta_high,0.07,10.0,0.25,8.945131748927286,638,179,183
beta_high,0.07,10.0,0.25,8.952028264001486,638,178,184
beta_high,0.07,10.0,0.25,8.952553452848619,638,177,185
beta_high,0.07,10.0,0.25,8.95621526875588,637,178,185
beta_high,0.07,10.0,0.25,8.956593458150063,637,177,186
beta_high,0.07,10.0,0.25,8.96033787885108,637,176,187
beta_high,0.07,10.0,0.25,8.9709285263118,637,175,188
beta_high,0.07,10.0,0.25,8.976928497453368,637,174,189
beta_high,0.07,10.0,0.25,8.983040515259543,637,173,190
beta_high,0.07,10.0,0.25,8.995142103705092,636,174,190
beta_high,0.07,10.0,0.25,9.004156855280401,636,173,191
beta_high,0.07,10.0,0.25,9.016377999124423,636,172,192
beta_high,0.07,10.0,0.25,9.01925597733977,635,173,192
beta_high,0.07,10.0,0.25,9.02042069983555,635,172,193
beta_high,0.07,10.0,0.25,9.02642731665251,634,173,193
beta_high,0.07,10.0,0.25,9.030024058602955,633,174,193
beta_high,0.07,10.0,0.25,9.042333616650042,633,173,194
beta_high,0.07,10.0,0.25,9.043893977243451,632,174,194
beta_high,0.07,10.0,0.25,9.072579315202526,631,175,194
beta_high,0.07,10.0,0.25,9.07805092399596,630,176,194
beta_high,0.07,10.0,0.25,9.07983898185375,629,177,194
beta_high,0.07,10.0,0.25,9.08461007924553,629,176,195
beta_high,0.07,10.0,0.25,9.084685881317768,628,177,195
beta_high,0.07,10.0,0.25,9.090662914427712,628,176,196
beta_high,0.07,10.0,0.25,9.098929024456158,627,177,196
beta_high,0.07,10.0,0.25,9.109275106566303,626,178,196
beta_high,0.07,10.0,0.25,9.110759514110171,625,179,196
beta_high,0.07,10.0,0.25,9.112687992794289,624,180,196
beta_high,0.07,10.0,0.25,9.112962320081973,623,181,196
beta_high,0.07,10.0,0.25,9.115377171887559,623,180,197
beta_high,0.07,10.0,0.25,9.116807067368123,623,179,198
beta_high,0.07,10.0,0.25,9.117446552505061,623,178,199
beta_high,0.07,10.0,0.25,9.125190834297332,622,179,199
beta_high,0.07,10.0,0.25,9.13671658888846,622,178,200
beta_high,0.07,10.0,0.25,9.146130574845646,621,179,200
beta_high,0.07,10.0,0.25,9.164178176671003,621,178,201
beta_high,0.07,10.0,0.25,9.166420653364243,620,179,201
beta_high,0.07,10.0,0.25,9.174267990744479,619,180,201
beta_high,0.07,10.0,0.25,9.174655602751313,618,181,201
beta_high,0.07,10.0,0.25,9.175089316715239,618,180,202
beta_high,0.07,10.0,0.25,9.182403123462601,618,179,203
beta_high,0.07,10.0,0.25,9.193746674240074,618,178,204
beta_high,0.07,10.0,0.25,9.196625536439516,617,179,204
beta_high,0.07,10.0,0.25,9.201331107688631,616,180,204
beta_high,0.07,10.0,0.25,9.201795407143537,615,181,204
beta_high,0.07,10.0,0.25,9.217338975468317,614,182,204
beta_high,0.07,10.0,0.25,9.229224745468828,613,183,204
beta_high,0.07,10.0,0.25,9.235078025159913,613,182,205
beta_high,0.07,10.0,0.25,9.24717891730582,612,183,205
beta_high,0.07,10.0,0.25,9.247279754406241,611,184,205
beta_high,0.07,10.0,0.25,9.249082027588518,611,183,206
beta_high,0.07,10.0,0.25,9.254581798993705,611,182,207
beta_high,0.07,10.0,0.25,9.255715276345734,610,183,207
beta_high,0.07,10.0,0.25,9.25845440953496,610,182,208
beta_high,0.07,10.0,0.25,9.260786302288297,609,183,208
beta_high,0.07,10.0,0.25,9.261627369821362,608,184,208
beta_high,0.07,10.0,0.25,9.273200514166113,607,185,208
beta_high,0.07,10.0,0.25,9.27358669439401,607,184,209
beta_high,0.07,10.0,0.25,9.277284556793965,607,183,210
beta_high,0.07,10.0,0.25,9.289444010398372,606,184,210
beta_high,0.07,10.0,0.25,9.290404372476006,605,185,210
beta_high,0.07,10.0,0.25,9.297926095600172,604,186,210
beta_high,0.07,10.0,0.25,9.30931830397931,603,187,210
beta_high,0.07,10.0,0.25,9.33505980163304,602,188,210
beta_high,0.07,10.0,0.25,9.337783781435483,601,189,210
beta_high,0.07,10.0,0.25,9.338937421375705,601,188,211
beta_high,0.07,10.0,0.25,9.341808247673786,600,189,211
beta_high,0.07,10.0,0.25,9.345657071940673,599,190,211
beta_high,0.07,10.0,0.25,9.348284388763231,598,191,211
beta_high,0.07,10.0,0.25,9.360481112510719,598,190,212
beta_high,0.07,10.0,0.25,9.367717983637686,597,191,212
beta_high,0.07,10.0,0.25,9.368914246163962,596,192,212
beta_high,0.07,10.0,0.25,9.379595282254568,595,193,212
beta_high,0.07,10.0,0.25,9.382582670482972,594,194,212
beta_high,0.07,10.0,0.25,9.390831325532892,593,195,212
beta_high,0.07,10.0,0.25,9.392413346516282,593,194,213
beta_high,0.07,10.0,0.25,9.395579923481344,592,195,213
beta_high,0.07,10.0,0.25,9.396809688572228,591,196,213
beta_high,0.07,10.0,0.25,9.400264645981235,591,195,214
beta_high,0.07,10.0,0.25,9.406649505666572,591,194,215
beta_high,0.07,10.0,0.25,9.412189048244443,590,195,215
beta_high,0.07,10.0,0.25,9.41324576900836,590,194,216
beta_high,0.07,10.0,0.25,9.415623999115578,590,193,217
beta_high,0.07,10.0,0.25,9.417246946781752,589,194,217
beta_high,0.07,10.0,0.25,9.418215470080968,589,193,218
beta_high,0.07,10.0,0.25,9.420234012530836,588,194,218
beta_high,0.07,10.0,0.25,9.423693914007073,587,195,218
beta_high,0.07,10.0,0.25,9.426270499751883,587,194,219
beta_high,0.07,10.0,0.25,9.42884366972958,587,193,220
beta_high,0.07,10.0,0.25,9.433858403847761,587,192,221
beta_high,0.07,10.0,0.25,9.437645142247879,586,193,221
beta_high,0.07,10.0,0.25,9.445363495957128,585,194,221
beta_high,0.07,10.0,0.25,9.451749430780088,585,193,222
beta_high,0.07,10.0,0.25,9.45670473219976,584,194,222
beta_high,0.07,10.0,0.25,9.464784833208109,583,195,222
beta_high,0.07,10.0,0.25,9.486032993733476,582,196,222
beta_high,0.07,10.0,0.25,9.535520613186906,581,197,222
beta_high,0.07,10.0,0.25,9.537267091952197,581,196,223
beta_high,0.07,10.0,0.25,9.538656582774196,580,197,223
beta_high,0.07,10.0,0.25,9.540408513753002,580,196,224
beta_high,0.07,10.0,0.25,9.54078374514528,580,195,225
beta_high,0.07,10.0,0.25,9.54674377739838,579,196,225
beta_high,0.07,10.0,0.25,9.554154065338375,578,197,225
beta_high,0.07,10.0,0.25,9.555470942623085,577,198,225
beta_high,0.07,10.0,0.25,9.555797168106839,576,199,225
beta_high,0.07,10.0,0.25,9.561779418115275,575,200,225
beta_high,0.07,10.0,0.25,9.575088201629514,574,201,225
beta_high,0.07,10.0,0.25,9.578787651976926,574,200,226
beta_high,0.07,10.0,0.25,9.581964410536285,573,201,226
beta_high,0.07,10.0,0.25,9.590798171335145,573,200,227
beta_high,0.07,10.0,0.25,9.593476156430969,573,199,228
beta_high,0.07,10.0,0.25,9.596013127623564,573,198,229
beta_high,0.07,10.0,0.25,9.600129868612214,573,197,230
beta_high,0.07,10.0,0.25,9.6103911806265,572,198,230
beta_high,0.07,10.0,0.25,9.626121681527064,571,199,230
beta_high,0.07,10.0,0.25,9.633439585200374,570,200,230
beta_high,0.07,10.0,0.25,9.641175262984305,569,201,230
beta_high,0.07,10.0,0.25,9.641393428394398,569,200,231
beta_high,0.07,10.0,0.25,9.641680249366033,568,201,231
beta_high,0.07,10.0,0.25,9.643430792269521,567,202,231
beta_high,0.07,10.0,0.25,9.64349724877808,567,201,232
beta_high,0.07,10.0,0.25,9.648544431028016,566,202,232
beta_high,0.07,10.0,0.25,9.651241663396206,565,203,232
beta_high,0.07,10.0,0.25,9.669498419875685,565,202,233
beta_high,0.07,10.0,0.25,9.677527457850797,565,201,234
beta_high,0.07,10.0,0.25,9.684551805381478,565,200,235
beta_high,0.07,10.0,0.25,9.685008320180694,565,199,236
beta_high,0.07,10.0,0.25,9.687424636891262,564,200,236
beta_high,0.07,10.0,0.25,9.690604781495953,564,199,237
beta_high,0.07,10.0,0.25,9.714231098297919,563,200,237
beta_high,0.07,10.0,0.25,9.716828879975452,563,199,238
beta_high,0.07,10.0,0.25,9.735843016398563,562,200,238
beta_high,0.07,10.0,0.25,9.754156517393374,561,201,238
beta_high,0.07,10.0,0.25,9.754199523762097,561,200,239
beta_high,0.07,10.0,0.25,9.758927111037515,560,201,239
beta_high,0.07,10.0,0.25,9.781819564331531,559,202,239
beta_high,0.07,10.0,0.25,9.794646089066912,558,203,239
beta_high,0.07,10.0,0.25,9.796523130746698,557,204,239
beta_high,0.07,10.0,0.25,9.797238750441773,556,205,239
beta_high,0.07,10.0,0.25,9.8011162229395,556,204,240
beta_high,0.07,10.0,0.25,9.810437363525704,555,205,240
beta_high,0.07,10.0,0.25,9.811682073197826,554,206,240
beta_high,0.07,10.0,0.25,9.817954702008766,553,207,240
beta_high,0.07,10.0,0.25,9.82490069172729,552,208,240
beta_high,0.07,10.0,0.25,9.829464967093596,552,207,241
beta_high,0.07,10.0,0.25,9.830056216499756,552,206,242
beta_high,0.07,10.0,0.25,9.83403975089852,552,205,243
beta_high,0.07,10.0,0.25,9.835405502066479,552,204,244
beta_high,0.07,10.0,0.25,9.851820663102009,551,205,244
beta_high,0.07,10.0,0.25,9.854520699600329,550,206,244
beta_high,0.07,10.0,0.25,9.86271266254167,549,207,244
beta_high,0.07,10.0,0.25,9.864805476907689,548,208,244
beta_high,0.07,10.0,0.25,9.868175351556598,547,209,244
beta_high,0.07,10.0,0.25,9.877190266684682,547,208,245
beta_high,0.07,10.0,0.25,9.880881937695026,547,207,246
beta_high,0.07,10.0,0.25,9.882297877254247,546,208,246
beta_high,0.07,10.0,0.25,9.884315203194191,546,207,247
beta_high,0.07,10.0,0.25,9.887781068627355,545,208,247
beta_high,0.07,10.0,0.25,9.89349319917776,545,207,248
beta_high,0.07,10.0,0.25,9.89550829606295,544,208,248
beta_high,0.07,10.0,0.25,9.902321608454274,544,207,249
beta_high,0.07,10.0,0.25,9.912898628493469,544,206,250
beta_high,0.07,10.0,0.25,9.92271646624223,543,207,250
beta_high,0.07,10.0,0.25,9.922811470287423,543,206,251
beta_high,0.07,10.0,0.25,9.956508108044368,542,207,251
beta_high,0.07,10.0,0.25,9.960970017650013,541,208,251
beta_high,0.07,10.0,0.25,9.96234419010437,540,209,251
beta_high,0.07,10.0,0.25,9.963071771648329,540,208,252
beta_high,0.07,10.0,0.25,9.984980581805473,539,209,252
beta_high,0.07,10.0,0.25,9.989496265048544,538,210,252
beta_high,0.07,10.0,0.25,10.00186680288838,537,211,252
beta_high,0.07,10.0,0.25,10.004478750791368,537,210,253
beta_high,0.07,10.0,0.25,10.009185698367162,536,211,253
beta_high,0.07,10.0,0.25,10.012285022112659,535,212,253
beta_high,0.07,10.0,0.25,10.034350774150127,535,211,254
beta_high,0.07,10.0,0.25,10.045397884256875,535,210,255
beta_high,0.07,10.0,0.25,10.046927516675048,534,211,255
beta_high,0.07,10.0,0.25,10.050166745779222,533,212,255
beta_high,0.07,10.0,0.25,10.051667648054561,532,213,255
beta_high,0.07,10.0,0.25,10.06053895839683,532,212,256
beta_high,0.07,10.0,0.25,10.077580526331479,531,213,256
beta_high,0.07,10.0,0.25,10.082623409148123,531,212,257
beta_high,0.07,10.0,0.25,10.085391251799392,530,213,257
beta_high,0.07,10.0,0.25,10.085796274344219,530,212,258
beta_high,0.07,10.0,0.25,10.093588549383892,530,211,259
beta_high,0.07,10.0,0.25,10.09629803616226,529,212,259
beta_high,0.07,10.0,0.25,10.116967569076401,529,211,260
beta_high,0.07,10.0,0.25,10.126019846490692,529,210,261
beta_high,0.07,10.0,0.25,10.126676719794116,529,209,262
beta_high,0.07,10.0,0.25,10.15107647962472,528,210,262
beta_high,0.07,10.0,0.25,10.155146125002396,527,211,262
beta_high,0.07,10.0,0.25,10.16759648436934,526,212,262
beta_high,0.07,10.0,0.25,10.178773022110036,525,213,262
beta_high,0.07,10.0,0.25,10.189856971281605,524,214,262
beta_high,0.07,10.0,0.25,10.217417873138773,524,213,263
beta_high,0.07,10.0,0.25,10.232868898441794,524,212,264
beta_high,0.07,10.0,0.25,10.233895478471677,524,211,265
beta_high,0.07,10.0,0.25,10.236886063736863,523,212,265
beta_high,0.07,10.0,0.25,10.253841651502032,522,213,265
beta_high,0.07,10.0,0.25,10.256835892427828,522,212,266
beta_high,0.07,10.0,0.25,10.275646733590643,522,211,267
beta_high,0.07,10.0,0.25,10.282515079726055,522,210,268
beta_high,0.07,10.0,0.25,10.295303783713726,521,211,268
beta_high,0.07,10.0,0.25,10.301905570316487,520,212,268
beta_high,0.07,10.0,0.25,10.30467324396401,520,211,269
beta_high,0.07,10.0,0.25,10.31776750367807,520,210,270
beta_high,0.07,10.0,0.25,10.323484094474153,520,209,271
beta_high,0.07,10.0,0.25,10.32712087336433,520,208,272
beta_high,0.07,10.0,0.25,10.335679811422967,519,209,272
beta_high,0.07,10.0,0.25,10.352101460888878,519,208,273
beta_high,0.07,10.0,0.25,10.366329672279438,518,209,273
beta_high,0.07,10.0,0.25,10.37815191078344,517,210,273
beta_high,0.07,10.0,0.25,10.387152186610166,517,209,274
beta_high,0.07,10.0,0.25,10.402597642565405,516,210,274
beta_high,0.07,10.0,0.25,10.410749703603505,516,209,275
beta_high,0.07,10.0,0.25,10.416341009697527,515,210,275
beta_high,0.07,10.0,0.25,10.419298461987088,515,209,276
beta_high,0.07,10.0,0.25,10.435157404448857,515,208,277
beta_high,0.07,10.0,0.25,10.440854481460342,514,209,277
beta_high,0.07,10.0,0.25,10.470201315817443,513,210,277
beta_high,0.07,10.0,0.25,10.472111164431421,513,209,278
beta_high,0.07,10.0,0.25,10.489761992750337,513,208,279
beta_high,0.07,10.0,0.25,10.490052767719423,512,209,279
beta_high,0.07,10.0,0.25,10.499879138627458,512,208,280
beta_high,0.07,10.0,0.25,10.501746069429316,511,209,280
beta_high,0.07,10.0,0.25,10.505526868800954,510,210,280
beta_high,0.07,10.0,0.25,10.50746862422554,509,211,280
beta_high,0.07,10.0,0.25,10.510791268805182,509,210,281
beta_high,0.07,10.0,0.25,10.517338454125479,509,209,282
beta_high,0.07,10.0,0.25,10.520012262067809,508,210,282
beta_high,0.07,10.0,0.25,10.522131130930726,507,211,282
beta_high,0.07,10.0,0.25,10.535945433243374,507,210,283
beta_high,0.07,10.0,0.25,10.57775564776442,507,209,284
beta_high,0.07,10.0,0.25,10.578419451577089,506,210,284
beta_high,0.07,10.0,0.25,10.589122768372997,505,211,284
beta_high,0.07,10.0,0.25,10.602077301502012,504,212,284
beta_high,0.07,10.0,0.25,10.6037831653702,504,211,285
beta_high,0.07,10.0,0.25,10.625436703033179,504,210,286
beta_high,0.07,10.0,0.25,10.657935644925193,504,209,287
beta_high,0.07,10.0,0.25,10.6612859743778,504,208,288
beta_high,0.07,10.0,0.25,10.683282757303132,503,209,288
beta_high,0.07,10.0,0.25,10.736753090466546,502,210,288
beta_high,0.07,10.0,0.25,10.763144433960624,501,211,288
beta_high,0.07,10.0,0.25,10.772978739577503,501,210,289
beta_high,0.07,10.0,0.25,10.781341192348583,500,211,289
beta_high,0.07,10.0,0.25,10.782055968577014,500,210,290
beta_high,0.07,10.0,0.25,10.78544064959954,500,209,291
beta_high,0.07,10.0,0.25,10.786654291027533,499,210,291
beta_high,0.07,10.0,0.25,10.790867277778172,498,211,291
beta_high,0.07,10.0,0.25,10.791657727275865,497,212,291
beta_high,0.07,10.0,0.25,10.797400661065778,497,211,292
beta_high,0.07,10.0,0.25,10.801603382697385,497,210,293
beta_high,0.07,10.0,0.25,10.803297002666833,496,211,293
beta_high,0.07,10.0,0.25,10.809043745688957,495,212,293
beta_high,0.07,10.0,0.25,10.822298291120653,495,211,294
beta_high,0.07,10.0,0.25,10.826539782261442,494,212,294
beta_high,0.07,10.0,0.25,10.846801677586331,493,213,294
beta_high,0.07,10.0,0.25,10.854081635498774,492,214,294
beta_high,0.07,10.0,0.25,10.862401903808646,492,213,295
beta_high,0.07,10.0,0.25,10.868079319638149,491,214,295
beta_high,0.07,10.0,0.25,10.873672910782977,491,213,296
beta_high,0.07,10.0,0.25,10.878156481746961,491,212,297
beta_high,0.07,10.0,0.25,10.879259380793712,490,213,297
beta_high,0.07,10.0,0.25,10.881256367413673,489,214,297
beta_high,0.07,10.0,0.25,10.906286346902036,488,215,297
beta_high,0.07,10.0,0.25,10.911376760683169,487,216,297
beta_high,0.07,10.0,0.25,10.911563646726817,486,217,297
beta_high,0.07,10.0,0.25,10.918577996566942,486,216,298
beta_high,0.07,10.0,0.25,10.919122525350957,485,217,298
beta_high,0.07,10.0,0.25,10.921967288192684,484,218,298
beta_high,0.07,10.0,0.25,10.926656417202752,484,217,299
beta_high,0.07,10.0,0.25,10.936410425580451,483,218,299
beta_high,0.07,10.0,0.25,10.939755656739765,483,217,300
beta_high,0.07,10.0,0.25,10.94080201175046,483,216,301
beta_high,0.07,10.0,0.25,10.94624385383499,483,215,302
beta_high,0.07,10.0,0.25,10.958427217920677,483,214,303
beta_high,0.07,10.0,0.25,10.965000815483464,482,215,303
beta_high,0.07,10.0,0.25,10.977737634404026,481,216,303
beta_high,0.07,10.0,0.25,10.993080846810425,480,217,303
beta_high,0.07,10.0,0.25,10.994890390937302,480,216,304
beta_high,0.07,10.0,0.25,11.01143868413294,479,217,304
beta_high,0.07,10.0,0.25,11.020734964165614,478,218,304
beta_high,0.07,10.0,0.25,11.028517341635302,478,217,305
beta_high,0.07,10.0,0.25,11.036619224914473,477,218,305
beta_high,0.07,10.0,0.25,11.03875238458684,477,217,306
beta_high,0.07,10.0,0.25,11.055211707455783,476,218,306
beta_high,0.07,10.0,0.25,11.059489142976114,476,217,307
beta_high,0.07,10.0,0.25,11.06193239537796,475,218,307
beta_high,0.07,10.0,0.25,11.06648900898141,475,217,308
beta_high,0.07,10.0,0.25,11.067740980110043,474,218,308
beta_high,0.07,10.0,0.25,11.068573030057388,474,217,309
beta_high,0.07,10.0,0.25,11.072611129756686,474,216,310
beta_high,0.07,10.0,0.25,11.07321889769726,473,217,310
beta_high,0.07,10.0,0.25,11.079206014431064,472,218,310
beta_high,0.07,10.0,0.25,11.111986989203835,472,217,311
beta_high,0.07,10.0,0.25,11.112076819812055,472,216,312
beta_high,0.07,10.0,0.25,11.123935490520905,471,217,312
beta_high,0.07,10.0,0.25,11.137305468657557,470,218,312
beta_high,0.07,10.0,0.25,11.141892034742817,470,217,313
beta_high,0.07,10.0,0.25,11.14936066115954,470,216,314
beta_high,0.07,10.0,0.25,11.155408247196874,470,215,315
beta_high,0.07,10.0,0.25,11.163096661274798,469,216,315
beta_high,0.07,10.0,0.25,11.168353311201361,468,217,315
beta_high,0.07,10.0,0.25,11.169619586870974,467,218,315
beta_high,0.07,10.0,0.25,11.183630853146,467,217,316
beta_high,0.07,10.0,0.25,11.185719660940148,466,218,316
beta_high,0.07,10.0,0.25,11.196376876133144,465,219,316
beta_high,0.07,10.0,0.25,11.198360526155847,464,220,316
beta_high,0.07,10.0,0.25,11.205691177936055,463,221,316
beta_high,0.07,10.0,0.25,11.221469648000626,462,222,316
beta_high,0.07,10.0,0.25,11.23230552887303,461,223,316
beta_high,0.07,10.0,0.25,11.238040969290342,460,224,316
beta_high,0.07,10.0,0.25,11.240594860331885,460,223,317
beta_high,0.07,10.0,0.25,11.247690968286594,460,222,318
beta_high,0.07,10.0,0.25,11.256779998166923,460,221,319
beta_high,0.07,10.0,0.25,11.26306371853518,459,222,319
beta_high,0.07,10.0,0.25,11.26418608541685,458,223,319
beta_high,0.07,10.0,0.25,11.26945715294318,457,224,319
beta_high,0.07,10.0,0.25,11.27549736554578,457,223,320
beta_high,0.07,10.0,0.25,11.27600040949276,456,224,320
beta_high,0.07,10.0,0.25,11.277576181053671,456,223,321
beta_high,0.07,10.0,0.25,11.279816877423864,455,224,321
beta_high,0.07,10.0,0.25,11.281606578020448,455,223,322
beta_high,0.07,10.0,0.25,11.288159411605156,454,224,322
beta_high,0.07,10.0,0.25,11.29415613817197,454,223,323
beta_high,0.07,10.0,0.25,11.301483059507127,453,224,323
beta_high,0.07,10.0,0.25,11.303131020918888,452,225,323
beta_high,0.07,10.0,0.25,11.323245664261737,451,226,323
beta_high,0.07,10.0,0.25,11.324350113007457,451,225,324
beta_high,0.07,10.0,0.25,11.327609597158807,450,226,324
beta_high,0.07,10.0,0.25,11.329150837447067,449,227,324
beta_high,0.07,10.0,0.25,11.338305556673845,449,226,325
beta_high,0.07,10.0,0.25,11.339831183745451,449,225,326
beta_high,0.07,10.0,0.25,11.350407036482428,449,224,327
beta_high,0.07,10.0,0.25,11.358049656758823,448,225,327
beta_high,0.07,10.0,0.25,11.366921109246773,448,224,328
beta_high,0.07,10.0,0.25,11.379688144866416,447,225,328
beta_high,0.07,10.0,0.25,11.382557413259246,447,224,329
beta_high,0.07,10.0,0.25,11.393546158786512,446,225,329
beta_high,0.07,10.0,0.25,11.40395086997675,446,224,330
beta_high,0.07,10.0,0.25,11.407013947684435,445,225,330
beta_high,0.07,10.0,0.25,11.419328072187767,444,226,330
beta_high,0.07,10.0,0.25,11.420920253777311,444,225,331
beta_high,0.07,10.0,0.25,11.42815070111109,443,226,331
beta_high,0.07,10.0,0.25,11.430278274459974,442,227,331
beta_high,0.07,10.0,0.25,11.435410703775286,441,228,331
beta_high,0.07,10.0,0.25,11.443706520450895,440,229,331
beta_high,0.07,10.0,0.25,11.443914790763579,440,228,332
beta_high,0.07,10.0,0.25,11.446065507589548,439,229,332
beta_high,0.07,10.0,0.25,11.447435174591318,439,228,333
beta_high,0.07,10.0,0.25,11.452681169537934,438,229,333
beta_high,0.07,10.0,0.25,11.472948783646912,437,230,333
beta_high,0.07,10.0,0.25,11.473735963022554,436,231,333
beta_high,0.07,10.0,0.25,11.494153729097373,435,232,333
beta_high,0.07,10.0,0.25,11.495388679749801,434,233,333
beta_high,0.07,10.0,0.25,11.49689691168858,433,234,333
beta_high,0.07,10.0,0.25,11.506894332764237,433,233,334
beta_high,0.07,10.0,0.25,11.51639796844924,432,234,334
beta_high,0.07,10.0,0.25,11.522822073822038,431,235,334
beta_high,0.07,10.0,0.25,11.52689541585814,430,236,334
beta_high,0.07,10.0,0.25,11.535434593275,429,237,334
beta_high,0.07,10.0,0.25,11.536366251780194,428,238,334
beta_high,0.07,10.0,0.25,11.53642292501235,428,237,335
beta_high,0.07,10.0,0.25,11.555222767480481,427,238,335
beta_high,0.07,10.0,0.25,11.560073339896093,426,239,335
beta_high,0.07,10.0,0.25,11.566751833191129,425,240,335
beta_high,0.07,10.0,0.25,11.57664938622732,424,241,335
beta_high,0.07,10.0,0.25,11.57778363518039,423,242,335
beta_high,0.07,10.0,0.25,11.598060505793631,423,241,336
beta_high,0.07,10.0,0.25,11.598588607726686,422,242,336
beta_high,0.07,10.0,0.25,11.605388430456257,421,243,336
beta_high,0.07,10.0,0.25,11.608216490881665,420,244,336
beta_high,0.07,10.0,0.25,11.612274058887294,419,245,336
beta_high,0.07,10.0,0.25,11.612971479286179,419,244,337
beta_high,0.07,10.0,0.25,11.613438699948624,419,243,338
beta_high,0.07,10.0,0.25,11.614246994288129,419,242,339
beta_high,0.07,10.0,0.25,11.617029633498792,418,243,339
beta_high,0.07,10.0,0.25,11.618167484072004,418,242,340
beta_high,0.07,10.0,0.25,11.621390297318996,417,243,340
beta_high,0.07,10.0,0.25,11.622555988425884,417,242,341
beta_high,0.07,10.0,0.25,11.626550172974486,416,243,341
beta_high,0.07,10.0,0.25,11.62710121377815,415,244,341
beta_high,0.07,10.0,0.25,11.628953493826343,414,245,341
beta_high,0.07,10.0,0.25,11.633186973743477,413,246,341
beta_high,0.07,10.0,0.25,11.635661982940785,412,247,341
beta_high,0.07,10.0,0.25,11.636218064903586,411,248,341
beta_high,0.07,10.0,0.25,11.654409586752438,411,247,342
beta_high,0.07,10.0,0.25,11.675271845859337,411,246,343
beta_high,0.07,10.0,0.25,11.677708427050945,411,245,344
beta_high,0.07,10.0,0.25,11.686540892351442,410,246,344
beta_high,0.07,10.0,0.25,11.692578723024939,410,245,345
beta_high,0.07,10.0,0.25,11.694936577543269,409,246,345
beta_high,0.07,10.0,0.25,11.70105232169627,409,245,346
beta_high,0.07,10.0,0.25,11.704006765291386,409,244,347
beta_high,0.07,10.0,0.25,11.714926837245905,408,245,347
beta_high,0.07,10.0,0.25,11.720047388312695,408,244,348
beta_high,0.07,10.0,0.25,11.730376363424627,407,245,348
beta_high,0.07,10.0,0.25,11.741688164399415,406,246,348
beta_high,0.07,10.0,0.25,11.750716897682302,406,245,349
beta_high,0.07,10.0,0.25,11.772440346521076,405,246,349
beta_high,0.07,10.0,0.25,11.77369180204066,405,245,350
beta_high,0.07,10.0,0.25,11.775228858722038,404,246,350
beta_high,0.07,10.0,0.25,11.778059030960737,403,247,350
beta_high,0.07,10.0,0.25,11.78331419342272,402,248,350
beta_high,0.07,10.0,0.25,11.80195374920935,401,249,350
beta_high,0.07,10.0,0.25,11.8021233288047,401,248,351
beta_high,0.07,10.0,0.25,11.80625109938483,401,247,352
beta_high,0.07,10.0,0.25,11.817455081731621,401,246,353
beta_high,0.07,10.0,0.25,11.819371734822939,400,247,353
beta_high,0.07,10.0,0.25,11.827835818585367,399,248,353
beta_high,0.07,10.0,0.25,11.828683393479714,399,247,354
beta_high,0.07,10.0,0.25,11.843746926211214,399,246,355
beta_high,0.07,10.0,0.25,11.858849524490045,398,247,355
beta_high,0.07,10.0,0.25,11.867987220288567,397,248,355
beta_high,0.07,10.0,0.25,11.868532026814595,396,249,355
beta_high,0.07,10.0,0.25,11.88470594042338,395,250,355
beta_high,0.07,10.0,0.25,11.894753509798296,395,249,356
beta_high,0.07,10.0,0.25,11.89828289609518,395,248,357
beta_high,0.07,10.0,0.25,11.89982406532526,394,249,357
beta_high,0.07,10.0,0.25,11.900171606440319,393,250,357
beta_high,0.07,10.0,0.25,11.91504195876575,392,251,357
beta_high,0.07,10.0,0.25,11.916208171486012,392,250,358
beta_high,0.07,10.0,0.25,11.916899831835913,392,249,359
beta_high,0.07,10.0,0.25,11.923826234908304,391,250,359
beta_high,0.07,10.0,0.25,11.924001854886708,390,251,359
beta_high,0.07,10.0,0.25,11.927494412701176,389,252,359
beta_high,0.07,10.0,0.25,11.932911872105128,389,251,360
beta_high,0.07,10.0,0.25,11.940861480279438,388,252,360
beta_high,0.07,10.0,0.25,11.964444681776806,387,253,360
beta_high,0.07,10.0,0.25,11.97072087062416,387,252,361
beta_high,0.07,10.0,0.25,11.972122677191752,386,253,361
beta_high,0.07,10.0,0.25,11.977825035675918,386,252,362
beta_high,0.07,10.0,0.25,11.99029988682855,385,253,362
beta_high,0.07,10.0,0.25,11.995810790781729,385,252,363
beta_high,0.07,10.0,0.25,12.00585491591541,384,253,363
beta_high,0.07,10.0,0.25,12.00811666019173,384,252,364
beta_high,0.07,10.0,0.25,12.076317992848702,383,253,364
beta_high,0.07,10.0,0.25,12.089577164039635,383,252,365
beta_high,0.07,10.0,0.25,12.100691193861131,382,253,365
beta_high,0.07,10.0,0.25,12.111765018401744,381,254,365
beta_high,0.07,10.0,0.25,12.117098294391637,380,255,365
beta_high,0.07,10.0,0.25,12.121731997987691,379,256,365
beta_high,0.07,10.0,0.25,12.124690523491621,378,257,365
beta_high,0.07,10.0,0.25,12.154516683987374,377,258,365
beta_high,0.07,10.0,0.25,12.163648630176638,377,257,366
beta_high,0.07,10.0,0.25,12.169903397684067,376,258,366
beta_high,0.07,10.0,0.25,12.178575685738508,375,259,366
beta_high,0.07,10.0,0.25,12.19082672243219,375,258,367
beta_high,0.07,10.0,0.25,12.192845617464478,374,259,367
beta_high,0.07,10.0,0.25,12.195458066461129,374,258,368
beta_high,0.07,10.0,0.25,12.196834669775015,373,259,368
beta_high,0.07,10.0,0.25,12.206926615114565,372,260,368
beta_high,0.07,10.0,0.25,12.209607872957553,371,261,368
beta_high,0.07,10.0,0.25,12.210720589035986,371,260,369
beta_high,0.07,10.0,0.25,12.219449712561895,370,261,369
beta_high,0.07,10.0,0.25,12.220926935740962,369,262,369
beta_high,0.07,10.0,0.25,12.238930572037292,368,263,369
beta_high,0.07,10.0,0.25,12.248470645141769,367,264,369
beta_high,0.07,10.0,0.25,12.255633096186482,367,263,370
beta_high,0.07,10.0,0.25,12.26649483180333,367,262,371
beta_high,0.07,10.0,0.25,12.285316659608167,366,263,371
beta_high,0.07,10.0,0.25,12.286269438591585,366,262,372
beta_high,0.07,10.0,0.25,12.299932227837138,366,261,373
beta_high,0.07,10.0,0.25,12.315649625666373,365,262,373
beta_high,0.07,10.0,0.25,12.318020119728747,365,261,374
beta_high,0.07,10.0,0.25,12.320344784990432,365,260,375
beta_high,0.07,10.0,0.25,12.324202101253103,365,259,376
beta_high,0.07,10.0,0.25,12.324824786590643,365,258,377
beta_high,0.07,10.0,0.25,12.339246054421658,365,257,378
beta_high,0.07,10.0,0.25,12.37385459824733,364,258,378
beta_high,0.07,10.0,0.25,12.386318698298549,364,257,379
beta_high,0.07,10.0,0.25,12.401627418033893,364,256,380
beta_high,0.07,10.0,0.25,12.410875059128921,364,255,381
beta_high,0.07,10.0,0.25,12.411363226539102,364,254,382
beta_high,0.07,10.0,0.25,12.417889575904926,363,255,382
beta_high,0.07,10.0,0.25,12.424351586692902,362,256,382
beta_high,0.07,10.0,0.25,12.428453359147086,362,255,383
beta_high,0.07,10.0,0.25,12.440533168979815,362,254,384
beta_high,0.07,10.0,0.25,12.471958775641182,361,255,384
beta_high,0.07,10.0,0.25,12.505149578969782,361,254,385
beta_high,0.07,10.0,0.25,12.520888853206976,360,255,385
beta_high,0.07,10.0,0.25,12.523688727389713,360,254,386
beta_high,0.07,10.0,0.25,12.523853260242703,359,255,386
beta_high,0.07,10.0,0.25,12.556388574959804,358,256,386
beta_high,0.07,10.0,0.25,12.55843090195224,357,257,386
beta_high,0.07,10.0,0.25,12.559948218417624,356,258,386
beta_high,0.07,10.0,0.25,12.561036875983053,355,259,386
beta_high,0.07,10.0,0.25,12.564146836681394,355,258,387
beta_high,0.07,10.0,0.25,12.56589945105884,355,257,388
beta_high,0.07,10.0,0.25,12.576465954947821,355,256,389
beta_high,0.07,10.0,0.25,12.589369534779603,355,255,390
beta_high,0.07,10.0,0.25,12.599388034914504,355,254,391
beta_high,0.07,10.0,0.25,12.59962344120303,355,253,392
beta_high,0.07,10.0,0.25,12.599925440032806,355,252,393
beta_high,0.07,10.0,0.25,12.60027263160428,355,251,394
beta_high,0.07,10.0,0.25,12.608616959826664,355,250,395
beta_high,0.07,10.0,0.25,12.621575855868892,354,251,395
beta_high,0.07,10.0,0.25,12.626714219762073,353,252,395
beta_high,0.07,10.0,0.25,12.62675077933276,352,253,395
beta_high,0.07,10.0,0.25,12.632946229433855,352,252,396
beta_high,0.07,10.0,0.25,12.634500933386185,351,253,396
beta_high,0.07,10.0,0.25,12.645622121726026,350,254,396
beta_high,0.07,10.0,0.25,12.654503261814524,349,255,396
beta_high,0.07,10.0,0.25,12.67682826821684,348,256,396
beta_high,0.07,10.0,0.25,12.67793513012805,347,257,396
beta_high,0.07,10.0,0.25,12.68025087917876,346,258,396
beta_high,0.07,10.0,0.25,12.70041509706899,345,259,396
beta_high,0.07,10.0,0.25,12.741943810392215,344,260,396
beta_high,0.07,10.0,0.25,12.745819813366841,344,259,397
beta_high,0.07,10.0,0.25,12.753874366483366,343,260,397
beta_high,0.07,10.0,0.25,12.756096311674362,343,259,398
beta_high,0.07,10.0,0.25,12.765065243354682,343,258,399
beta_high,0.07,10.0,0.25,12.768880584920563,342,259,399
beta_high,0.07,10.0,0.25,12.77135053710609,342,258,400
beta_high,0.07,10.0,0.25,12.78020450222576,342,257,401
beta_high,0.07,10.0,0.25,12.783017719837051,342,256,402
beta_high,0.07,10.0,0.25,12.814279730218683,341,257,402
beta_high,0.07,10.0,0.25,12.824895145366682,340,258,402
beta_high,0.07,10.0,0.25,12.82734498507504,340,257,403
beta_high,0.07,10.0,0.25,12.829404991259597,339,258,403
beta_high,0.07,10.0,0.25,12.834292756685622,339,257,404
beta_high,0.07,10.0,0.25,12.842391339838086,338,258,404
beta_high,0.07,10.0,0.25,12.844027372994253,338,257,405
beta_high,0.07,10.0,0.25,12.851074834985235,337,258,405
beta_high,0.07,10.0,0.25,12.853747568182643,337,257,406
beta_high,0.07,10.0,0.25,12.856844196198184,336,258,406
beta_high,0.07,10.0,0.25,12.868247650425118,335,259,406
beta_high,0.07,10.0,0.25,12.874836235494342,335,258,407
beta_high,0.07,10.0,0.25,12.881996197964295,334,259,407
beta_high,0.07,10.0,0.25,12.902115465578863,334,258,408
beta_high,0.07,10.0,0.25,12.903410099166253,333,259,408
beta_high,0.07,10.0,0.25,12.921710036077732,332,260,408
beta_high,0.07,10.0,0.25,12.93598955923138,332,259,409
beta_high,0.07,10.0,0.25,12.940950660917496,332,258,410
beta_high,0.07,10.0,0.25,12.966338577429298,332,257,411
beta_high,0.07,10.0,0.25,12.968837845641156,331,258,411
beta_high,0.07,10.0,0.25,12.969944536577197,330,259,411
beta_high,0.07,10.0,0.25,12.980096723781397,330,258,412
beta_high,0.07,10.0,0.25,13.003638026758987,329,259,412
beta_high,0.07,10.0,0.25,13.019220822783598,329,258,413
beta_high,0.07,10.0,0.25,13.020850911478554,328,259,413
beta_high,0.07,10.0,0.25,13.044239557449917,328,258,414
beta_high,0.07,10.0,0.25,13.058328606521902,328,257,415
beta_high,0.07,10.0,0.25,13.06124096103541,328,256,416
beta_high,0.07,10.0,0.25,13.083134259594125,328,255,417
beta_high,0.07,10.0,0.25,13.091560919010735,327,256,417
beta_high,0.07,10.0,0.25,13.093944761746256,327,255,418
beta_high,0.07,10.0,0.25,13.09877689439867,327,254,419
beta_high,0.07,10.0,0.25,13.099142927922236,326,255,419
beta_high,0.07,10.0,0.25,13.11474869522113,326,254,420
beta_high,0.07,10.0,0.25,13.116331144398652,325,255,420
beta_high,0.07,10.0,0.25,13.15340128653145,324,256,420
beta_high,0.07,10.0,0.25,13.154978589084967,323,257,420
beta_high,0.07,10.0,0.25,13.1715966689465,323,256,421
beta_high,0.07,10.0,0.25,13.177193598741695,322,257,421
beta_high,0.07,10.0,0.25,13.185207158314519,322,256,422
beta_high,0.07,10.0,0.25,13.189914358939177,322,255,423
beta_high,0.07,10.0,0.25,13.196075858298425,322,254,424
beta_high,0.07,10.0,0.25,13.209410528247052,321,255,424
beta_high,0.07,10.0,0.25,13.21757758802374,321,254,425
beta_high,0.07,10.0,0.25,13.228093716591442,320,255,425
beta_high,0.07,10.0,0.25,13.230008555272263,319,256,425
beta_high,0.07,10.0,0.25,13.23695613723572,318,257,425
beta_high,0.07,10.0,0.25,13.24288008307438,318,256,426
beta_high,0.07,10.0,0.25,13.25038204336979,318,255,427
beta_high,0.07,10.0,0.25,13.251015001642374,318,254,428
beta_high,0.07,10.0,0.25,13.256124784228149,317,255,428
beta_high,0.07,10.0,0.25,13.256917950095323,316,256,428
beta_high,0.07,10.0,0.25,13.259067436521912,316,255,429
beta_high,0.07,10.0,0.25,13.263007769793791,316,254,430
beta_high,0.07,10.0,0.25,13.26714621491336,316,253,431
beta_high,0.07,10.0,0.25,13.276648514484863,315,254,431
beta_high,0.07,10.0,0.25,13.287676825673028,315,253,432
beta_high,0.07,10.0,0.25,13.293677207044325,315,252,433
beta_high,0.07,10.0,0.25,13.29414336656541,315,251,434
beta_high,0.07,10.0,0.25,13.301580887836845,315,250,435
beta_high,0.07,10.0,0.25,13.313212048020217,315,249,436
beta_high,0.07,10.0,0.25,13.340807057929831,315,248,437
beta_high,0.07,10.0,0.25,13.350032686265347,314,249,437
beta_high,0.07,10.0,0.25,13.399184158085003,313,250,437
beta_high,0.07,10.0,0.25,13.40425975552268,313,249,438
beta_high,0.07,10.0,0.25,13.407804377693495,312,250,438
beta_high,0.07,10.0,0.25,13.407889382007404,312,249,439
beta_high,0.07,10.0,0.25,13.419942820091164,311,250,439
beta_high,0.07,10.0,0.25,13.468807560085773,310,251,439
beta_high,0.07,10.0,0.25,13.47670605204941,309,252,439
beta_high,0.07,10.0,0.25,13.485371210703951,308,253,439
beta_high,0.07,10.0,0.25,13.490782872701667,308,252,440
beta_high,0.07,10.0,0.25,13.496475271430535,307,253,440
beta_high,0.07,10.0,0.25,13.516833394865555,307,252,441
beta_high,0.07,10.0,0.25,13.528602144998063,306,253,441
beta_high,0.07,10.0,0.25,13.534314538129621,306,252,442
beta_high,0.07,10.0,0.25,13.549810010445968,305,253,442
beta_high,0.07,10.0,0.25,13.551381725454018,304,254,442
beta_high,0.07,10.0,0.25,13.551402916606301,303,255,442
beta_high,0.07,10.0,0.25,13.55506477043205,302,256,442
beta_high,0.07,10.0,0.25,13.567501908262221,301,257,442
beta_high,0.07,10.0,0.25,13.571175297671845,300,258,442
beta_high,0.07,10.0,0.25,13.587407703777723,299,259,442
beta_high,0.07,10.0,0.25,13.589967642539673,299,258,443
beta_high,0.07,10.0,0.25,13.598748298061377,299,257,444
beta_high,0.07,10.0,0.25,13.608644296868833,299,256,445
beta_high,0.07,10.0,0.25,13.609561561159168,298,257,445
beta_high,0.07,10.0,0.25,13.609851517859124,297,258,445
beta_high,0.07,10.0,0.25,13.62241173695702,297,257,446
beta_high,0.07,10.0,0.25,13.636933587976607,297,256,447
beta_high,0.07,10.0,0.25,13.648427856575271,297,255,448
beta_high,0.07,10.0,0.25,13.656425265552619,297,254,449
beta_high,0.07,10.0,0.25,13.679764651428108,296,255,449
beta_high,0.07,10.0,0.25,13.696324393454223,295,256,449
beta_high,0.07,10.0,0.25,13.709725105290818,295,255,450
beta_high,0.07,10.0,0.25,13.712857599561943,294,256,450
beta_high,0.07,10.0,0.25,13.723125801248502,294,255,451
beta_high,0.07,10.0,0.25,13.727676618361137,294,254,452
beta_high,0.07,10.0,0.25,13.730829058699857,294,253,453
beta_high,0.07,10.0,0.25,13.731589879801305,293,254,453
beta_high,0.07,10.0,0.25,13.760655199399073,293,253,454
beta_high,0.07,10.0,0.25,13.80099204569431,292,254,454
beta_high,0.07,10.0,0.25,13.804312814220191,292,253,455
beta_high,0.07,10.0,0.25,13.819122731870392,291,254,455
beta_high,0.07,10.0,0.25,13.822241895538127,290,255,455
beta_high,0.07,10.0,0.25,13.841877285782678,290,254,456
beta_high,0.07,10.0,0.25,13.845774494066493,289,255,456
beta_high,0.07,10.0,0.25,13.852501624134511,289,254,457
beta_high,0.07,10.0,0.25,13.85292638644732,288,255,457
beta_high,0.07,10.0,0.25,13.85532773677935,287,256,457
beta_high,0.07,10.0,0.25,13.86174325912848,287,255,458
beta_high,0.07,10.0,0.25,13.869102522880716,287,254,459
beta_high,0.07,10.0,0.25,13.87702899352035,287,253,460
beta_high,0.07,10.0,0.25,13.884231432538929,287,252,461
beta_high,0.07,10.0,0.25,13.894523322869153,287,251,462
beta_high,0.07,10.0,0.25,13.900213339700393,287,250,463
beta_high,0.07,10.0,0.25,13.913973920237785,286,251,463
beta_high,0.07,10.0,0.25,13.922600045325874,286,250,464
beta_high,0.07,10.0,0.25,13.925002379276767,285,251,464
beta_high,0.07,10.0,0.25,13.925509643338609,284,252,464
beta_high,0.07,10.0,0.25,13.92993707422079,284,251,465
beta_high,0.07,10.0,0.25,13.939660905533728,284,250,466
beta_high,0.07,10.0,0.25,13.943186340566116,283,251,466
beta_high,0.07,10.0,0.25,13.946059701819213,282,252,466
beta_high,0.07,10.0,0.25,13.959431963587106,282,251,467
beta_high,0.07,10.0,0.25,13.961839793829506,282,250,468
beta_high,0.07,10.0,0.25,13.96901279941065,282,249,469
beta_high,0.07,10.0,0.25,13.981169796449578,281,250,469
beta_high,0.07,10.0,0.25,14.03303756216393,280,251,469
beta_high,0.07,10.0,0.25,14.033296157803132,280,250,470
beta_high,0.07,10.0,0.25,14.035760109511529,280,249,471
beta_high,0.07,10.0,0.25,14.036830643237751,279,250,471
beta_high,0.07,10.0,0.25,14.03836586352644,279,249,472
beta_high,0.07,10.0,0.25,14.047099869797027,279,248,473
beta_high,0.07,10.0,0.25,14.053510187750861,279,247,474
beta_high,0.07,10.0,0.25,14.063544148578131,279,246,475
beta_high,0.07,10.0,0.25,14.064085227286201,278,247,475
beta_high,0.07,10.0,0.25,14.084042334625662,277,248,475
beta_high,0.07,10.0,0.25,14.093136630924112,277,247,476
beta_high,0.07,10.0,0.25,14.09978078197812,276,248,476
beta_high,0.07,10.0,0.25,14.106635140153886,275,249,476
beta_high,0.07,10.0,0.25,14.114379701491751,274,250,476
beta_high,0.07,10.0,0.25,14.121092480934173,273,251,476
beta_high,0.07,10.0,0.25,14.136610026952182,272,252,476
beta_high,0.07,10.0,0.25,14.151320202275315,271,253,476
beta_high,0.07,10.0,0.25,14.154999609030046,270,254,476
beta_high,0.07,10.0,0.25,14.155660652966242,269,255,476
beta_high,0.07,10.0,0.25,14.161630593819517,269,254,477
beta_high,0.07,10.0,0.25,14.186428560806172,268,255,477
beta_high,0.07,10.0,0.25,14.193891818116091,268,254,478
beta_high,0.07,10.0,0.25,14.20035606349899,268,253,479
beta_high,0.07,10.0,0.25,14.204837810942957,267,254,479
beta_high,0.07,10.0,0.25,14.209349303150715,267,253,480
beta_high,0.07,10.0,0.25,14.212533022745465,267,252,481
beta_high,0.07,10.0,0.25,14.213546216111975,267,251,482
beta_high,0.07,10.0,0.25,14.215372334749322,267,250,483
beta_high,0.07,10.0,0.25,14.218687004257538,267,249,484
beta_high,0.07,10.0,0.25,14.269269117412598,267,248,485
beta_high,0.07,10.0,0.25,14.279749738703908,266,249,485
beta_high,0.07,10.0,0.25,14.280841903892256,266,248,486
beta_high,0.07,10.0,0.25,14.295063054385691,266,247,487
beta_high,0.07,10.0,0.25,14.313144066309423,265,248,487
beta_high,0.07,10.0,0.25,14.338681483791923,264,249,487
beta_high,0.07,10.0,0.25,14.341749000122178,263,250,487
beta_high,0.07,10.0,0.25,14.361117027911842,263,249,488
beta_high,0.07,10.0,0.25,14.365090764619366,263,248,489
beta_high,0.07,10.0,0.25,14.369902066824666,263,247,490
beta_high,0.07,10.0,0.25,14.382824099695632,263,246,491
beta_high,0.07,10.0,0.25,14.385885530767947,263,245,492
beta_high,0.07,10.0,0.25,14.461700460786155,263,244,493
beta_high,0.07,10.0,0.25,14.475836043431302,263,243,494
beta_high,0.07,10.0,0.25,14.55780056494765,262,244,494
beta_high,0.07,10.0,0.25,14.559349130125506,261,245,494
beta_high,0.07,10.0,0.25,14.575647164856704,261,244,495
beta_high,0.07,10.0,0.25,14.582111156392784,260,245,495
beta_high,0.07,10.0,0.25,14.58803065282382,259,246,495
beta_high,0.07,10.0,0.25,14.589150493823595,259,245,496
beta_high,0.07,10.0,0.25,14.611549873433086,258,246,496
beta_high,0.07,10.0,0.25,14.627776808711433,258,245,497
beta_high,0.07,10.0,0.25,14.631895532636275,257,246,497
beta_high,0.07,10.0,0.25,14.67256832813547,257,245,498
beta_high,0.07,10.0,0.25,14.677489490865478,256,246,498
beta_high,0.07,10.0,0.25,14.682180757815331,256,245,499
beta_high,0.07,10.0,0.25,14.685116392909066,256,244,500
beta_high,0.07,10.0,0.25,14.69707980777127,255,245,500
beta_high,0.07,10.0,0.25,14.739826906878791,254,246,500
beta_high,0.07,10.0,0.25,14.74607095423357,254,245,501
beta_high,0.07,10.0,0.25,14.752304611060078,253,246,501
beta_high,0.07,10.0,0.25,14.753512766625699,252,247,501
beta_high,0.07,10.0,0.25,14.76175734469436,251,248,501
beta_high,0.07,10.0,0.25,14.764988092959618,251,247,502
beta_high,0.07,10.0,0.25,14.767684435756912,251,246,503
beta_high,0.07,10.0,0.25,14.768853265791714,251,245,504
beta_high,0.07,10.0,0.25,14.779485518425865,250,246,504
beta_high,0.07,10.0,0.25,14.792935232876458,249,247,504
beta_high,0.07,10.0,0.25,14.838194884175646,249,246,505
beta_high,0.07,10.0,0.25,14.847133633430145,248,247,505
beta_high,0.07,10.0,0.25,14.858258613839254,248,246,506
beta_high,0.07,10.0,0.25,14.861720034271416,248,245,507
beta_high,0.07,10.0,0.25,14.891562900776279,247,246,507
beta_high,0.07,10.0,0.25,14.921950989034501,246,247,507
beta_high,0.07,10.0,0.25,14.925022300643322,246,246,508
beta_high,0.07,10.0,0.25,14.929680491531464,245,247,508
beta_high,0.07,10.0,0.25,14.935298182512174,244,248,508
beta_high,0.07,10.0,0.25,14.949163278596608,244,247,509
beta_high,0.07,10.0,0.25,14.95235649862502,244,246,510
beta_high,0.07,10.0,0.25,14.960582485767157,244,245,511
beta_high,0.07,10.0,0.25,14.96266927199556,243,246,511
beta_high,0.07,10.0,0.25,14.982123017859006,242,247,511
beta_high,0.07,10.0,0.25,14.998767981607058,242,246,512
beta_high,0.07,10.0,0.25,15.006585522572937,242,245,513
beta_high,0.07,10.0,0.25,15.00869571103792,242,244,514
beta_high,0.07,10.0,0.25,15.018663298442826,241,245,514
beta_high,0.07,10.0,0.25,15.018791338401252,240,246,514
beta_high,0.07,10.0,0.25,15.024580060788592,239,247,514
beta_high,0.07,10.0,0.25,15.02671577082148,238,248,514
beta_high,0.07,10.0,0.25,15.048241039778805,238,247,515
beta_high,0.07,10.0,0.25,15.050674089632587,237,248,515
beta_high,0.07,10.0,0.25,15.072215596820158,237,247,516
beta_high,0.07,10.0,0.25,15.077612375825188,236,248,516
beta_high,0.07,10.0,0.25,15.088355784392185,235,249,516
beta_high,0.07,10.0,0.25,15.098058281432744,235,248,517
beta_high,0.07,10.0,0.25,15.101304012909925,235,247,518
beta_high,0.07,10.0,0.25,15.113091400514492,234,248,518
beta_high,0.07,10.0,0.25,15.123793229473646,233,249,518
beta_high,0.07,10.0,0.25,15.129522282281894,233,248,519
beta_high,0.07,10.0,0.25,15.135407172310977,232,249,519
beta_high,0.07,10.0,0.25,15.148189184466597,231,250,519
beta_high,0.07,10.0,0.25,15.153601830400307,231,249,520
beta_high,0.07,10.0,0.25,15.157200649544814,231,248,521
beta_high,0.07,10.0,0.25,15.161093151569741,230,249,521
beta_high,0.07,10.0,0.25,15.17825046261091,230,248,522
beta_high,0.07,10.0,0.25,15.192005481152847,230,247,523
beta_high,0.07,10.0,0.25,15.200794120647192,230,246,524
beta_high,0.07,10.0,0.25,15.205885218001264,230,245,525
beta_high,0.07,10.0,0.25,15.211112104008164,230,244,526
beta_high,0.07,10.0,0.25,15.218359648061654,230,243,527
beta_high,0.07,10.0,0.25,15.219138172717381,230,242,528
beta_high,0.07,10.0,0.25,15.236505689769984,229,243,528
beta_high,0.07,10.0,0.25,15.237337802943838,229,242,529
beta_high,0.07,10.0,0.25,15.247658618985932,228,243,529
beta_high,0.07,10.0,0.25,15.2584512800593,227,244,529
beta_high,0.07,10.0,0.25,15.275616132969146,227,243,530
beta_high,0.07,10.0,0.25,15.277999853925154,227,242,531
beta_high,0.07,10.0,0.25,15.281300426075896,227,241,532
beta_high,0.07,10.0,0.25,15.282265319023045,226,242,532
beta_high,0.07,10.0,0.25,15.283277283274455,225,243,532
beta_high,0.07,10.0,0.25,15.287342493271586,224,244,532
beta_high,0.07,10.0,0.25,15.323695923904049,223,245,532
beta_high,0.07,10.0,0.25,15.35166504250863,223,244,533
beta_high,0.07,10.0,0.25,15.355113895252789,223,243,534
beta_high,0.07,10.0,0.25,15.355577277474977,222,244,534
beta_high,0.07,10.0,0.25,15.361018229002259,221,245,534
beta_high,0.07,10.0,0.25,15.37402356891463,220,246,534
beta_high,0.07,10.0,0.25,15.380268716056614,219,247,534
beta_high,0.07,10.0,0.25,15.388722476678613,218,248,534
beta_high,0.07,10.0,0.25,15.431529366640996,217,249,534
beta_high,0.07,10.0,0.25,15.434949716918412,216,250,534
beta_high,0.07,10.0,0.25,15.437592180378946,215,251,534
beta_high,0.07,10.0,0.25,15.45227358146509,215,250,535
beta_high,0.07,10.0,0.25,15.453845500958087,214,251,535
beta_high,0.07,10.0,0.25,15.464237941626044,213,252,535
beta_high,0.07,10.0,0.25,15.46846312128474,212,253,535
beta_high,0.07,10.0,0.25,15.47319803903854,212,252,536
beta_high,0.07,10.0,0.25,15.484908668813148,211,253,536
beta_high,0.07,10.0,0.25,15.485918984407737,210,254,536
beta_high,0.07,10.0,0.25,15.498134036647272,209,255,536
beta_high,0.07,10.0,0.25,15.517267735185845,209,254,537
beta_high,0.07,10.0,0.25,15.521009283074179,208,255,537
beta_high,0.07,10.0,0.25,15.545027623379804,207,256,537
beta_high,0.07,10.0,0.25,15.561204077398019,207,255,538
beta_high,0.07,10.0,0.25,15.569242448088104,206,256,538
beta_high,0.07,10.0,0.25,15.577265982271848,205,257,538
beta_high,0.07,10.0,0.25,15.62372394621091,205,256,539
beta_high,0.07,10.0,0.25,15.629733591306838,205,255,540
beta_high,0.07,10.0,0.25,15.629878063851162,205,254,541
beta_high,0.07,10.0,0.25,15.667173829615274,205,253,542
beta_high,0.07,10.0,0.25,15.680559382205468,205,252,543
beta_high,0.07,10.0,0.25,15.686419078318567,205,251,544
beta_high,0.07,10.0,0.25,15.705143025980044,204,252,544
beta_high,0.07,10.0,0.25,15.705332554414218,204,251,545
beta_high,0.07,10.0,0.25,15.718275770912703,203,252,545
beta_high,0.07,10.0,0.25,15.72018793899416,203,251,546
beta_high,0.07,10.0,0.25,15.76231881872853,203,250,547
beta_high,0.07,10.0,0.25,15.777784233581853,202,251,547
beta_high,0.07,10.0,0.25,15.814130909445847,201,252,547
beta_high,0.07,10.0,0.25,15.815138966096093,201,251,548
beta_high,0.07,10.0,0.25,15.822290579338832,201,250,549
beta_high,0.07,10.0,0.25,15.831376722437206,201,249,550
beta_high,0.07,10.0,0.25,15.833158568562428,201,248,551
beta_high,0.07,10.0,0.25,15.840205432638744,200,249,551
beta_high,0.07,10.0,0.25,15.841672559802337,200,248,552
beta_high,0.07,10.0,0.25,15.842697961000722,199,249,552
beta_high,0.07,10.0,0.25,15.870855892291374,199,248,553
beta_high,0.07,10.0,0.25,15.877208413683427,199,247,554
beta_high,0.07,10.0,0.25,15.88198642334945,198,248,554
beta_high,0.07,10.0,0.25,15.92374720256341,197,249,554
beta_high,0.07,10.0,0.25,15.955874468498186,197,248,555
beta_high,0.07,10.0,0.25,15.958029910584122,196,249,555
beta_high,0.07,10.0,0.25,15.958620930949522,196,248,556
beta_high,0.07,10.0,0.25,15.96283176766422,196,247,557
beta_high,0.07,10.0,0.25,15.963024136405183,196,246,558
beta_high,0.07,10.0,0.25,15.982220824181308,196,245,559
beta_high,0.07,10.0,0.25,15.986651654420571,195,246,559
beta_high,0.07,10.0,0.25,16.012052195606753,194,247,559
beta_high,0.07,10.0,0.25,16.03613202341406,193,248,559
beta_high,0.07,10.0,0.25,16.04679009206542,192,249,559
beta_high,0.07,10.0,0.25,16.05044066884012,192,248,560
beta_high,0.07,10.0,0.25,16.063317782847523,192,247,561
beta_high,0.07,10.0,0.25,16.073547212839188,192,246,562
beta_high,0.07,10.0,0.25,16.0781732407549,192,245,563
beta_high,0.07,10.0,0.25,16.080436203110207,191,246,563
beta_high,0.07,10.0,0.25,16.0943490451181,191,245,564
beta_high,0.07,10.0,0.25,16.101624585893326,191,244,565
beta_high,0.07,10.0,0.25,16.12379155232032,191,243,566
beta_high,0.07,10.0,0.25,16.133169057037442,191,242,567
beta_high,0.07,10.0,0.25,16.138844905349156,191,241,568
beta_high,0.07,10.0,0.25,16.16521774754013,190,242,568
beta_high,0.07,10.0,0.25,16.166279430851763,190,241,569
beta_high,0.07,10.0,0.25,16.17231043444412,189,242,569
beta_high,0.07,10.0,0.25,16.195431700734805,189,241,570
beta_high,0.07,10.0,0.25,16.20674286802982,189,240,571
beta_high,0.07,10.0,0.25,16.23439127543722,188,241,571
beta_high,0.07,10.0,0.25,16.23612512273787,187,242,571
beta_high,0.07,10.0,0.25,16.24279289338353,186,243,571
beta_high,0.07,10.0,0.25,16.254671224712265,185,244,571
beta_high,0.07,10.0,0.25,16.280503643260197,184,245,571
beta_high,0.07,10.0,0.25,16.297718503286475,183,246,571
beta_high,0.07,10.0,0.25,16.3403178180888,183,245,572
beta_high,0.07,10.0,0.25,16.365405573233797,182,246,572
beta_high,0.07,10.0,0.25,16.37559276499193,181,247,572
beta_high,0.07,10.0,0.25,16.380363429655233,181,246,573
beta_high,0.07,10.0,0.25,16.390939904408317,180,247,573
beta_high,0.07,10.0,0.25,16.42342403366542,180,246,574
beta_high,0.07,10.0,0.25,16.437977641686334,180,245,575
beta_high,0.07,10.0,0.25,16.44153210540732,180,244,576
beta_high,0.07,10.0,0.25,16.443990632671788,180,243,577
beta_high,0.07,10.0,0.25,16.44825722443997,179,244,577
beta_high,0.07,10.0,0.25,16.465452598150513,179,243,578
beta_high,0.07,10.0,0.25,16.474843639343355,178,244,578
beta_high,0.07,10.0,0.25,16.478450873100034,177,245,578
beta_high,0.07,10.0,0.25,16.485079674227993,177,244,579
beta_high,0.07,10.0,0.25,16.494163122260055,177,243,580
beta_high,0.07,10.0,0.25,16.498932505694516,176,244,580
beta_high,0.07,10.0,0.25,16.508199668930285,176,243,581
beta_high,0.07,10.0,0.25,16.509170336023747,176,242,582
beta_high,0.07,10.0,0.25,16.510134609383226,176,241,583
beta_high,0.07,10.0,0.25,16.544287236054,175,242,583
beta_high,0.07,10.0,0.25,16.547919969812234,174,243,583
beta_high,0.07,10.0,0.25,16.571407902134595,174,242,584
beta_high,0.07,10.0,0.25,16.618907259058254,174,241,585
beta_high,0.07,10.0,0.25,16.619215647963138,173,242,585
beta_high,0.07,10.0,0.25,16.632336962074362,172,243,585
beta_high,0.07,10.0,0.25,16.633814205888672,172,242,586
beta_high,0.07,10.0,0.25,16.649803512040997,172,241,587
beta_high,0.07,10.0,0.25,16.6770985572443,171,242,587
beta_high,0.07,10.0,0.25,16.68058004450606,171,241,588
beta_high,0.07,10.0,0.25,16.682741645097977,171,240,589
beta_high,0.07,10.0,0.25,16.700402365787994,171,239,590
beta_high,0.07,10.0,0.25,16.70636568293959,170,240,590
beta_high,0.07,10.0,0.25,16.70920200791636,169,241,590
beta_high,0.07,10.0,0.25,16.712284200328387,169,240,591
beta_high,0.07,10.0,0.25,16.71898283591348,168,241,591
beta_high,0.07,10.0,0.25,16.724899948988348,168,240,592
beta_high,0.07,10.0,0.25,16.737775198520907,167,241,592
beta_high,0.07,10.0,0.25,16.770375739211676,166,242,592
beta_high,0.07,10.0,0.25,16.772390868762393,165,243,592
beta_high,0.07,10.0,0.25,16.77803336409461,165,242,593
beta_high,0.07,10.0,0.25,16.781676555610996,165,241,594
beta_high,0.07,10.0,0.25,16.78963729446136,165,240,595
beta_high,0.07,10.0,0.25,16.795907347092378,165,239,596
beta_high,0.07,10.0,0.25,16.802236424587345,165,238,597
beta_high,0.07,10.0,0.25,16.802674394336073,165,237,598
beta_high,0.07,10.0,0.25,16.831491839777602,164,238,598
beta_high,0.07,10.0,0.25,16.83431561530179,163,239,598
beta_high,0.07,10.0,0.25,16.845501727749983,162,240,598
beta_high,0.07,10.0,0.25,16.915095017864257,161,241,598
beta_high,0.07,10.0,0.25,16.918227123268313,160,242,598
beta_high,0.07,10.0,0.25,16.945521748474896,160,241,599
beta_high,0.07,10.0,0.25,16.955377701070123,159,242,599
beta_high,0.07,10.0,0.25,16.977009098585746,159,241,600
beta_high,0.07,10.0,0.25,16.99069071135516,159,240,601
beta_high,0.07,10.0,0.25,16.996625072476483,159,239,602
beta_high,0.07,10.0,0.25,17.009718783824468,158,240,602
beta_high,0.07,10.0,0.25,17.025789039128824,158,239,603
beta_high,0.07,10.0,0.25,17.085432013469845,158,238,604
beta_high,0.07,10.0,0.25,17.123234528346565,158,237,605
beta_high,0.07,10.0,0.25,17.1350892203656,157,238,605
beta_high,0.07,10.0,0.25,17.14346470133637,157,237,606
beta_high,0.07,10.0,0.25,17.157321880873344,157,236,607
beta_high,0.07,10.0,0.25,17.15969678566733,157,235,608
beta_high,0.07,10.0,0.25,17.179458188444983,157,234,609
beta_high,0.07,10.0,0.25,17.19925885689893,157,233,610
beta_high,0.07,10.0,0.25,17.203819113813232,157,232,611
beta_high,0.07,10.0,0.25,17.218402248775273,157,231,612
beta_high,0.07,10.0,0.25,17.22120118327358,156,232,612
beta_high,0.07,10.0,0.25,17.231120267649676,155,233,612
beta_high,0.07,10.0,0.25,17.239441925353724,155,232,613
beta_high,0.07,10.0,0.25,17.239609413076884,155,231,614
beta_high,0.07,10.0,0.25,17.25633256269461,155,230,615
beta_high,0.07,10.0,0.25,17.259822250326046,154,231,615
beta_high,0.07,10.0,0.25,17.26593416291051,154,230,616
beta_high,0.07,10.0,0.25,17.266620546952844,154,229,617
beta_high,0.07,10.0,0.25,17.26879797850488,154,228,618
beta_high,0.07,10.0,0.25,17.297452293887513,153,229,618
beta_high,0.07,10.0,0.25,17.308296365466635,153,228,619
beta_high,0.07,10.0,0.25,17.316304775933126,153,227,620
beta_high,0.07,10.0,0.25,17.328723879422053,153,226,621
beta_high,0.07,10.0,0.25,17.33488546709745,153,225,622
beta_high,0.07,10.0,0.25,17.338703603622015,152,226,622
beta_high,0.07,10.0,0.25,17.346561645983996,151,227,622
beta_high,0.07,10.0,0.25,17.39114234691512,151,226,623
beta_high,0.07,10.0,0.25,17.41446054862228,151,225,624
beta_high,0.07,10.0,0.25,17.421702397379818,151,224,625
beta_high,0.07,10.0,0.25,17.436501682436113,151,223,626
beta_high,0.07,10.0,0.25,17.447057489565033,151,222,627
beta_high,0.07,10.0,0.25,17.486165036984648,150,223,627
beta_high,0.07,10.0,0.25,17.50602301249466,150,222,628
beta_high,0.07,10.0,0.25,17.5088583135725,150,221,629
beta_high,0.07,10.0,0.25,17.5121554226306,150,220,630
beta_high,0.07,10.0,0.25,17.51931481253581,149,221,630
beta_high,0.07,10.0,0.25,17.53729995988737,149,220,631
beta_high,0.07,10.0,0.25,17.541261110840097,149,219,632
beta_high,0.07,10.0,0.25,17.5459419517139,148,220,632
beta_high,0.07,10.0,0.25,17.5464407092389,148,219,633
beta_high,0.07,10.0,0.25,17.560095475571092,148,218,634
beta_high,0.07,10.0,0.25,17.57028392286304,148,217,635
beta_high,0.07,10.0,0.25,17.57919599363377,147,218,635
beta_high,0.07,10.0,0.25,17.58950248534716,147,217,636
beta_high,0.07,10.0,0.25,17.60140503651156,146,218,636
beta_high,0.07,10.0,0.25,17.601670012848917,145,219,636
beta_high,0.07,10.0,0.25,17.61237613145732,145,218,637
beta_high,0.07,10.0,0.25,17.619786810384827,145,217,638
beta_high,0.07,10.0,0.25,17.622147966723464,145,216,639
beta_high,0.07,10.0,0.25,17.624900668714055,144,217,639
beta_high,0.07,10.0,0.25,17.630488274023968,144,216,640
beta_high,0.07,10.0,0.25,17.630827156409733,144,215,641
beta_high,0.07,10.0,0.25,17.67165132056227,143,216,641
beta_high,0.07,10.0,0.25,17.67208318414413,142,217,641
beta_high,0.07,10.0,0.25,17.675764712990798,141,218,641
beta_high,0.07,10.0,0.25,17.722679245337304,140,219,641
beta_high,0.07,10.0,0.25,17.733406449918593,140,218,642
beta_high,0.07,10.0,0.25,17.788346740933914,139,219,642
beta_high,0.07,10.0,0.25,17.79923235230651,139,218,643
beta_high,0.07,10.0,0.25,17.800633291279564,139,217,644
beta_high,0.07,10.0,0.25,17.806308183659983,138,218,644
beta_high,0.07,10.0,0.25,17.823855790918806,138,217,645
beta_high,0.07,10.0,0.25,17.868487616074468,137,218,645
beta_high,0.07,10.0,0.25,17.870365448012926,137,217,646
beta_high,0.07,10.0,0.25,17.883989112507674,137,216,647
beta_high,0.07,10.0,0.25,17.89614944676218,137,215,648
beta_high,0.07,10.0,0.25,17.912403926503835,136,216,648
beta_high,0.07,10.0,0.25,17.937778217014667,136,215,649
beta_high,0.07,10.0,0.25,17.94144249203837,136,214,650
beta_high,0.07,10.0,0.25,17.956721106133415,136,213,651
beta_high,0.07,10.0,0.25,17.95863577315315,135,214,651
beta_high,0.07,10.0,0.25,17.97822655917967,134,215,651
beta_high,0.07,10.0,0.25,17.99160902688597,134,214,652
beta_high,0.07,10.0,0.25,18.0104416933086,133,215,652
beta_high,0.07,10.0,0.25,18.013248975345885,132,216,652
beta_high,0.07,10.0,0.25,18.045762586393447,132,215,653
beta_high,0.07,10.0,0.25,18.057338437821336,132,214,654
beta_high,0.07,10.0,0.25,18.06186792788131,132,213,655
beta_high,0.07,10.0,0.25,18.070098442183003,132,212,656
beta_high,0.07,10.0,0.25,18.084320418926797,131,213,656
beta_high,0.07,10.0,0.25,18.101896652020873,131,212,657
beta_high,0.07,10.0,0.25,18.117827294248933,131,211,658
beta_high,0.07,10.0,0.25,18.130715300439977,131,210,659
beta_high,0.07,10.0,0.25,18.146567944473176,130,211,659
beta_high,0.07,10.0,0.25,18.168405364294664,129,212,659
beta_high,0.07,10.0,0.25,18.175372791410947,129,211,660
beta_high,0.07,10.0,0.25,18.18300971948199,128,212,660
beta_high,0.07,10.0,0.25,18.203552848844367,128,211,661
beta_high,0.07,10.0,0.25,18.204813266074478,128,210,662
beta_high,0.07,10.0,0.25,18.216878124755297,128,209,663
beta_high,0.07,10.0,0.25,18.243083451121322,128,208,664
beta_high,0.07,10.0,0.25,18.26614156329047,128,207,665
beta_high,0.07,10.0,0.25,18.276156190141503,128,206,666
beta_high,0.07,10.0,0.25,18.29085830781004,128,205,667
beta_high,0.07,10.0,0.25,18.364317222794746,128,204,668
beta_high,0.07,10.0,0.25,18.368590524358183,128,203,669
beta_high,0.07,10.0,0.25,18.372170790652962,128,202,670
beta_high,0.07,10.0,0.25,18.38866098364105,127,203,670
beta_high,0.07,10.0,0.25,18.408368967212667,126,204,670
beta_high,0.07,10.0,0.25,18.42513465279805,126,203,671
beta_high,0.07,10.0,0.25,18.438467622232984,126,202,672
beta_high,0.07,10.0,0.25,18.43884877522157,126,201,673
beta_high,0.07,10.0,0.25,18.439504593732387,126,200,674
beta_high,0.07,10.0,0.25,18.47266696148026,125,201,674
beta_high,0.07,10.0,0.25,18.474964654016876,125,200,675
beta_high,0.07,10.0,0.25,18.527142510091267,125,199,676
beta_high,0.07,10.0,0.25,18.53849576693101,124,200,676
beta_high,0.07,10.0,0.25,18.53863953471822,124,199,677
beta_high,0.07,10.0,0.25,18.546745623001158,124,198,678
beta_high,0.07,10.0,0.25,18.549787768578817,124,197,679
beta_high,0.07,10.0,0.25,18.562490305219807,123,198,679
beta_high,0.07,10.0,0.25,18.564191699298277,123,197,680
beta_high,0.07,10.0,0.25,18.610600073690083,123,196,681
beta_high,0.07,10.0,0.25,18.615292925500274,122,197,681
beta_high,0.07,10.0,0.25,18.623445394270416,122,196,682
beta_high,0.07,10.0,0.25,18.64089603666259,121,197,682
beta_high,0.07,10.0,0.25,18.655684109020257,120,198,682
beta_high,0.07,10.0,0.25,18.661835024097936,120,197,683
beta_high,0.07,10.0,0.25,18.703089488236458,120,196,684
beta_high,0.07,10.0,0.25,18.754101280953893,120,195,685
beta_high,0.07,10.0,0.25,18.76251318473653,120,194,686
beta_high,0.07,10.0,0.25,18.76676338228367,120,193,687
beta_high,0.07,10.0,0.25,18.790521200456574,120,192,688
beta_high,0.07,10.0,0.25,18.795434220792224,120,191,689
beta_high,0.07,10.0,0.25,18.822763194954536,120,190,690
beta_high,0.07,10.0,0.25,18.82757424291294,120,189,691
beta_high,0.07,10.0,0.25,18.829632185572187,120,188,692
beta_high,0.07,10.0,0.25,18.840167150713675,120,187,693
beta_high,0.07,10.0,0.25,18.840980874503742,120,186,694
beta_high,0.07,10.0,0.25,18.851090188700525,119,187,694
beta_high,0.07,10.0,0.25,18.863786901240722,119,186,695
beta_high,0.07,10.0,0.25,18.864162484592214,119,185,696
beta_high,0.07,10.0,0.25,18.871479451148346,119,184,697
beta_high,0.07,10.0,0.25,18.880975103260436,118,185,697
beta_high,0.07,10.0,0.25,18.88289585246189,118,184,698
beta_high,0.07,10.0,0.25,18.885362359853303,118,183,699
beta_high,0.07,10.0,0.25,18.890974965133275,118,182,700
beta_high,0.07,10.0,0.25,18.92678831553258,118,181,701
beta_high,0.07,10.0,0.25,18.93599197005964,117,182,701
beta_high,0.07,10.0,0.25,18.939643547259475,117,181,702
beta_high,0.07,10.0,0.25,18.947615181285343,116,182,702
beta_high,0.07,10.0,0.25,18.957184611865774,116,181,703
beta_high,0.07,10.0,0.25,18.97153573315224,116,180,704
beta_high,0.07,10.0,0.25,18.985674122065678,116,179,705
beta_high,0.07,10.0,0.25,18.999129055576724,116,178,706
beta_high,0.07,10.0,0.25,19.0036579631234,116,177,707
beta_high,0.07,10.0,0.25,19.019314582822968,116,176,708
beta_high,0.07,10.0,0.25,19.030768948272286,116,175,709
beta_high,0.07,10.0,0.25,19.031669602380216,116,174,710
beta_high,0.07,10.0,0.25,19.040491605873914,116,173,711
beta_high,0.07,10.0,0.25,19.067438812458363,116,172,712
beta_high,0.07,10.0,0.25,19.080135690093382,116,171,713
beta_high,0.07,10.0,0.25,19.108377941502223,116,170,714
beta_high,0.07,10.0,0.25,19.11350637343223,115,171,714
beta_high,0.07,10.0,0.25,19.156134439475316,115,170,715
beta_high,0.07,10.0,0.25,19.15786227019192,115,169,716
beta_high,0.07,10.0,0.25,19.15937819318588,115,168,717
beta_high,0.07,10.0,0.25,19.16072010496307,115,167,718
beta_high,0.07,10.0,0.25,19.163653675925076,115,166,719
beta_high,0.07,10.0,0.25,19.17872863190158,115,165,720
beta_high,0.07,10.0,0.25,19.182232008921535,115,164,721
beta_high,0.07,10.0,0.25,19.18346803008683,115,163,722
beta_high,0.07,10.0,0.25,19.187876867664087,115,162,723
beta_high,0.07,10.0,0.25,19.19206418056514,115,161,724
beta_high,0.07,10.0,0.25,19.200358019138697,115,160,725
beta_high,0.07,10.0,0.25,19.244747586386666,115,159,726
beta_high,0.07,10.0,0.25,19.2715323416749,115,158,727
beta_high,0.07,10.0,0.25,19.29430073999802,115,157,728
beta_high,0.07,10.0,0.25,19.3017072860158,115,156,729
beta_high,0.07,10.0,0.25,19.303386734416044,115,155,730
beta_high,0.07,10.0,0.25,19.35707974961487,115,154,731
beta_high,0.07,10.0,0.25,19.39386950598133,115,153,732
beta_high,0.07,10.0,0.25,19.39931199322729,115,152,733
beta_high,0.07,10.0,0.25,19.40943833037978,114,153,733
beta_high,0.07,10.0,0.25,19.464341382164804,114,152,734
beta_high,0.07,10.0,0.25,19.46653189597684,113,153,734
beta_high,0.07,10.0,0.25,19.4785939659589,112,154,734
beta_high,0.07,10.0,0.25,19.48758981590875,112,153,735
beta_high,0.07,10.0,0.25,19.521204867448496,112,152,736
beta_high,0.07,10.0,0.25,19.538185220551007,112,151,737
beta_high,0.07,10.0,0.25,19.54106347138457,111,152,737
beta_high,0.07,10.0,0.25,19.544303428512592,110,153,737
beta_high,0.07,10.0,0.25,19.54746874490636,109,154,737
beta_high,0.07,10.0,0.25,19.60445744305532,108,155,737
beta_high,0.07,10.0,0.25,19.62403222628913,108,154,738
beta_high,0.07,10.0,0.25,19.62831358723849,108,153,739
beta_high,0.07,10.0,0.25,19.73992483849353,108,152,740
beta_high,0.07,10.0,0.25,19.76398234356571,107,153,740
beta_high,0.07,10.0,0.25,19.782698453019574,107,152,741
beta_high,0.07,10.0,0.25,19.790828368570768,106,153,741
beta_high,0.07,10.0,0.25,19.8143828104861,106,152,742
beta_high,0.07,10.0,0.25,19.814754126274806,106,151,743
beta_high,0.07,10.0,0.25,19.824306665617893,105,152,743
beta_high,0.07,10.0,0.25,19.85055440380246,104,153,743
beta_high,0.07,10.0,0.25,19.85140786818516,104,152,744
beta_high,0.07,10.0,0.25,19.859527807661735,104,151,745
beta_high,0.07,10.0,0.25,19.88116235057083,104,150,746
beta_high,0.07,10.0,0.25,19.881871047107087,104,149,747
beta_high,0.07,10.0,0.25,19.95864252350742,104,148,748
beta_high,0.07,10.0,0.25,19.965971424040678,104,147,749
beta_high,0.07,10.0,0.25,19.984714139186824,103,148,749
beta_high,0.07,10.0,0.25,19.987227926742996,103,147,750
beta_high,0.07,10.0,0.25,19.991644090268483,103,146,751
beta_high,0.07,10.0,0.25,19.999781728855496,103,145,752
beta_high,0.07,10.0,0.25,20.008611647695922,103,144,753
beta_high,0.07,10.0,0.25,20.037338750052626,102,145,753
beta_high,0.07,10.0,0.25,20.04474088273664,102,144,754
beta_high,0.07,10.0,0.25,20.051235703514788,102,143,755
beta_high,0.07,10.0,0.25,20.10069405065255,102,142,756
beta_high,0.07,10.0,0.25,20.13361042235188,102,141,757
beta_high,0.07,10.0,0.25,20.142138166354812,101,142,757
beta_high,0.07,10.0,0.25,20.1763904711972,101,141,758
beta_high,0.07,10.0,0.25,20.247052919668338,101,140,759
beta_high,0.07,10.0,0.25,20.26563762513884,101,139,760
beta_high,0.07,10.0,0.25,20.291742766931726,101,138,761
beta_high,0.07,10.0,0.25,20.33229172198094,101,137,762
beta_high,0.07,10.0,0.25,20.352635803930262,101,136,763
beta_high,0.07,10.0,0.25,20.366424110977487,101,135,764
beta_high,0.07,10.0,0.25,20.36827898048893,101,134,765
beta_high,0.07,10.0,0.25,20.41487376821997,100,135,765
beta_high,0.07,10.0,0.25,20.416098153073353,100,134,766
beta_high,0.07,10.0,0.25,20.428397706462317,99,135,766
beta_high,0.07,10.0,0.25,20.430348967592412,99,134,767
beta_high,0.07,10.0,0.25,20.453402271433795,99,133,768
beta_high,0.07,10.0,0.25,20.520737697494596,99,132,769
beta_high,0.07,10.0,0.25,20.66568751469052,99,131,770
beta_high,0.07,10.0,0.25,20.674607504749375,99,130,771
beta_high,0.07,10.0,0.25,20.704766608192436,98,131,771
beta_high,0.07,10.0,0.25,20.74587961387771,98,130,772
beta_high,0.07,10.0,0.25,20.74916963993973,98,129,773
beta_high,0.07,10.0,0.25,20.79244028282037,97,130,773
beta_high,0.07,10.0,0.25,20.796924377996273,97,129,774
beta_high,0.07,10.0,0.25,20.80678991313433,97,128,775
beta_high,0.07,10.0,0.25,20.824542986120445,97,127,776
beta_high,0.07,10.0,0.25,20.84747719970309,96,128,776
beta_high,0.07,10.0,0.25,20.850213090668937,96,127,777
beta_high,0.07,10.0,0.25,20.884027135791573,96,126,778
beta_high,0.07,10.0,0.25,20.936986935910724,96,125,779
beta_high,0.07,10.0,0.25,20.941027717696404,95,126,779
beta_high,0.07,10.0,0.25,20.950599356783492,95,125,780
beta_high,0.07,10.0,0.25,20.99791243732708,95,124,781
beta_high,0.07,10.0,0.25,21.025228345236442,95,123,782
beta_high,0.07,10.0,0.25,21.031487605400965,95,122,783
beta_high,0.07,10.0,0.25,21.053300624630648,95,121,784
beta_high,0.07,10.0,0.25,21.08737281740452,95,120,785
beta_high,0.07,10.0,0.25,21.175131058128937,95,119,786
beta_high,0.07,10.0,0.25,21.1794793128814,94,120,786
beta_high,0.07,10.0,0.25,21.22113264594547,94,119,787
beta_high,0.07,10.0,0.25,21.235041288191855,94,118,788
beta_high,0.07,10.0,0.25,21.241035987059604,94,117,789
beta_high,0.07,10.0,0.25,21.25562433705307,94,116,790
beta_high,0.07,10.0,0.25,21.338073901069897,94,115,791
beta_high,0.07,10.0,0.25,21.356500892844654,94,114,792
beta_high,0.07,10.0,0.25,21.37352651440004,94,113,793
beta_high,0.07,10.0,0.25,21.392862893033364,93,114,793
beta_high,0.07,10.0,0.25,21.404442759888987,92,115,793
beta_high,0.07,10.0,0.25,21.412527983054996,92,114,794
beta_high,0.07,10.0,0.25,21.42351401386818,91,115,794
beta_high,0.07,10.0,0.25,21.436793288401752,91,114,795
beta_high,0.07,10.0,0.25,21.439940181203756,91,113,796
beta_high,0.07,10.0,0.25,21.443740512452948,91,112,797
beta_high,0.07,10.0,0.25,21.486494118069775,91,111,798
beta_high,0.07,10.0,0.25,21.542657830037765,91,110,799
beta_high,0.07,10.0,0.25,21.575350756023383,91,109,800
beta_high,0.07,10.0,0.25,21.575815815102903,91,108,801
beta_high,0.07,10.0,0.25,21.59865315096704,91,107,802
beta_high,0.07,10.0,0.25,21.648047754301533,91,106,803
beta_high,0.07,10.0,0.25,21.64917241299658,90,107,803
beta_high,0.07,10.0,0.25,21.671600154508024,90,106,804
beta_high,0.07,10.0,0.25,21.68046064334585,90,105,805
beta_high,0.07,10.0,0.25,21.695343804816737,90,104,806
beta_high,0.07,10.0,0.25,21.695356024611947,90,103,807
beta_high,0.07,10.0,0.25,21.746677015512788,90,102,808
beta_high,0.07,10.0,0.25,21.82060258186307,90,101,809
beta_high,0.07,10.0,0.25,21.84198785233969,90,100,810
beta_high,0.07,10.0,0.25,21.862834516511295,89,101,810
beta_high,0.07,10.0,0.25,21.879242238223604,88,102,810
beta_high,0.07,10.0,0.25,21.889487186992003,87,103,810
beta_high,0.07,10.0,0.25,21.90283060902152,87,102,811
beta_high,0.07,10.0,0.25,22.020573956828006,87,101,812
beta_high,0.07,10.0,0.25,22.062066781067813,87,100,813
beta_high,0.07,10.0,0.25,22.120674480663062,87,99,814
beta_high,0.07,10.0,0.25,22.152189475227043,87,98,815
beta_high,0.07,10.0,0.25,22.18850875729622,87,97,816
beta_high,0.07,10.0,0.25,22.26357591377033,87,96,817
beta_high,0.07,10.0,0.25,22.296081923837693,87,95,818
beta_high,0.07,10.0,0.25,22.302945714911264,87,94,819
beta_high,0.07,10.0,0.25,22.34128238697772,87,93,820
beta_high,0.07,10.0,0.25,22.347911893497535,87,92,821
beta_high,0.07,10.0,0.25,22.393008548843234,87,91,822
beta_high,0.07,10.0,0.25,22.393854854269186,87,90,823
beta_high,0.07,10.0,0.25,22.41896160316761,87,89,824
beta_high,0.07,10.0,0.25,22.4419254182939,87,88,825
beta_high,0.07,10.0,0.25,22.520234623372538,86,89,825
beta_high,0.07,10.0,0.25,22.553956964071826,86,88,826
beta_high,0.07,10.0,0.25,22.582686497048623,86,87,827
beta_high,0.07,10.0,0.25,22.615642955264626,85,88,827
beta_high,0.07,10.0,0.25,22.640781902891714,85,87,828
beta_high,0.07,10.0,0.25,22.666634405854023,85,86,829
beta_high,0.07,10.0,0.25,22.676414190291453,85,85,830
beta_high,0.07,10.0,0.25,22.688193128748072,85,84,831
beta_high,0.07,10.0,0.25,22.724593606090163,85,83,832
beta_high,0.07,10.0,0.25,22.764105808631452,85,82,833
beta_high,0.07,10.0,0.25,22.764554587699326,85,81,834
beta_high,0.07,10.0,0.25,22.79609240179416,85,80,835
beta_high,0.07,10.0,0.25,22.80787544517477,85,79,836
beta_high,0.07,10.0,0.25,22.819337674105952,85,78,837
beta_high,0.07,10.0,0.25,22.905286561718594,85,77,838
beta_high,0.07,10.0,0.25,22.978560907607918,84,78,838
beta_high,0.07,10.0,0.25,23.00721331800812,84,77,839
beta_high,0.07,10.0,0.25,23.0252113084807,84,76,840
beta_high,0.07,10.0,0.25,23.074989004045833,84,75,841
beta_high,0.07,10.0,0.25,23.094331596872337,84,74,842
beta_high,0.07,10.0,0.25,23.208051089132702,84,73,843
beta_high,0.07,10.0,0.25,23.341877994350376,84,72,844
beta_high,0.07,10.0,0.25,23.74526695223314,84,71,845
beta_high,0.07,10.0,0.25,23.74872288922698,84,70,846
beta_high,0.07,10.0,0.25,23.769440982838322,84,69,847
beta_high,0.07,10.0,0.25,23.860348477716848,84,68,848
beta_high,0.07,10.0,0.25,23.91138206991561,84,67,849
beta_high,0.07,10.0,0.25,24.041709455510812,84,66,850
beta_high,0.07,10.0,0.25,24.05948111475365,84,65,851
beta_high,0.07,10.0,0.25,24.089355997763438,84,64,852
beta_high,0.07,10.0,0.25,24.13879267952795,84,63,853
beta_high,0.07,10.0,0.25,24.147180786952433,83,64,853
beta_high,0.07,10.0,0.25,24.161536451826407,83,63,854
beta_high,0.07,10.0,0.25,24.218314594042674,83,62,855
beta_high,0.07,10.0,0.25,24.24005929922622,83,61,856
beta_high,0.07,10.0,0.25,24.27422702287251,83,60,857
beta_high,0.07,10.0,0.25,24.3492873026878,83,59,858
beta_high,0.07,10.0,0.25,24.46994091120821,83,58,859
beta_high,0.07,10.0,0.25,24.646206571693526,83,57,860
beta_high,0.07,10.0,0.25,24.838337031937655,83,56,861
beta_high,0.07,10.0,0.25,25.095921827334355,82,57,861
beta_high,0.07,10.0,0.25,25.103382059199262,82,56,862
beta_high,0.07,10.0,0.25,25.156926514808347,82,55,863
beta_high,0.07,10.0,0.25,25.159680792314546,82,54,864
beta_high,0.07,10.0,0.25,25.162200019183175,82,53,865
beta_high,0.07,10.0,0.25,25.180330633234675,81,54,865
beta_high,0.07,10.0,0.25,25.20922258699063,81,53,866
beta_high,0.07,10.0,0.25,25.289259774585105,81,52,867
beta_high,0.07,10.0,0.25,25.37164432011292,80,53,867
beta_high,0.07,10.0,0.25,25.824232446206224,80,52,868
beta_high,0.07,10.0,0.25,25.91392776572831,80,51,869
beta_high,0.07,10.0,0.25,25.951099768962436,80,50,870
beta_high,0.07,10.0,0.25,25.960021918822616,80,49,871
beta_high,0.07,10.0,0.25,25.968911778968838,80,48,872
beta_high,0.07,10.0,0.25,25.983103798042126,79,49,872
beta_high,0.07,10.0,0.25,25.983167633420535,79,48,873
beta_high,0.07,10.0,0.25,26.06825003051364,79,47,874
beta_high,0.07,10.0,0.25,26.236121811568236,79,46,875
beta_high,0.07,10.0,0.25,26.2665286555994,78,47,875
beta_high,0.07,10.0,0.25,26.354222064111877,78,46,876
beta_high,0.07,10.0,0.25,26.458709024287693,78,45,877
beta_high,0.07,10.0,0.25,26.514789453223994,78,44,878
beta_high,0.07,10.0,0.25,26.624250285842,78,43,879
beta_high,0.07,10.0,0.25,26.62858428212978,78,42,880
beta_high,0.07,10.0,0.25,26.759923129106298,78,41,881
beta_high,0.07,10.0,0.25,27.108262946509775,78,40,882
beta_high,0.07,10.0,0.25,27.15431730679158,78,39,883
beta_high,0.07,10.0,0.25,27.189897783739127,78,38,884
beta_high,0.07,10.0,0.25,27.241727740382572,78,37,885
beta_high,0.07,10.0,0.25,27.339787057290007,78,36,886
beta_high,0.07,10.0,0.25,27.402222544888062,78,35,887
beta_high,0.07,10.0,0.25,27.410447356657887,78,34,888
beta_high,0.07,10.0,0.25,27.428553173871027,77,35,888
beta_high,0.07,10.0,0.25,27.499443783187147,77,34,889
beta_high,0.07,10.0,0.25,27.65841066980153,77,33,890
beta_high,0.07,10.0,0.25,27.68611815250135,77,32,891
beta_high,0.07,10.0,0.25,27.710882203154547,77,31,892
beta_high,0.07,10.0,0.25,27.731402256280887,77,30,893
beta_high,0.07,10.0,0.25,27.75315263456508,77,29,894
beta_high,0.07,10.0,0.25,28.060796363281707,77,28,895
beta_high,0.07,10.0,0.25,28.131288447597566,77,27,896
beta_high,0.07,10.0,0.25,28.322241817697005,77,26,897
beta_high,0.07,10.0,0.25,28.696919232752425,76,27,897
beta_high,0.07,10.0,0.25,28.711849876975595,76,26,898
beta_high,0.07,10.0,0.25,29.031801188180424,76,25,899
beta_high,0.07,10.0,0.25,29.04181483011901,76,24,900
beta_high,0.07,10.0,0.25,29.113489033697057,76,23,901
beta_high,0.07,10.0,0.25,29.192692279903486,75,24,901
beta_high,0.07,10.0,0.25,29.481283571781344,75,23,902
beta_high,0.07,10.0,0.25,29.56207313507216,75,22,903
beta_high,0.07,10.0,0.25,29.57706057927189,74,23,903
beta_high,0.07,10.0,0.25,29.587225382771308,74,22,904
beta_high,0.07,10.0,0.25,29.606648970890525,74,21,905
beta_high,0.07,10.0,0.25,29.912865591637587,74,20,906
beta_high,0.07,10.0,0.25,30.034290660781735,74,19,907
beta_high,0.07,10.0,0.25,30.261269759520353,74,18,908
beta_high,0.07,10.0,0.25,30.36608467572603,74,17,909
beta_high,0.07,10.0,0.25,30.563323183472523,74,16,910
beta_high,0.07,10.0,0.25,30.61360732463125,74,15,911
beta_high,0.07,10.0,0.25,30.943988375694396,74,14,912
beta_high,0.07,10.0,0.25,31.58341346969063,73,15,912
beta_high,0.07,10.0,0.25,31.75921842563784,73,14,913
beta_high,0.07,10.0,0.25,32.44572104378693,73,13,914
beta_high,0.07,10.0,0.25,33.374147410825216,73,12,915
beta_high,0.07,10.0,0.25,33.42102061576051,73,11,916
beta_high,0.07,10.0,0.25,34.16277958907581,73,10,917
beta_high,0.07,10.0,0.25,34.32266828960198,73,9,918
beta_high,0.07,10.0,0.25,34.793056533704345,73,8,919
beta_high,0.07,10.0,0.25,35.97794904829829,73,7,920
beta_high,0.07,10.0,0.25,36.237572545684074,72,8,920
beta_high,0.07,10.0,0.25,36.67999512509623,72,7,921
beta_high,0.07,10.0,0.25,38.65475644685314,72,6,922
beta_high,0.07,10.0,0.25,38.71114326611993,72,5,923
beta_high,0.07,10.0,0.25,38.94118434821347,72,4,924
contacts_low,0.05,5.0,0.25,0.0,990,10,0
contacts_low,0.05,5.0,0.25,0.22170201468459816,989,11,0
contacts_low,0.05,5.0,0.25,0.4187381648895242,989,10,1
contacts_low,0.05,5.0,0.25,0.45704075115651627,989,9,2
contacts_low,0.05,5.0,0.25,0.5015571924693848,988,10,2
contacts_low,0.05,5.0,0.25,0.9136460307932821,988,9,3
contacts_low,0.05,5.0,0.25,1.1279850033572947,987,10,3
contacts_low,0.05,5.0,0.25,1.2513662600880398,986,11,3
contacts_low,0.05,5.0,0.25,1.3082779501442605,986,10,4
contacts_low,0.05,5.0,0.25,1.3224874208665645,985,11,4
contacts_low,0.05,5.0,0.25,1.7162183305560266,985,10,5
contacts_low,0.05,5.0,0.25,1.8134847248514405,985,9,6
contacts_low,0.05,5.0,0.25,2.0166283225062345,984,10,6
contacts_low,0.05,5.0,0.25,2.3736412614622324,983,11,6
contacts_low,0.05,5.0,0.25,2.3843288222779986,982,12,6
contacts_low,0.05,5.0,0.25,2.5665500293605206,982,11,7
contacts_low,0.05,5.0,0.25,2.6049044380355526,981,12,7
contacts_low,0.05,5.0,0.25,2.682104660078978,981,11,8
contacts_low,0.05,5.0,0.25,2.686160289236048,981,10,9
contacts_low,0.05,5.0,0.25,2.745292870901782,980,11,9
contacts_low,0.05,5.0,0.25,2.924201428765518,979,12,9
contacts_low,0.05,5.0,0.25,3.076983434688252,979,11,10
contacts_low,0.05,5.0,0.25,3.259239571741394,979,10,11
contacts_low,0.05,5.0,0.25,3.467645796852802,978,11,11
contacts_low,0.05,5.0,0.25,3.505423228209102,978,10,12
contacts_low,0.05,5.0,0.25,3.9661884867761863,978,9,13
contacts_low,0.05,5.0,0.25,4.093389407664925,977,10,13
contacts_low,0.05,5.0,0.25,4.170688529765993,976,11,13
contacts_low,0.05,5.0,0.25,4.183962055857068,976,10,14
contacts_low,0.05,5.0,0.25,4.21021751381264,975,11,14
contacts_low,0.05,5.0,0.25,4.2179985421603154,974,12,14
contacts_low,0.05,5.0,0.25,4.272057853604367,973,13,14
contacts_low,0.05,5.0,0.25,4.5517260155290655,973,12,15
contacts_low,0.05,5.0,0.25,4.569222364647209,972,13,15
contacts_low,0.05,5.0,0.25,4.640874039929531,972,12,16
contacts_low,0.05,5.0,0.25,4.642887277581602,971,13,16
contacts_low,0.05,5.0,0.25,4.656432137536772,970,14,16
contacts_low,0.05,5.0,0.25,4.708347093664943,969,15,16
contacts_low,0.05,5.0,0.25,4.821108121918664,969,14,17
contacts_low,0.05,5.0,0.25,5.061578938621578,969,13,18
contacts_low,0.05,5.0,0.25,5.649353639573879,969,12,19
contacts_low,0.05,5.0,0.25,5.9725234383314625,969,11,20
contacts_low,0.05,5.0,0.25,6.118833599608521,968,12,20
contacts_low,0.05,5.0,0.25,6.182943077299678,967,13,20
contacts_low,0.05,5.0,0.25,6.236297824719665,967,12,21
contacts_low,0.05,5.0,0.25,6.2409179599539195,966,13,21
contacts_low,0.05,5.0,0.25,6.303266663187103,965,14,21
contacts_low,0.05,5.0,0.25,6.487893425836283,965,13,22
contacts_low,0.05,5.0,0.25,6.625062461496187,964,14,22
contacts_low,0.05,5.0,0.25,6.649643051274441,963,15,22
contacts_low,0.05,5.0,0.25,6.663589516041399,962,16,22
contacts_low,0.05,5.0,0.25,6.679658675625029,962,15,23
contacts_low,0.05,5.0,0.25,6.770138710304701,961,16,23
contacts_low,0.05,5.0,0.25,6.777417359254805,960,17,23
contacts_low,0.05,5.0,0.25,6.796041237071512,959,18,23
contacts_low,0.05,5.0,0.25,6.8867070230145195,958,19,23
contacts_low,0.05,5.0,0.25,6.947513007691597,958,18,24
contacts_low,0.05,5.0,0.25,6.958754676345234,958,17,25
contacts_low,0.05,5.0,0.25,6.973209331168553,957,18,25
contacts_low,0.05,5.0,0.25,7.09915409782308,956,19,25
contacts_low,0.05,5.0,0.25,7.125283627668943,955,20,25
contacts_low,0.05,5.0,0.25,7.1631361017366615,954,21,25
contacts_low,0.05,5.0,0.25,7.2681244229041795,954,20,26
contacts_low,0.05,5.0,0.25,7.268280687482392,954,19,27
contacts_low,0.05,5.0,0.25,7.352881153672913,954,18,28
contacts_low,0.05,5.0,0.25,7.361084628810792,954,17,29
contacts_low,0.05,5.0,0.25,7.401686652351158,954,16,30
contacts_low,0.05,5.0,0.25,7.713056084626752,954,15,31
contacts_low,0.05,5.0,0.25,7.8866117139143155,954,14,32
contacts_low,0.05,5.0,0.25,7.955903564327061,954,13,33
contacts_low,0.05,5.0,0.25,8.063389830516169,953,14,33
contacts_low,0.05,5.0,0.25,8.46559082278404,953,13,34
contacts_low,0.05,5.0,0.25,8.538246453944307,952,14,34
contacts_low,0.05,5.0,0.25,8.756010149524746,952,13,35
contacts_low,0.05,5.0,0.25,8.904786690563732,952,12,36
contacts_low,0.05,5.0,0.25,9.058588924638997,951,13,36
contacts_low,0.05,5.0,0.25,9.316498238260516,950,14,36
contacts_low,0.05,5.0,0.25,9.385500516388769,949,15,36
contacts_low,0.05,5.0,0.25,9.511210336670155,948,16,36
contacts_low,0.05,5.0,0.25,9.581022007823645,947,17,36
contacts_low,0.05,5.0,0.25,9.61327729257209,946,18,36
contacts_low,0.05,5.0,0.25,9.635838084852626,946,17,37
contacts_low,0.05,5.0,0.25,9.900012926079432,945,18,37
contacts_low,0.05,5.0,0.25,10.155956581808397,945,17,38
contacts_low,0.05,5.0,0.25,10.251405585216272,945,16,39
contacts_low,0.05,5.0,0.25,10.2623150283037,945,15,40
contacts_low,0.05,5.0,0.25,10.321006099591903,944,16,40
contacts_low,0.05,5.0,0.25,10.474944275284308,944,15,41
contacts_low,0.05,5.0,0.25,10.880861581763998,944,14,42
contacts_low,0.05,5.0,0.25,10.921634287484359,944,13,43
contacts_low,0.05,5.0,0.25,10.94807713455664,944,12,44
contacts_low,0.05,5.0,0.25,10.981075647763923,943,13,44
contacts_low,0.05,5.0,0.25,11.170340150318413,943,12,45
contacts_low,0.05,5.0,0.25,11.357407996648432,943,11,46
contacts_low,0.05,5.0,0.25,11.533627666570021,942,12,46
contacts_low,0.05,5.0,0.25,11.53518167020497,941,13,46
contacts_low,0.05,5.0,0.25,11.552414528201721,940,14,46
contacts_low,0.05,5.0,0.25,11.79762483883944,939,15,46
contacts_low,0.05,5.0,0.25,11.827418578153159,939,14,47
contacts_low,0.05,5.0,0.25,11.972861182661644,938,15,47
contacts_low,0.05,5.0,0.25,12.055315980593026,938,14,48
contacts_low,0.05,5.0,0.25,12.387679569458166,938,13,49
contacts_low,0.05,5.0,0.25,12.539230901850893,938,12,50
contacts_low,0.05,5.0,0.25,13.035053792110375,937,13,50
contacts_low,0.05,5.0,0.25,13.205808733093779,937,12,51
contacts_low,0.05,5.0,0.25,13.31813770202691,936,13,51
contacts_low,0.05,5.0,0.25,13.789053525146084,935,14,51
contacts_low,0.05,5.0,0.25,13.831628011540273,935,13,52
contacts_low,0.05,5.0,0.25,13.95476693679105,935,12,53
contacts_low,0.05,5.0,0.25,14.051042014175465,934,13,53
contacts_low,0.05,5.0,0.25,14.104142131227752,934,12,54
contacts_low,0.05,5.0,0.25,14.151518129280655,933,13,54
contacts_low,0.05,5.0,0.25,14.173011580533961,932,14,54
contacts_low,0.05,5.0,0.25,14.217285030009437,932,13,55
contacts_low,0.05,5.0,0.25,14.333847746651212,931,14,55
contacts_low,0.05,5.0,0.25,14.457989727081168,931,13,56
contacts_low,0.05,5.0,0.25,14.540552283833158,930,14,56
contacts_low,0.05,5.0,0.25,14.891290026444251,929,15,56
contacts_low,0.05,5.0,0.25,15.078511939837957,929,14,57
contacts_low,0.05,5.0,0.25,15.13393522682228,928,15,57
contacts_low,0.05,5.0,0.25,15.180051685512513,928,14,58
contacts_low,0.05,5.0,0.25,15.192967612900826,928,13,59
contacts_low,0.05,5.0,0.25,15.689587725510282,928,12,60
contacts_low,0.05,5.0,0.25,15.820915398148843,927,13,60
contacts_low,0.05,5.0,0.25,15.942282944669925,927,12,61
contacts_low,0.05,5.0,0.25,16.024396610055682,927,11,62
contacts_low,0.05,5.0,0.25,16.25960680276393,927,10,63
contacts_low,0.05,5.0,0.25,16.596916935506272,927,9,64
contacts_low,0.05,5.0,0.25,16.998561293320407,927,8,65
contacts_low,0.05,5.0,0.25,17.00269109723999,926,9,65
contacts_low,0.05,5.0,0.25,17.12534931175632,925,10,65
contacts_low,0.05,5.0,0.25,17.426219023966766,925,9,66
contacts_low,0.05,5.0,0.25,17.56587994179854,924,10,66
contacts_low,0.05,5.0,0.25,17.735855096781666,924,9,67
contacts_low,0.05,5.0,0.25,17.83554153588751,923,10,67
contacts_low,0.05,5.0,0.25,18.469281066729412,922,11,67
contacts_low,0.05,5.0,0.25,19.100045673079926,922,10,68
contacts_low,0.05,5.0,0.25,19.10292058170193,922,9,69
contacts_low,0.05,5.0,0.25,19.210526703679154,921,10,69
contacts_low,0.05,5.0,0.25,19.27552757297487,921,9,70
contacts_low,0.05,5.0,0.25,19.31351273564897,921,8,71
contacts_low,0.05,5.0,0.25,19.40729810301647,921,7,72
contacts_low,0.05,5.0,0.25,19.57368564156342,920,8,72
contacts_low,0.05,5.0,0.25,20.232039497085218,920,7,73
contacts_low,0.05,5.0,0.25,20.31731185691683,920,6,74
contacts_low,0.05,5.0,0.25,20.499280004522458,920,5,75
contacts_low,0.05,5.0,0.25,20.54018371040555,920,4,76
contacts_low,0.05,5.0,0.25,20.934132308409872,920,3,77
contacts_low,0.05,5.0,0.25,21.58927095604967,919,4,77
contacts_low,0.05,5.0,0.25,23.26087882274378,918,5,77
contacts_low,0.05,5.0,0.25,23.869810065359175,918,4,78
contacts_low,0.05,5.0,0.25,24.186800559556143,918,3,79
contacts_low,0.05,5.0,0.25,25.520638416034906,918,2,80
contacts_low,0.05,5.0,0.25,25.94693116143697,918,1,81
contacts_low,0.05,5.0,0.25,26.701452207266115,918,0,82
contacts_high,0.05,15.0,0.25,0.0,990,10,0
contacts_high,0.05,15.0,0.25,0.07390067156153271,989,11,0
contacts_high,0.05,15.0,0.25,0.1663900034730208,988,12,0
contacts_high,0.05,15.0,0.25,0.20959497803099453,987,13,0
contacts_high,0.05,15.0,0.25,0.352596585149426,986,14,0
contacts_high,0.05,15.0,0.25,0.3551337901882604,985,15,0
contacts_high,0.05,15.0,0.25,0.4127854495489115,984,16,0
contacts_high,0.05,15.0,0.25,0.4187381648895242,984,15,1
contacts_high,0.05,15.0,0.25,0.43824774463603755,983,16,1
contacts_high,0.05,15.0,0.25,0.45704075115651627,983,15,2
contacts_high,0.05,15.0,0.25,0.5399594113528993,982,16,2
contacts_high,0.05,15.0,0.25,0.666248972994104,981,17,2
contacts_high,0.05,15.0,0.25,0.7305325922687562,980,18,2
contacts_high,0.05,15.0,0.25,0.7611165648186485,979,19,2
contacts_high,0.05,15.0,0.25,0.7824971369978971,978,20,2
contacts_high,0.05,15.0,0.25,0.8240824618595132,978,19,3
contacts_high,0.05,15.0,0.25,0.8514605694364019,977,20,3
contacts_high,0.05,15.0,0.25,0.8821113436975244,976,21,3
contacts_high,0.05,15.0,0.25,0.905157892696331,975,22,3
contacts_high,0.05,15.0,0.25,0.9136460307932821,975,21,4
contacts_high,0.05,15.0,0.25,0.9292450486209135,975,20,5
contacts_high,0.05,15.0,0.25,0.9646174147593822,974,21,5
contacts_high,0.05,15.0,0.25,0.9674580761221644,973,22,5
contacts_high,0.05,15.0,0.25,0.9698025612017377,972,23,5
contacts_high,0.05,15.0,0.25,0.973358311643983,972,22,6
contacts_high,0.05,15.0,0.25,1.0200637156754144,971,23,6
contacts_high,0.05,15.0,0.25,1.0590622715722613,970,24,6
contacts_high,0.05,15.0,0.25,1.2481374345411418,969,25,6
contacts_high,0.05,15.0,0.25,1.3082779501442605,969,24,7
contacts_high,0.05,15.0,0.25,1.3347854591032697,968,25,7
contacts_high,0.05,15.0,0.25,1.3417261937655889,968,24,8
contacts_high,0.05,15.0,0.25,1.3455253204020599,967,25,8
contacts_high,0.05,15.0,0.25,1.3843191880741506,966,26,8
contacts_high,0.05,15.0,0.25,1.4227993672009713,965,27,8
contacts_high,0.05,15.0,0.25,1.453664793441624,964,28,8
contacts_high,0.05,15.0,0.25,1.5702269339570711,963,29,8
contacts_high,0.05,15.0,0.25,1.5792166201829863,963,28,9
contacts_high,0.05,15.0,0.25,1.6310228429524654,962,29,9
contacts_high,0.05,15.0,0.25,1.644871569102278,961,30,9
contacts_high,0.05,15.0,0.25,1.7162183305560266,961,29,10
contacts_high,0.05,15.0,0.25,1.7489024223221508,960,30,10
contacts_high,0.05,15.0,0.25,1.7697085985619732,959,31,10
contacts_high,0.05,15.0,0.25,1.7992820418846613,958,32,10
contacts_high,0.05,15.0,0.25,1.8435238495398498,958,31,11
contacts_high,0.05,15.0,0.25,1.8738834344257986,957,32,11
contacts_high,0.05,15.0,0.25,1.8956785447764044,956,33,11
contacts_high,0.05,15.0,0.25,1.90061776425207,955,34,11
contacts_high,0.05,15.0,0.25,1.9142791037447666,955,33,12
contacts_high,0.05,15.0,0.25,1.9332368897657235,954,34,12
contacts_high,0.05,15.0,0.25,1.934826786692123,953,35,12
contacts_high,0.05,15.0,0.25,1.9596596636141173,952,36,12
contacts_high,0.05,15.0,0.25,1.971851324006839,951,37,12
contacts_high,0.05,15.0,0.25,2.000260782398162,950,38,12
contacts_high,0.05,15.0,0.25,2.0261210849004296,949,39,12
contacts_high,0.05,15.0,0.25,2.0410731485312796,948,40,12
contacts_high,0.05,15.0,0.25,2.108116345498571,947,41,12
contacts_high,0.05,15.0,0.25,2.111789922587442,946,42,12
contacts_high,0.05,15.0,0.25,2.121769352650568,946,41,13
contacts_high,0.05,15.0,0.25,2.1249258364036705,945,42,13
contacts_high,0.05,15.0,0.25,2.1469129468087016,944,43,13
contacts_high,0.05,15.0,0.25,2.207489084444725,943,44,13
contacts_high,0.05,15.0,0.25,2.243835325602422,942,45,13
contacts_high,0.05,15.0,0.25,2.2858481634220555,941,46,13
contacts_high,0.05,15.0,0.25,2.299155646833672,941,45,14
contacts_high,0.05,15.0,0.25,2.314141553148769,940,46,14
contacts_high,0.05,15.0,0.25,2.328828251958306,939,47,14
contacts_high,0.05,15.0,0.25,2.336372273033595,939,46,15
contacts_high,0.05,15.0,0.25,2.340282704751073,938,47,15
contacts_high,0.05,15.0,0.25,2.363046017100869,937,48,15
contacts_high,0.05,15.0,0.25,2.382416920720228,936,49,15
contacts_high,0.05,15.0,0.25,2.409208963178568,935,50,15
contacts_high,0.05,15.0,0.25,2.4100384601685647,934,51,15
contacts_high,0.05,15.0,0.25,2.414145197700729,933,52,15
contacts_high,0.05,15.0,0.25,2.4277313903411013,933,51,16
contacts_high,0.05,15.0,0.25,2.434174505854664,932,52,16
contacts_high,0.05,15.0,0.25,2.500387521285024,931,53,16
contacts_high,0.05,15.0,0.25,2.5127141944848415,930,54,16
contacts_high,0.05,15.0,0.25,2.5171935443434004,930,53,17
contacts_high,0.05,15.0,0.25,2.5313598110255837,929,54,17
contacts_high,0.05,15.0,0.25,2.5665500293605206,929,53,18
contacts_high,0.05,15.0,0.25,2.615809137264056,929,52,19
contacts_high,0.05,15.0,0.25,2.624240962512163,928,53,19
contacts_high,0.05,15.0,0.25,2.6433616393846417,927,54,19
contacts_high,0.05,15.0,0.25,2.6616429392119203,926,55,19
contacts_high,0.05,15.0,0.25,2.6750474647508695,925,56,19
contacts_high,0.05,15.0,0.25,2.677627976834442,924,57,19
contacts_high,0.05,15.0,0.25,2.686160289236048,924,56,20
contacts_high,0.05,15.0,0.25,2.7184201752996913,923,57,20
contacts_high,0.05,15.0,0.25,2.723795391819858,922,58,20
contacts_high,0.05,15.0,0.25,2.7509173806303915,921,59,20
contacts_high,0.05,15.0,0.25,2.767550834256372,921,58,21
contacts_high,0.05,15.0,0.25,2.804205447634246,920,59,21
contacts_high,0.05,15.0,0.25,2.8290705950276727,919,60,21
contacts_high,0.05,15.0,0.25,2.8366968049715373,919,59,22
contacts_high,0.05,15.0,0.25,2.8547355989481953,918,60,22
contacts_high,0.05,15.0,0.25,2.855327056113763,917,61,22
contacts_high,0.05,15.0,0.25,2.8579995805312057,916,62,22
contacts_high,0.05,15.0,0.25,2.875096439966633,915,63,22
contacts_high,0.05,15.0,0.25,2.8847925664815843,914,64,22
contacts_high,0.05,15.0,0.25,2.90179340344219,913,65,22
contacts_high,0.05,15.0,0.25,2.9323767560538934,912,66,22
contacts_high,0.05,15.0,0.25,2.953883605367604,911,67,22
contacts_high,0.05,15.0,0.25,2.9763781351613283,910,68,22
contacts_high,0.05,15.0,0.25,2.9842036048825156,909,69,22
contacts_high,0.05,15.0,0.25,3.011971557308329,908,70,22
contacts_high,0.05,15.0,0.25,3.0170298912149036,907,71,22
contacts_high,0.05,15.0,0.25,3.076983434688252,907,70,23
contacts_high,0.05,15.0,0.25,3.0929664989225616,907,69,24
contacts_high,0.05,15.0,0.25,3.1103188644754063,906,70,24
contacts_high,0.05,15.0,0.25,3.1174721389774787,905,71,24
contacts_high,0.05,15.0,0.25,3.1179572795172956,904,72,24
contacts_high,0.05,15.0,0.25,3.13419284837585,904,71,25
contacts_high,0.05,15.0,0.25,3.1546272158163013,904,70,26
contacts_high,0.05,15.0,0.25,3.1721214003042464,903,71,26
contacts_high,0.05,15.0,0.25,3.185372244993028,902,72,26
contacts_high,0.05,15.0,0.25,3.2234014572374265,901,73,26
contacts_high,0.05,15.0,0.25,3.247104673744898,901,72,27
contacts_high,0.05,15.0,0.25,3.259239571741394,901,71,28
contacts_high,0.05,15.0,0.25,3.2705790483177317,900,72,28
contacts_high,0.05,15.0,0.25,3.287183176904016,899,73,28
contacts_high,0.05,15.0,0.25,3.288234632320779,898,74,28
contacts_high,0.05,15.0,0.25,3.29385035165755,897,75,28
contacts_high,0.05,15.0,0.25,3.346525644498928,896,76,28
contacts_high,0.05,15.0,0.25,3.3585094932953936,896,75,29
contacts_high,0.05,15.0,0.25,3.371479111947497,895,76,29
contacts_high,0.05,15.0,0.25,3.394091597970894,895,75,30
contacts_high,0.05,15.0,0.25,3.4144912201089324,895,74,31
contacts_high,0.05,15.0,0.25,3.4148323607610997,894,75,31
contacts_high,0.05,15.0,0.25,3.4330883077087293,894,74,32
contacts_high,0.05,15.0,0.25,3.444944797784155,893,75,32
contacts_high,0.05,15.0,0.25,3.4499284830278234,893,74,33
contacts_high,0.05,15.0,0.25,3.453911393863012,892,75,33
contacts_high,0.05,15.0,0.25,3.461758777209253,892,74,34
contacts_high,0.05,15.0,0.25,3.4755489568544697,891,75,34
contacts_high,0.05,15.0,0.25,3.492807750299231,890,76,34
contacts_high,0.05,15.0,0.25,3.498148003400982,890,75,35
contacts_high,0.05,15.0,0.25,3.50960154116208,889,76,35
contacts_high,0.05,15.0,0.25,3.5419404647435693,888,77,35
contacts_high,0.05,15.0,0.25,3.583384596340288,887,78,35
contacts_high,0.05,15.0,0.25,3.585612580989715,887,77,36
contacts_high,0.05,15.0,0.25,3.5985261315693937,886,78,36
contacts_high,0.05,15.0,0.25,3.5987208592670124,886,77,37
contacts_high,0.05,15.0,0.25,3.6022434376674313,885,78,37
contacts_high,0.05,15.0,0.25,3.641403960715323,884,79,37
contacts_high,0.05,15.0,0.25,3.653635293712847,883,80,37
contacts_high,0.05,15.0,0.25,3.671006275451088,882,81,37
contacts_high,0.05,15.0,0.25,3.691087564635678,881,82,37
contacts_high,0.05,15.0,0.25,3.706278633491178,880,83,37
contacts_high,0.05,15.0,0.25,3.7133145457348937,879,84,37
contacts_high,0.05,15.0,0.25,3.7413422435473405,879,83,38
contacts_high,0.05,15.0,0.25,3.743564936597784,878,84,38
contacts_high,0.05,15.0,0.25,3.756350572481572,878,83,39
contacts_high,0.05,15.0,0.25,3.759792140855638,877,84,39
contacts_high,0.05,15.0,0.25,3.7635033036305496,877,83,40
contacts_high,0.05,15.0,0.25,3.7969271988407436,876,84,40
contacts_high,0.05,15.0,0.25,3.831537650189133,875,85,40
contacts_high,0.05,15.0,0.25,3.84754069294163,874,86,40
contacts_high,0.05,15.0,0.25,3.8481168147731317,873,87,40
contacts_high,0.05,15.0,0.25,3.854445031143951,872,88,40
contacts_high,0.05,15.0,0.25,3.858205731187938,871,89,40
contacts_high,0.05,15.0,0.25,3.869416738134336,870,90,40
contacts_high,0.05,15.0,0.25,3.8779384600523095,870,89,41
contacts_high,0.05,15.0,0.25,3.880057675472405,869,90,41
contacts_high,0.05,15.0,0.25,3.8829609319732428,868,91,41
contacts_high,0.05,15.0,0.25,3.884926389580246,867,92,41
contacts_high,0.05,15.0,0.25,3.9004834196469553,866,93,41
contacts_high,0.05,15.0,0.25,3.9135851190670423,865,94,41
contacts_high,0.05,15.0,0.25,3.9215797793080736,865,93,42
contacts_high,0.05,15.0,0.25,3.9282395189445123,864,94,42
contacts_high,0.05,15.0,0.25,3.937719357724841,864,93,43
contacts_high,0.05,15.0,0.25,3.958569266617765,863,94,43
contacts_high,0.05,15.0,0.25,3.966289815621481,863,93,44
contacts_high,0.05,15.0,0.25,3.966437313259217,862,94,44
contacts_high,0.05,15.0,0.25,4.006009080480479,861,95,44
contacts_high,0.05,15.0,0.25,4.023584361956454,860,96,44
contacts_high,0.05,15.0,0.25,4.027132751312106,859,97,44
contacts_high,0.05,15.0,0.25,4.028964755709838,859,96,45
contacts_high,0.05,15.0,0.25,4.036960295985415,858,97,45
contacts_high,0.05,15.0,0.25,4.038016455910449,857,98,45
contacts_high,0.05,15.0,0.25,4.051363994185401,856,99,45
contacts_high,0.05,15.0,0.25,4.053033288173239,855,100,45
contacts_high,0.05,15.0,0.25,4.056700912820404,854,101,45
contacts_high,0.05,15.0,0.25,4.065968281141375,853,102,45
contacts_high,0.05,15.0,0.25,4.068581265788104,852,103,45
contacts_high,0.05,15.0,0.25,4.072552098221452,851,104,45
contacts_high,0.05,15.0,0.25,4.07796933538348,850,105,45
contacts_high,0.05,15.0,0.25,4.078849802870222,850,104,46
contacts_high,0.05,15.0,0.25,4.081811219985986,850,103,47
contacts_high,0.05,15.0,0.25,4.082104643497566,849,104,47
contacts_high,0.05,15.0,0.25,4.0915975259469555,848,105,47
contacts_high,0.05,15.0,0.25,4.1108092136281025,847,106,47
contacts_high,0.05,15.0,0.25,4.1111336918086785,846,107,47
contacts_high,0.05,15.0,0.25,4.114197436445301,845,108,47
contacts_high,0.05,15.0,0.25,4.129599095215121,844,109,47
contacts_high,0.05,15.0,0.25,4.138857137170077,844,108,48
contacts_high,0.05,15.0,0.25,4.141202293331958,844,107,49
contacts_high,0.05,15.0,0.25,4.143120563111062,843,108,49
contacts_high,0.05,15.0,0.25,4.1512692171260035,843,107,50
contacts_high,0.05,15.0,0.25,4.157171152533689,842,108,50
contacts_high,0.05,15.0,0.25,4.182959930259395,841,109,50
contacts_high,0.05,15.0,0.25,4.188758128945942,841,108,51
contacts_high,0.05,15.0,0.25,4.235818835606031,841,107,52
contacts_high,0.05,15.0,0.25,4.26066636475702,841,106,53
contacts_high,0.05,15.0,0.25,4.271584057988242,840,107,53
contacts_high,0.05,15.0,0.25,4.274369922109619,839,108,53
contacts_high,0.05,15.0,0.25,4.30017845633947,838,109,53
contacts_high,0.05,15.0,0.25,4.311417872628377,837,110,53
contacts_high,0.05,15.0,0.25,4.314883281555279,836,111,53
contacts_high,0.05,15.0,0.25,4.322580671575769,835,112,53
contacts_high,0.05,15.0,0.25,4.325340207354936,834,113,53
contacts_high,0.05,15.0,0.25,4.350144164892536,833,114,53
contacts_high,0.05,15.0,0.25,4.38000298732794,832,115,53
contacts_high,0.05,15.0,0.25,4.3859057527444145,831,116,53
contacts_high,0.05,15.0,0.25,4.425461316659392,830,117,53
contacts_high,0.05,15.0,0.25,4.4354097169534,829,118,53
contacts_high,0.05,15.0,0.25,4.470447514975428,828,119,53
contacts_high,0.05,15.0,0.25,4.472497430851653,828,118,54
contacts_high,0.05,15.0,0.25,4.490438093247451,828,117,55
contacts_high,0.05,15.0,0.25,4.499133880877436,827,118,55
contacts_high,0.05,15.0,0.25,4.5036686985462735,826,119,55
contacts_high,0.05,15.0,0.25,4.5042081403490375,825,120,55
contacts_high,0.05,15.0,0.25,4.5276639023425185,825,119,56
contacts_high,0.05,15.0,0.25,4.528938836783699,825,118,57
contacts_high,0.05,15.0,0.25,4.5420805370775845,824,119,57
contacts_high,0.05,15.0,0.25,4.556767964898799,823,120,57
contacts_high,0.05,15.0,0.25,4.55767307727504,822,121,57
contacts_high,0.05,15.0,0.25,4.5610711969932165,821,122,57
contacts_high,0.05,15.0,0.25,4.61779762294881,820,123,57
contacts_high,0.05,15.0,0.25,4.62593283485025,819,124,57
contacts_high,0.05,15.0,0.25,4.628751452242862,819,123,58
contacts_high,0.05,15.0,0.25,4.639237732005059,818,124,58
contacts_high,0.05,15.0,0.25,4.671265677780546,817,125,58
contacts_high,0.05,15.0,0.25,4.672382061111393,816,126,58
contacts_high,0.05,15.0,0.25,4.694406665090233,815,127,58
contacts_high,0.05,15.0,0.25,4.706673319767562,814,128,58
contacts_high,0.05,15.0,0.25,4.7109180835192515,813,129,58
contacts_high,0.05,15.0,0.25,4.7139716562700995,812,130,58
contacts_high,0.05,15.0,0.25,4.715004168057292,811,131,58
contacts_high,0.05,15.0,0.25,4.7183250242970685,810,132,58
contacts_high,0.05,15.0,0.25,4.722521040933239,810,131,59
contacts_high,0.05,15.0,0.25,4.7273060893051975,809,132,59
contacts_high,0.05,15.0,0.25,4.737139200644504,808,133,59
contacts_high,0.05,15.0,0.25,4.758098809974774,807,134,59
contacts_high,0.05,15.0,0.25,4.767541981694821,806,135,59
contacts_high,0.05,15.0,0.25,4.771809842622127,805,136,59
contacts_high,0.05,15.0,0.25,4.793535276512074,805,135,60
contacts_high,0.05,15.0,0.25,4.794533356186742,805,134,61
contacts_high,0.05,15.0,0.25,4.808027552134453,804,135,61
contacts_high,0.05,15.0,0.25,4.81748584535919,803,136,61
contacts_high,0.05,15.0,0.25,4.817702181475693,802,137,61
contacts_high,0.05,15.0,0.25,4.821108121918664,802,136,62
contacts_high,0.05,15.0,0.25,4.826659394531742,802,135,63
contacts_high,0.05,15.0,0.25,4.837764787154929,801,136,63
contacts_high,0.05,15.0,0.25,4.840921977836747,800,137,63
contacts_high,0.05,15.0,0.25,4.855981374693331,799,138,63
contacts_high,0.05,15.0,0.25,4.858724386057735,798,139,63
contacts_high,0.05,15.0,0.25,4.862658885127496,797,140,63
contacts_high,0.05,15.0,0.25,4.86707975856706,796,141,63
contacts_high,0.05,15.0,0.25,4.868378454465344,795,142,63
contacts_high,0.05,15.0,0.25,4.870512116077515,795,141,64
contacts_high,0.05,15.0,0.25,4.872324647480528,795,140,65
contacts_high,0.05,15.0,0.25,4.895532301913312,794,141,65
contacts_high,0.05,15.0,0.25,4.902536680459129,793,142,65
contacts_high,0.05,15.0,0.25,4.919359918055515,792,143,65
contacts_high,0.05,15.0,0.25,4.929414026864657,791,144,65
contacts_high,0.05,15.0,0.25,4.933325994956898,790,145,65
contacts_high,0.05,15.0,0.25,4.93492897163773,789,146,65
contacts_high,0.05,15.0,0.25,4.948033850808361,789,145,66
contacts_high,0.05,15.0,0.25,4.956002449102514,788,146,66
contacts_high,0.05,15.0,0.25,4.964020288373984,787,147,66
contacts_high,0.05,15.0,0.25,4.964426578993064,786,148,66
contacts_high,0.05,15.0,0.25,4.968041501290737,786,147,67
contacts_high,0.05,15.0,0.25,4.974166635545675,786,146,68
contacts_high,0.05,15.0,0.25,4.98950742228155,785,147,68
contacts_high,0.05,15.0,0.25,5.0048758579666615,785,146,69
contacts_high,0.05,15.0,0.25,5.009378992545589,784,147,69
contacts_high,0.05,15.0,0.25,5.013316898702385,784,146,70
contacts_high,0.05,15.0,0.25,5.026129405396674,783,147,70
contacts_high,0.05,15.0,0.25,5.032944215309213,782,148,70
contacts_high,0.05,15.0,0.25,5.0483846902103116,782,147,71
contacts_high,0.05,15.0,0.25,5.04890801232773,781,148,71
contacts_high,0.05,15.0,0.25,5.082989391268876,781,147,72
contacts_high,0.05,15.0,0.25,5.08321014760189,780,148,72
contacts_high,0.05,15.0,0.25,5.083705179244946,779,149,72
contacts_high,0.05,15.0,0.25,5.102614494102628,778,150,72
contacts_high,0.05,15.0,0.25,5.107064094770239,777,151,72
contacts_high,0.05,15.0,0.25,5.130883616024194,776,152,72
contacts_high,0.05,15.0,0.25,5.132746578148556,776,151,73
contacts_high,0.05,15.0,0.25,5.14482927349372,775,152,73
contacts_high,0.05,15.0,0.25,5.150214966560109,774,153,73
contacts_high,0.05,15.0,0.25,5.157795348201061,773,154,73
contacts_high,0.05,15.0,0.25,5.160508525071361,773,153,74
contacts_high,0.05,15.0,0.25,5.162754210936905,772,154,74
contacts_high,0.05,15.0,0.25,5.207391920127826,771,155,74
contacts_high,0.05,15.0,0.25,5.235462250700724,770,156,74
contacts_high,0.05,15.0,0.25,5.240329344129509,770,155,75
contacts_high,0.05,15.0,0.25,5.241573998572922,770,154,76
contacts_high,0.05,15.0,0.25,5.250222921782369,769,155,76
contacts_high,0.05,15.0,0.25,5.254358446886921,769,154,77
contacts_high,0.05,15.0,0.25,5.274488797539748,768,155,77
contacts_high,0.05,15.0,0.25,5.276188517096787,767,156,77
contacts_high,0.05,15.0,0.25,5.27895320369943,767,155,78
contacts_high,0.05,15.0,0.25,5.289577536831175,766,156,78
contacts_high,0.05,15.0,0.25,5.290917397320884,765,157,78
contacts_high,0.05,15.0,0.25,5.300580952566985,765,156,79
contacts_high,0.05,15.0,0.25,5.306804326719542,765,155,80
contacts_high,0.05,15.0,0.25,5.323477254491675,764,156,80
contacts_high,0.05,15.0,0.25,5.331041657224924,764,155,81
contacts_high,0.05,15.0,0.25,5.343354261018609,763,156,81
contacts_high,0.05,15.0,0.25,5.353050693999625,762,157,81
contacts_high,0.05,15.0,0.25,5.365246598587694,761,158,81
contacts_high,0.05,15.0,0.25,5.3689725086246085,760,159,81
contacts_high,0.05,15.0,0.25,5.378193554416808,759,160,81
contacts_high,0.05,15.0,0.25,5.380471319054198,758,161,81
contacts_high,0.05,15.0,0.25,5.385334704869289,758,160,82
contacts_high,0.05,15.0,0.25,5.394048322055209,757,161,82
contacts_high,0.05,15.0,0.25,5.395868306758812,756,162,82
contacts_high,0.05,15.0,0.25,5.397253871600439,755,163,82
contacts_high,0.05,15.0,0.25,5.398994474894771,754,164,82
contacts_high,0.05,15.0,0.25,5.401283185968031,753,165,82
contacts_high,0.05,15.0,0.25,5.405272044273685,752,166,82
contacts_high,0.05,15.0,0.25,5.407550559337032,751,167,82
contacts_high,0.05,15.0,0.25,5.4272250133144295,751,166,83
contacts_high,0.05,15.0,0.25,5.429167220087142,750,167,83
contacts_high,0.05,15.0,0.25,5.444358405907234,749,168,83
contacts_high,0.05,15.0,0.25,5.453368155116451,749,167,84
contacts_high,0.05,15.0,0.25,5.45344428594998,748,168,84
contacts_high,0.05,15.0,0.25,5.458929414515214,747,169,84
contacts_high,0.05,15.0,0.25,5.471374191862455,746,170,84
contacts_high,0.05,15.0,0.25,5.48019005075681,746,169,85
contacts_high,0.05,15.0,0.25,5.483937979047827,745,170,85
contacts_high,0.05,15.0,0.25,5.48877161586451,745,169,86
contacts_high,0.05,15.0,0.25,5.507890573825014,744,170,86
contacts_high,0.05,15.0,0.25,5.5128711672108,743,171,86
contacts_high,0.05,15.0,0.25,5.54440295349263,742,172,86
contacts_high,0.05,15.0,0.25,5.546159188429373,741,173,86
contacts_high,0.05,15.0,0.25,5.547498389232211,740,174,86
contacts_high,0.05,15.0,0.25,5.548263652759454,740,173,87
contacts_high,0.05,15.0,0.25,5.555478125575939,740,172,88
contacts_high,0.05,15.0,0.25,5.563774432143796,739,173,88
contacts_high,0.05,15.0,0.25,5.575577429580946,738,174,88
contacts_high,0.05,15.0,0.25,5.5802141714408835,737,175,88
contacts_high,0.05,15.0,0.25,5.586768052365286,737,174,89
contacts_high,0.05,15.0,0.25,5.5868863244975495,736,175,89
contacts_high,0.05,15.0,0.25,5.587179232130641,736,174,90
contacts_high,0.05,15.0,0.25,5.618060578646714,735,175,90
contacts_high,0.05,15.0,0.25,5.636539389479227,735,174,91
contacts_high,0.05,15.0,0.25,5.645430064751846,734,175,91
contacts_high,0.05,15.0,0.25,5.655131203275132,733,176,91
contacts_high,0.05,15.0,0.25,5.669742550786035,732,177,91
contacts_high,0.05,15.0,0.25,5.680569943661978,732,176,92
contacts_high,0.05,15.0,0.25,5.683134812581075,732,175,93
contacts_high,0.05,15.0,0.25,5.697775535127489,732,174,94
contacts_high,0.05,15.0,0.25,5.702131030417122,731,175,94
contacts_high,0.05,15.0,0.25,5.709475901311367,731,174,95
contacts_high,0.05,15.0,0.25,5.711982688371178,730,175,95
contacts_high,0.05,15.0,0.25,5.712685730984651,730,174,96
contacts_high,0.05,15.0,0.25,5.722236582278117,729,175,96
contacts_high,0.05,15.0,0.25,5.730686712903896,728,176,96
contacts_high,0.05,15.0,0.25,5.748898993091073,727,177,96
contacts_high,0.05,15.0,0.25,5.750011234699674,727,176,97
contacts_high,0.05,15.0,0.25,5.770068606992303,726,177,97
contacts_high,0.05,15.0,0.25,5.773874303715477,725,178,97
contacts_high,0.05,15.0,0.25,5.776278384579544,724,179,97
contacts_high,0.05,15.0,0.25,5.779962442438084,723,180,97
contacts_high,0.05,15.0,0.25,5.783109659535526,722,181,97
contacts_high,0.05,15.0,0.25,5.7890905792772465,722,180,98
contacts_high,0.05,15.0,0.25,5.794288161024694,722,179,99
contacts_high,0.05,15.0,0.25,5.807670585252598,721,180,99
contacts_high,0.05,15.0,0.25,5.816775910004047,721,179,100
contacts_high,0.05,15.0,0.25,5.830651193350141,720,180,100
contacts_high,0.05,15.0,0.25,5.835263163935611,719,181,100
contacts_high,0.05,15.0,0.25,5.837782284446143,719,180,101
contacts_high,0.05,15.0,0.25,5.839009318817674,718,181,101
contacts_high,0.05,15.0,0.25,5.848094102203053,717,182,101
contacts_high,0.05,15.0,0.25,5.8501744928856905,716,183,101
contacts_high,0.05,15.0,0.25,5.855326958743062,715,184,101
contacts_high,0.05,15.0,0.25,5.861965958901004,714,185,101
contacts_high,0.05,15.0,0.25,5.882148167719482,713,186,101
contacts_high,0.05,15.0,0.25,5.888686139294087,713,185,102
contacts_high,0.05,15.0,0.25,5.900913612439327,712,186,102
contacts_high,0.05,15.0,0.25,5.903752850454032,712,185,103
contacts_high,0.05,15.0,0.25,5.906894750260508,711,186,103
contacts_high,0.05,15.0,0.25,5.910046029830434,710,187,103
contacts_high,0.05,15.0,0.25,5.924286750679762,709,188,103
contacts_high,0.05,15.0,0.25,5.9313137137481595,708,189,103
contacts_high,0.05,15.0,0.25,5.932071872709989,708,188,104
contacts_high,0.05,15.0,0.25,5.933349538174383,707,189,104
contacts_high,0.05,15.0,0.25,5.936966194789496,707,188,105
contacts_high,0.05,15.0,0.25,5.95014232185076,706,189,105
contacts_high,0.05,15.0,0.25,5.954453889886909,705,190,105
contacts_high,0.05,15.0,0.25,5.958780677636025,704,191,105
contacts_high,0.05,15.0,0.25,5.959026618762455,704,190,106
contacts_high,0.05,15.0,0.25,5.960242982292225,703,191,106
contacts_high,0.05,15.0,0.25,5.9635427641292775,703,190,107
contacts_high,0.05,15.0,0.25,5.965631849901936,702,191,107
contacts_high,0.05,15.0,0.25,5.967460204560124,702,190,108
contacts_high,0.05,15.0,0.25,5.970018670161422,701,191,108
contacts_high,0.05,15.0,0.25,5.970935303073204,700,192,108
contacts_high,0.05,15.0,0.25,5.976317002606722,699,193,108
contacts_high,0.05,15.0,0.25,5.984643599406588,698,194,108
contacts_high,0.05,15.0,0.25,5.991313193882297,697,195,108
contacts_high,0.05,15.0,0.25,6.000765152552645,696,196,108
contacts_high,0.05,15.0,0.25,6.005691001063575,696,195,109
contacts_high,0.05,15.0,0.25,6.009571697314077,695,196,109
contacts_high,0.05,15.0,0.25,6.012208792317418,695,195,110
contacts_high,0.05,15.0,0.25,6.015675834114329,694,196,110
contacts_high,0.05,15.0,0.25,6.02538087061108,694,195,111
contacts_high,0.05,15.0,0.25,6.037874593260452,693,196,111
contacts_high,0.05,15.0,0.25,6.0400677973766115,692,197,111
contacts_high,0.05,15.0,0.25,6.048984778426429,691,198,111
contacts_high,0.05,15.0,0.25,6.068382621440477,690,199,111
contacts_high,0.05,15.0,0.25,6.0686391741697046,689,200,111
contacts_high,0.05,15.0,0.25,6.08226420945562,688,201,111
contacts_high,0.05,15.0,0.25,6.083096294882268,687,202,111
contacts_high,0.05,15.0,0.25,6.092887217796759,686,203,111
contacts_high,0.05,15.0,0.25,6.097197379570527,686,202,112
contacts_high,0.05,15.0,0.25,6.097628410048524,686,201,113
contacts_high,0.05,15.0,0.25,6.104216637769494,685,202,113
contacts_high,0.05,15.0,0.25,6.109704941044604,684,203,113
contacts_high,0.05,15.0,0.25,6.110963322561917,683,204,113
contacts_high,0.05,15.0,0.25,6.113807943546392,682,205,113
contacts_high,0.05,15.0,0.25,6.114423590630897,681,206,113
contacts_high,0.05,15.0,0.25,6.118259160597403,680,207,113
contacts_high,0.05,15.0,0.25,6.1204559804708,679,208,113
contacts_high,0.05,15.0,0.25,6.133772944312403,679,207,114
contacts_high,0.05,15.0,0.25,6.136942135130369,679,206,115
contacts_high,0.05,15.0,0.25,6.137138306275355,678,207,115
contacts_high,0.05,15.0,0.25,6.146325451219511,677,208,115
contacts_high,0.05,15.0,0.25,6.153330662557014,676,209,115
contacts_high,0.05,15.0,0.25,6.163512595258648,675,210,115
contacts_high,0.05,15.0,0.25,6.164938805324452,674,211,115
contacts_high,0.05,15.0,0.25,6.167501326348046,674,210,116
contacts_high,0.05,15.0,0.25,6.186861425718526,673,211,116
contacts_high,0.05,15.0,0.25,6.19932016956769,672,212,116
contacts_high,0.05,15.0,0.25,6.206155484288251,671,213,116
contacts_high,0.05,15.0,0.25,6.211315360897649,670,214,116
contacts_high,0.05,15.0,0.25,6.211909492208243,669,215,116
contacts_high,0.05,15.0,0.25,6.2122825150361995,668,216,116
contacts_high,0.05,15.0,0.25,6.227276912447052,667,217,116
contacts_high,0.05,15.0,0.25,6.2279172894936,666,218,116
contacts_high,0.05,15.0,0.25,6.2451915233389395,665,219,116
contacts_high,0.05,15.0,0.25,6.254174095245702,665,218,117
contacts_high,0.05,15.0,0.25,6.258791617767825,664,219,117
contacts_high,0.05,15.0,0.25,6.265553130343666,663,220,117
contacts_high,0.05,15.0,0.25,6.270738705123008,662,221,117
contacts_high,0.05,15.0,0.25,6.274744786587546,661,222,117
contacts_high,0.05,15.0,0.25,6.277812027900835,660,223,117
contacts_high,0.05,15.0,0.25,6.281865099619587,659,224,117
contacts_high,0.05,15.0,0.25,6.28378027251959,659,223,118
contacts_high,0.05,15.0,0.25,6.284029657068924,658,224,118
contacts_high,0.05,15.0,0.25,6.293217054532468,657,225,118
contacts_high,0.05,15.0,0.25,6.29981190949526,656,226,118
contacts_high,0.05,15.0,0.25,6.306167356172851,655,227,118
contacts_high,0.05,15.0,0.25,6.332445520837223,654,228,118
contacts_high,0.05,15.0,0.25,6.336009489981522,653,229,118
contacts_high,0.05,15.0,0.25,6.342309747165587,652,230,118
contacts_high,0.05,15.0,0.25,6.344491486628665,652,229,119
contacts_high,0.05,15.0,0.25,6.350496646232008,651,230,119
contacts_high,0.05,15.0,0.25,6.357574304811577,650,231,119
contacts_high,0.05,15.0,0.25,6.370508638213891,649,232,119
contacts_high,0.05,15.0,0.25,6.376773430466095,648,233,119
contacts_high,0.05,15.0,0.25,6.379242284877654,647,234,119
contacts_high,0.05,15.0,0.25,6.381117611089838,647,233,120
contacts_high,0.05,15.0,0.25,6.382265152048775,646,234,120
contacts_high,0.05,15.0,0.25,6.3852927154712615,646,233,121
contacts_high,0.05,15.0,0.25,6.404882239013929,646,232,122
contacts_high,0.05,15.0,0.25,6.409367126722473,646,231,123
contacts_high,0.05,15.0,0.25,6.412263936310087,646,230,124
contacts_high,0.05,15.0,0.25,6.42503943563212,645,231,124
contacts_high,0.05,15.0,0.25,6.425069420133976,645,230,125
contacts_high,0.05,15.0,0.25,6.443999449161486,644,231,125
contacts_high,0.05,15.0,0.25,6.447675676486498,643,232,125
contacts_high,0.05,15.0,0.25,6.4523224080084765,642,233,125
contacts_high,0.05,15.0,0.25,6.452539461536781,641,234,125
contacts_high,0.05,15.0,0.25,6.452814505404351,640,235,125
contacts_high,0.05,15.0,0.25,6.459470080285111,640,234,126
contacts_high,0.05,15.0,0.25,6.461074782085493,639,235,126
contacts_high,0.05,15.0,0.25,6.462306196921761,639,234,127
contacts_high,0.05,15.0,0.25,6.470181204570836,639,233,128
contacts_high,0.05,15.0,0.25,6.480081952363452,639,232,129
contacts_high,0.05,15.0,0.25,6.48626555602217,639,231,130
contacts_high,0.05,15.0,0.25,6.487169663344245,639,230,131
contacts_high,0.05,15.0,0.25,6.496024472716849,639,229,132
contacts_high,0.05,15.0,0.25,6.497778076875573,638,230,132
contacts_high,0.05,15.0,0.25,6.501949798849651,637,231,132
contacts_high,0.05,15.0,0.25,6.504093109139441,636,232,132
contacts_high,0.05,15.0,0.25,6.534231385745273,636,231,133
contacts_high,0.05,15.0,0.25,6.5497788044363805,636,230,134
contacts_high,0.05,15.0,0.25,6.552607262617119,635,231,134
contacts_high,0.05,15.0,0.25,6.556881323280419,634,232,134
contacts_high,0.05,15.0,0.25,6.563880117462675,634,231,135
contacts_high,0.05,15.0,0.25,6.564706862252315,633,232,135
contacts_high,0.05,15.0,0.25,6.5660299983478625,632,233,135
contacts_high,0.05,15.0,0.25,6.569459551849135,632,232,136
contacts_high,0.05,15.0,0.25,6.5704915509294315,631,233,136
contacts_high,0.05,15.0,0.25,6.5835194637221734,630,234,136
contacts_high,0.05,15.0,0.25,6.585613479707283,629,235,136
contacts_high,0.05,15.0,0.25,6.588331904688019,628,236,136
contacts_high,0.05,15.0,0.25,6.599640937946835,627,237,136
contacts_high,0.05,15.0,0.25,6.5996454417428945,626,238,136
contacts_high,0.05,15.0,0.25,6.599700132637245,625,239,136
contacts_high,0.05,15.0,0.25,6.601399184742732,624,240,136
contacts_high,0.05,15.0,0.25,6.608940444835737,624,239,137
contacts_high,0.05,15.0,0.25,6.611109356723664,623,240,137
contacts_high,0.05,15.0,0.25,6.611290399634505,623,239,138
contacts_high,0.05,15.0,0.25,6.6153498506157264,622,240,138
contacts_high,0.05,15.0,0.25,6.632871158350022,621,241,138
contacts_high,0.05,15.0,0.25,6.656169404141494,620,242,138
contacts_high,0.05,15.0,0.25,6.658649406521144,619,243,138
contacts_high,0.05,15.0,0.25,6.659716000635427,618,244,138
contacts_high,0.05,15.0,0.25,6.670553293622424,617,245,138
contacts_high,0.05,15.0,0.25,6.672539909155866,617,244,139
contacts_high,0.05,15.0,0.25,6.678776080894777,617,243,140
contacts_high,0.05,15.0,0.25,6.681477207221186,617,242,141
contacts_high,0.05,15.0,0.25,6.689405828197587,616,243,141
contacts_high,0.05,15.0,0.25,6.704015025199341,615,244,141
contacts_high,0.05,15.0,0.25,6.719182884837425,615,243,142
contacts_high,0.05,15.0,0.25,6.720503559310148,614,244,142
contacts_high,0.05,15.0,0.25,6.721350818724438,614,243,143
contacts_high,0.05,15.0,0.25,6.7256412508133065,613,244,143
contacts_high,0.05,15.0,0.25,6.735777464479318,613,243,144
contacts_high,0.05,15.0,0.25,6.737036477301975,612,244,144
contacts_high,0.05,15.0,0.25,6.741256680284199,612,243,145
contacts_high,0.05,15.0,0.25,6.749270012946993,611,244,145
contacts_high,0.05,15.0,0.25,6.760523644956303,611,243,146
contacts_high,0.05,15.0,0.25,6.761171250996747,610,244,146
contacts_high,0.05,15.0,0.25,6.769486521000766,610,243,147
contacts_high,0.05,15.0,0.25,6.769938385556491,609,244,147
contacts_high,0.05,15.0,0.25,6.774303170654282,608,245,147
contacts_high,0.05,15.0,0.25,6.779448304063319,608,244,148
contacts_high,0.05,15.0,0.25,6.788634674521617,607,245,148
contacts_high,0.05,15.0,0.25,6.791278846717969,607,244,149
contacts_high,0.05,15.0,0.25,6.796084416359998,607,243,150
contacts_high,0.05,15.0,0.25,6.809303059645697,606,244,150
contacts_high,0.05,15.0,0.25,6.819097784989585,606,243,151
contacts_high,0.05,15.0,0.25,6.832745783318142,606,242,152
contacts_high,0.05,15.0,0.25,6.834215574012798,606,241,153
contacts_high,0.05,15.0,0.25,6.83446156018165,606,240,154
contacts_high,0.05,15.0,0.25,6.835319634961303,605,241,154
contacts_high,0.05,15.0,0.25,6.8418028437116405,605,240,155
contacts_high,0.05,15.0,0.25,6.8442210851622605,604,241,155
contacts_high,0.05,15.0,0.25,6.846630380483663,603,242,155
contacts_high,0.05,15.0,0.25,6.858612914264538,603,241,156
contacts_high,0.05,15.0,0.25,6.867540864950588,602,242,156
contacts_high,0.05,15.0,0.25,6.8731653407464695,602,241,157
contacts_high,0.05,15.0,0.25,6.892984236217679,601,242,157
contacts_high,0.05,15.0,0.25,6.8997193305446824,601,241,158
contacts_high,0.05,15.0,0.25,6.907397637401253,600,242,158
contacts_high,0.05,15.0,0.25,6.915990543976367,599,243,158
contacts_high,0.05,15.0,0.25,6.919194725827419,599,242,159
contacts_high,0.05,15.0,0.25,6.920158218075567,599,241,160
contacts_high,0.05,15.0,0.25,6.938221973612056,598,242,160
contacts_high,0.05,15.0,0.25,6.938899535916567,598,241,161
contacts_high,0.05,15.0,0.25,6.940830751000319,598,240,162
contacts_high,0.05,15.0,0.25,6.949284840847676,598,239,163
contacts_high,0.05,15.0,0.25,6.95760363852331,597,240,163
contacts_high,0.05,15.0,0.25,6.96573630679012,596,241,163
contacts_high,0.05,15.0,0.25,6.969396754987271,595,242,163
contacts_high,0.05,15.0,0.25,6.977608172190385,594,243,163
contacts_high,0.05,15.0,0.25,6.982251224390479,593,244,163
contacts_high,0.05,15.0,0.25,6.9823728869457025,592,245,163
contacts_high,0.05,15.0,0.25,6.986549969607694,591,246,163
contacts_high,0.05,15.0,0.25,6.9921133644193745,591,245,164
contacts_high,0.05,15.0,0.25,6.993284910110792,590,246,164
contacts_high,0.05,15.0,0.25,6.995842181918508,590,245,165
contacts_high,0.05,15.0,0.25,6.996978884439939,589,246,165
contacts_high,0.05,15.0,0.25,7.004629558791857,589,245,166
contacts_high,0.05,15.0,0.25,7.008492108422871,588,246,166
contacts_high,0.05,15.0,0.25,7.013851829357396,587,247,166
contacts_high,0.05,15.0,0.25,7.015987564662171,586,248,166
contacts_high,0.05,15.0,0.25,7.02729226997807,585,249,166
contacts_high,0.05,15.0,0.25,7.031307782063427,584,250,166
contacts_high,0.05,15.0,0.25,7.041973280090791,583,251,166
contacts_high,0.05,15.0,0.25,7.04420162769091,582,252,166
contacts_high,0.05,15.0,0.25,7.04753300861597,581,253,166
contacts_high,0.05,15.0,0.25,7.053276925773516,580,254,166
contacts_high,0.05,15.0,0.25,7.053367237832118,580,253,167
contacts_high,0.05,15.0,0.25,7.072777110369735,580,252,168
contacts_high,0.05,15.0,0.25,7.084090198525001,580,251,169
contacts_high,0.05,15.0,0.25,7.0896084362256655,579,252,169
contacts_high,0.05,15.0,0.25,7.093442238750508,578,253,169
contacts_high,0.05,15.0,0.25,7.104254531329849,578,252,170
contacts_high,0.05,15.0,0.25,7.1047393955537075,577,253,170
contacts_high,0.05,15.0,0.25,7.105327206634784,576,254,170
contacts_high,0.05,15.0,0.25,7.114707297517247,575,255,170
contacts_high,0.05,15.0,0.25,7.120398091195787,574,256,170
contacts_high,0.05,15.0,0.25,7.127182116848692,573,257,170
contacts_high,0.05,15.0,0.25,7.129471781113439,572,258,170
contacts_high,0.05,15.0,0.25,7.133449569144371,572,257,171
contacts_high,0.05,15.0,0.25,7.142906322310699,571,258,171
contacts_high,0.05,15.0,0.25,7.142967170965763,570,259,171
contacts_high,0.05,15.0,0.25,7.1444848307192945,569,260,171
contacts_high,0.05,15.0,0.25,7.145414540898867,569,259,172
contacts_high,0.05,15.0,0.25,7.147881670106122,569,258,173
contacts_high,0.05,15.0,0.25,7.158569388515688,569,257,174
contacts_high,0.05,15.0,0.25,7.166652979983317,569,256,175
contacts_high,0.05,15.0,0.25,7.16830189919975,568,257,175
contacts_high,0.05,15.0,0.25,7.168702569571284,567,258,175
contacts_high,0.05,15.0,0.25,7.1688671927824865,566,259,175
contacts_high,0.05,15.0,0.25,7.168939077331598,565,260,175
contacts_high,0.05,15.0,0.25,7.178008427943473,564,261,175
contacts_high,0.05,15.0,0.25,7.178037428436801,563,262,175
contacts_high,0.05,15.0,0.25,7.179625655651669,563,261,176
contacts_high,0.05,15.0,0.25,7.194393196806088,562,262,176
contacts_high,0.05,15.0,0.25,7.19471920007059,561,263,176
contacts_high,0.05,15.0,0.25,7.198068105760992,560,264,176
contacts_high,0.05,15.0,0.25,7.203294953093124,559,265,176
contacts_high,0.05,15.0,0.25,7.207825576987381,558,266,176
contacts_high,0.05,15.0,0.25,7.211494049839294,558,265,177
contacts_high,0.05,15.0,0.25,7.211556717793723,557,266,177
contacts_high,0.05,15.0,0.25,7.212144681859374,556,267,177
contacts_high,0.05,15.0,0.25,7.21813217235766,555,268,177
contacts_high,0.05,15.0,0.25,7.223211291182151,554,269,177
contacts_high,0.05,15.0,0.25,7.238690771028218,553,270,177
contacts_high,0.05,15.0,0.25,7.2419706790478315,553,269,178
contacts_high,0.05,15.0,0.25,7.24955350683269,553,268,179
contacts_high,0.05,15.0,0.25,7.275365785241138,553,267,180
contacts_high,0.05,15.0,0.25,7.27536712019743,552,268,180
contacts_high,0.05,15.0,0.25,7.275897946793408,551,269,180
contacts_high,0.05,15.0,0.25,7.276361898638633,551,268,181
contacts_high,0.05,15.0,0.25,7.27954293449943,551,267,182
contacts_high,0.05,15.0,0.25,7.287579476346087,551,266,183
contacts_high,0.05,15.0,0.25,7.29239252903762,550,267,183
contacts_high,0.05,15.0,0.25,7.2927896645398524,549,268,183
contacts_high,0.05,15.0,0.25,7.303495254536724,548,269,183
contacts_high,0.05,15.0,0.25,7.318921238181141,547,270,183
contacts_high,0.05,15.0,0.25,7.331862636494445,546,271,183
contacts_high,0.05,15.0,0.25,7.355073113217134,545,272,183
contacts_high,0.05,15.0,0.25,7.362590414372837,544,273,183
contacts_high,0.05,15.0,0.25,7.363837716513195,544,272,184
contacts_high,0.05,15.0,0.25,7.372328299744849,544,271,185
contacts_high,0.05,15.0,0.25,7.373459169423494,543,272,185
contacts_high,0.05,15.0,0.25,7.377053338565442,543,271,186
contacts_high,0.05,15.0,0.25,7.38470705420513,542,272,186
contacts_high,0.05,15.0,0.25,7.389411395915567,541,273,186
contacts_high,0.05,15.0,0.25,7.393030836053633,541,272,187
contacts_high,0.05,15.0,0.25,7.395197223602815,541,271,188
contacts_high,0.05,15.0,0.25,7.400202451372011,541,270,189
contacts_high,0.05,15.0,0.25,7.402228169022936,540,271,189
contacts_high,0.05,15.0,0.25,7.411445147544804,539,272,189
contacts_high,0.05,15.0,0.25,7.413772488124138,539,271,190
contacts_high,0.05,15.0,0.25,7.418710978637639,539,270,191
contacts_high,0.05,15.0,0.25,7.42207013189826,539,269,192
contacts_high,0.05,15.0,0.25,7.426399315668353,538,270,192
contacts_high,0.05,15.0,0.25,7.436491818762629,537,271,192
contacts_high,0.05,15.0,0.25,7.440702425607484,536,272,192
contacts_high,0.05,15.0,0.25,7.444713827733361,535,273,192
contacts_high,0.05,15.0,0.25,7.446637022428411,534,274,192
contacts_high,0.05,15.0,0.25,7.466581097527355,534,273,193
contacts_high,0.05,15.0,0.25,7.469648344264326,533,274,193
contacts_high,0.05,15.0,0.25,7.472797454002345,532,275,193
contacts_high,0.05,15.0,0.25,7.481143502830345,531,276,193
contacts_high,0.05,15.0,0.25,7.483778975092115,531,275,194
contacts_high,0.05,15.0,0.25,7.483854083379485,530,276,194
contacts_high,0.05,15.0,0.25,7.485948091662142,529,277,194
contacts_high,0.05,15.0,0.25,7.507684944592326,529,276,195
contacts_high,0.05,15.0,0.25,7.511928757007843,528,277,195
contacts_high,0.05,15.0,0.25,7.514384124113866,527,278,195
contacts_high,0.05,15.0,0.25,7.515514666422687,526,279,195
contacts_high,0.05,15.0,0.25,7.544278340946959,525,280,195
contacts_high,0.05,15.0,0.25,7.545613070902933,525,279,196
contacts_high,0.05,15.0,0.25,7.545632954039438,524,280,196
contacts_high,0.05,15.0,0.25,7.551462575461396,523,281,196
contacts_high,0.05,15.0,0.25,7.565423973293966,523,280,197
contacts_high,0.05,15.0,0.25,7.567120916349868,522,281,197
contacts_high,0.05,15.0,0.25,7.570313150224324,521,282,197
contacts_high,0.05,15.0,0.25,7.580952607903087,521,281,198
contacts_high,0.05,15.0,0.25,7.5832346488863625,521,280,199
contacts_high,0.05,15.0,0.25,7.586970782605421,521,279,200
contacts_high,0.05,15.0,0.25,7.587423299143957,521,278,201
contacts_high,0.05,15.0,0.25,7.59965653076098,521,277,202
contacts_high,0.05,15.0,0.25,7.6117597824996865,520,278,202
contacts_high,0.05,15.0,0.25,7.614504760468549,519,279,202
contacts_high,0.05,15.0,0.25,7.625229868819234,518,280,202
contacts_high,0.05,15.0,0.25,7.629151861782093,518,279,203
contacts_high,0.05,15.0,0.25,7.634952661391905,518,278,204
contacts_high,0.05,15.0,0.25,7.636593984844975,518,277,205
contacts_high,0.05,15.0,0.25,7.64228274628225,518,276,206
contacts_high,0.05,15.0,0.25,7.642814295590862,517,277,206
contacts_high,0.05,15.0,0.25,7.651884615933828,517,276,207
contacts_high,0.05,15.0,0.25,7.656048003628377,516,277,207
contacts_high,0.05,15.0,0.25,7.664875614720486,515,278,207
contacts_high,0.05,15.0,0.25,7.665193831029941,515,277,208
contacts_high,0.05,15.0,0.25,7.66602115491642,515,276,209
contacts_high,0.05,15.0,0.25,7.6710862279078444,515,275,210
contacts_high,0.05,15.0,0.25,7.6711735530528244,515,274,211
contacts_high,0.05,15.0,0.25,7.680675971469966,514,275,211
contacts_high,0.05,15.0,0.25,7.693404492311588,513,276,211
contacts_high,0.05,15.0,0.25,7.69532431075473,512,277,211
contacts_high,0.05,15.0,0.25,7.700857731633628,511,278,211
contacts_high,0.05,15.0,0.25,7.702033703890637,510,279,211
contacts_high,0.05,15.0,0.25,7.713304664238501,509,280,211
contacts_high,0.05,15.0,0.25,7.7249569270665575,509,279,212
contacts_high,0.05,15.0,0.25,7.732700323297161,508,280,212
contacts_high,0.05,15.0,0.25,7.741920936069885,507,281,212
contacts_high,0.05,15.0,0.25,7.745140984663946,507,280,213
contacts_high,0.05,15.0,0.25,7.755960615707449,506,281,213
contacts_high,0.05,15.0,0.25,7.757721808125754,506,280,214
contacts_high,0.05,15.0,0.25,7.766186307810568,505,281,214
contacts_high,0.05,15.0,0.25,7.773666479083266,504,282,214
contacts_high,0.05,15.0,0.25,7.773833171612179,503,283,214
contacts_high,0.05,15.0,0.25,7.776316449869858,503,282,215
contacts_high,0.05,15.0,0.25,7.785835198378913,503,281,216
contacts_high,0.05,15.0,0.25,7.786697295966878,503,280,217
contacts_high,0.05,15.0,0.25,7.788986074894679,502,281,217
contacts_high,0.05,15.0,0.25,7.789787386656643,501,282,217
contacts_high,0.05,15.0,0.25,7.793184069515077,500,283,217
contacts_high,0.05,15.0,0.25,7.813036788213983,500,282,218
contacts_high,0.05,15.0,0.25,7.813658358297805,500,281,219
contacts_high,0.05,15.0,0.25,7.820618964041978,499,282,219
contacts_high,0.05,15.0,0.25,7.8222342131214395,498,283,219
contacts_high,0.05,15.0,0.25,7.823336307609046,497,284,219
contacts_high,0.05,15.0,0.25,7.824787456521289,497,283,220
contacts_high,0.05,15.0,0.25,7.826230624311477,496,284,220
contacts_high,0.05,15.0,0.25,7.827981993283656,496,283,221
contacts_high,0.05,15.0,0.25,7.832334493059557,496,282,222
contacts_high,0.05,15.0,0.25,7.847339750554226,495,283,222
contacts_high,0.05,15.0,0.25,7.847489706779198,495,282,223
contacts_high,0.05,15.0,0.25,7.854188730851702,494,283,223
contacts_high,0.05,15.0,0.25,7.86035067598786,494,282,224
contacts_high,0.05,15.0,0.25,7.861295698339531,493,283,224
contacts_high,0.05,15.0,0.25,7.86189943783833,493,282,225
contacts_high,0.05,15.0,0.25,7.86572810485016,493,281,226
contacts_high,0.05,15.0,0.25,7.866038207941504,493,280,227
contacts_high,0.05,15.0,0.25,7.870295876847244,493,279,228
contacts_high,0.05,15.0,0.25,7.886641924773128,493,278,229
contacts_high,0.05,15.0,0.25,7.894849822640646,493,277,230
contacts_high,0.05,15.0,0.25,7.89497359228911,492,278,230
contacts_high,0.05,15.0,0.25,7.895628103059814,491,279,230
contacts_high,0.05,15.0,0.25,7.896996811715366,490,280,230
contacts_high,0.05,15.0,0.25,7.906502961261964,489,281,230
contacts_high,0.05,15.0,0.25,7.907709311931782,488,282,230
contacts_high,0.05,15.0,0.25,7.913047561738394,488,281,231
contacts_high,0.05,15.0,0.25,7.918767732375594,488,280,232
contacts_high,0.05,15.0,0.25,7.934901482505951,487,281,232
contacts_high,0.05,15.0,0.25,7.938816278440706,486,282,232
contacts_high,0.05,15.0,0.25,7.941376839245759,486,281,233
contacts_high,0.05,15.0,0.25,7.94490469945806,485,282,233
contacts_high,0.05,15.0,0.25,7.951692747240605,484,283,233
contacts_high,0.05,15.0,0.25,7.962053293868433,484,282,234
contacts_high,0.05,15.0,0.25,7.970626108620239,483,283,234
contacts_high,0.05,15.0,0.25,7.9765498431505835,482,284,234
contacts_high,0.05,15.0,0.25,7.978756074572818,482,283,235
contacts_high,0.05,15.0,0.25,7.980391812548858,481,284,235
contacts_high,0.05,15.0,0.25,7.980955438327461,480,285,235
contacts_high,0.05,15.0,0.25,7.98674796507104,480,284,236
contacts_high,0.05,15.0,0.25,7.99576313000161,480,283,237
contacts_high,0.05,15.0,0.25,8.002869157433018,479,284,237
contacts_high,0.05,15.0,0.25,8.008798720098335,479,283,238
contacts_high,0.05,15.0,0.25,8.026795722615454,478,284,238
contacts_high,0.05,15.0,0.25,8.033440709209552,477,285,238
contacts_high,0.05,15.0,0.25,8.0351298160515,477,284,239
contacts_high,0.05,15.0,0.25,8.03660075942612,477,283,240
contacts_high,0.05,15.0,0.25,8.041241717594911,476,284,240
contacts_high,0.05,15.0,0.25,8.041973190027088,475,285,240
contacts_high,0.05,15.0,0.25,8.048874692619046,474,286,240
contacts_high,0.05,15.0,0.25,8.052998472565003,473,287,240
contacts_high,0.05,15.0,0.25,8.061451021734882,473,286,241
contacts_high,0.05,15.0,0.25,8.068817701522912,473,285,242
contacts_high,0.05,15.0,0.25,8.069400998503001,472,286,242
contacts_high,0.05,15.0,0.25,8.081491074368351,472,285,243
contacts_high,0.05,15.0,0.25,8.081568158308974,472,284,244
contacts_high,0.05,15.0,0.25,8.082082054890012,471,285,244
contacts_high,0.05,15.0,0.25,8.08667873659255,470,286,244
contacts_high,0.05,15.0,0.25,8.091748227377947,469,287,244
contacts_high,0.05,15.0,0.25,8.092501062997327,469,286,245
contacts_high,0.05,15.0,0.25,8.093919786458207,468,287,245
contacts_high,0.05,15.0,0.25,8.103690979970867,467,288,245
contacts_high,0.05,15.0,0.25,8.107875021388763,467,287,246
contacts_high,0.05,15.0,0.25,8.1118142912932,467,286,247
contacts_high,0.05,15.0,0.25,8.112748529957706,466,287,247
contacts_high,0.05,15.0,0.25,8.114843038769447,465,288,247
contacts_high,0.05,15.0,0.25,8.117049447592434,465,287,248
contacts_high,0.05,15.0,0.25,8.133514820455577,464,288,248
contacts_high,0.05,15.0,0.25,8.144761998472985,463,289,248
contacts_high,0.05,15.0,0.25,8.159037639158457,463,288,249
contacts_high,0.05,15.0,0.25,8.165952024568073,462,289,249
contacts_high,0.05,15.0,0.25,8.170351844107298,462,288,250
contacts_high,0.05,15.0,0.25,8.173545272400663,462,287,251
contacts_high,0.05,15.0,0.25,8.178205603613794,462,286,252
contacts_high,0.05,15.0,0.25,8.200246503058512,461,287,252
contacts_high,0.05,15.0,0.25,8.210085207080656,460,288,252
contacts_high,0.05,15.0,0.25,8.214750233368372,459,289,252
contacts_high,0.05,15.0,0.25,8.215610878458824,458,290,252
contacts_high,0.05,15.0,0.25,8.216269029573594,457,291,252
contacts_high,0.05,15.0,0.25,8.217829283959311,457,290,253
contacts_high,0.05,15.0,0.25,8.237090716042568,456,291,253
contacts_high,0.05,15.0,0.25,8.242053555323379,455,292,253
contacts_high,0.05,15.0,0.25,8.243567412724609,454,293,253
contacts_high,0.05,15.0,0.25,8.252679009732514,454,292,254
contacts_high,0.05,15.0,0.25,8.25361048833721,454,291,255
contacts_high,0.05,15.0,0.25,8.258301587196275,454,290,256
contacts_high,0.05,15.0,0.25,8.269587577831498,453,291,256
contacts_high,0.05,15.0,0.25,8.270096999218941,453,290,257
contacts_high,0.05,15.0,0.25,8.27233822556118,453,289,258
contacts_high,0.05,15.0,0.25,8.272399220865765,453,288,259
contacts_high,0.05,15.0,0.25,8.28178318409108,452,289,259
contacts_high,0.05,15.0,0.25,8.282924634594114,452,288,260
contacts_high,0.05,15.0,0.25,8.284346644659752,451,289,260
contacts_high,0.05,15.0,0.25,8.28487101285882,450,290,260
contacts_high,0.05,15.0,0.25,8.29740230262561,450,289,261
contacts_high,0.05,15.0,0.25,8.299325083977198,449,290,261
contacts_high,0.05,15.0,0.25,8.303931041394062,448,291,261
contacts_high,0.05,15.0,0.25,8.316358483315264,448,290,262
contacts_high,0.05,15.0,0.25,8.317607695502915,447,291,262
contacts_high,0.05,15.0,0.25,8.332570388986973,447,290,263
contacts_high,0.05,15.0,0.25,8.337539107376294,447,289,264
contacts_high,0.05,15.0,0.25,8.346298099362725,447,288,265
contacts_high,0.05,15.0,0.25,8.349182754138745,447,287,266
contacts_high,0.05,15.0,0.25,8.35416975829933,447,286,267
contacts_high,0.05,15.0,0.25,8.356016589863438,447,285,268
contacts_high,0.05,15.0,0.25,8.359599954052856,447,284,269
contacts_high,0.05,15.0,0.25,8.361567385981832,447,283,270
contacts_high,0.05,15.0,0.25,8.36384886246866,446,284,270
contacts_high,0.05,15.0,0.25,8.384496372564623,445,285,270
contacts_high,0.05,15.0,0.25,8.386114973718065,445,284,271
contacts_high,0.05,15.0,0.25,8.391884917400844,444,285,271
contacts_high,0.05,15.0,0.25,8.408611161888846,443,286,271
contacts_high,0.05,15.0,0.25,8.417054746398835,442,287,271
contacts_high,0.05,15.0,0.25,8.43308446155365,441,288,271
contacts_high,0.05,15.0,0.25,8.434915125462513,441,287,272
contacts_high,0.05,15.0,0.25,8.436313486497252,440,288,272
contacts_high,0.05,15.0,0.25,8.438077092735568,439,289,272
contacts_high,0.05,15.0,0.25,8.449115376081878,439,288,273
contacts_high,0.05,15.0,0.25,8.457852224851088,438,289,273
contacts_high,0.05,15.0,0.25,8.458199257087951,438,288,274
contacts_high,0.05,15.0,0.25,8.458768772328488,437,289,274
contacts_high,0.05,15.0,0.25,8.474222943006097,436,290,274
contacts_high,0.05,15.0,0.25,8.477020928681686,436,289,275
contacts_high,0.05,15.0,0.25,8.485475518453017,436,288,276
contacts_high,0.05,15.0,0.25,8.512066769092666,435,289,276
contacts_high,0.05,15.0,0.25,8.516455529641165,435,288,277
contacts_high,0.05,15.0,0.25,8.525816149328257,435,287,278
contacts_high,0.05,15.0,0.25,8.529477554887002,434,288,278
contacts_high,0.05,15.0,0.25,8.534315903510285,434,287,279
contacts_high,0.05,15.0,0.25,8.554953203486026,434,286,280
contacts_high,0.05,15.0,0.25,8.556208613096704,434,285,281
contacts_high,0.05,15.0,0.25,8.561334045277313,434,284,282
contacts_high,0.05,15.0,0.25,8.566059513624099,434,283,283
contacts_high,0.05,15.0,0.25,8.571878335615057,434,282,284
contacts_high,0.05,15.0,0.25,8.573130317796622,433,283,284
contacts_high,0.05,15.0,0.25,8.579952952051457,433,282,285
contacts_high,0.05,15.0,0.25,8.582199631864547,432,283,285
contacts_high,0.05,15.0,0.25,8.59376879242753,431,284,285
contacts_high,0.05,15.0,0.25,8.596862221398508,430,285,285
contacts_high,0.05,15.0,0.25,8.599136676892556,429,286,285
contacts_high,0.05,15.0,0.25,8.600822526273141,429,285,286
contacts_high,0.05,15.0,0.25,8.606111527973319,429,284,287
contacts_high,0.05,15.0,0.25,8.606552975911665,428,285,287
contacts_high,0.05,15.0,0.25,8.61542024350051,428,284,288
contacts_high,0.05,15.0,0.25,8.615706192662552,427,285,288
contacts_high,0.05,15.0,0.25,8.616713418462442,426,286,288
contacts_high,0.05,15.0,0.25,8.628766761179644,426,285,289
contacts_high,0.05,15.0,0.25,8.63446465719885,426,284,290
contacts_high,0.05,15.0,0.25,8.63784305874593,426,283,291
contacts_high,0.05,15.0,0.25,8.64225255676123,425,284,291
contacts_high,0.05,15.0,0.25,8.644055662067203,425,283,292
contacts_high,0.05,15.0,0.25,8.652031912538277,425,282,293
contacts_high,0.05,15.0,0.25,8.653213442641,424,283,293
contacts_high,0.05,15.0,0.25,8.656022691562052,423,284,293
contacts_high,0.05,15.0,0.25,8.667868671842836,422,285,293
contacts_high,0.05,15.0,0.25,8.669052733949696,421,286,293
contacts_high,0.05,15.0,0.25,8.671212168834735,420,287,293
contacts_high,0.05,15.0,0.25,8.672116584396862,420,286,294
contacts_high,0.05,15.0,0.25,8.677217732203127,420,285,295
contacts_high,0.05,15.0,0.25,8.681351683186172,420,284,296
contacts_high,0.05,15.0,0.25,8.683356115332172,419,285,296
contacts_high,0.05,15.0,0.25,8.685296364023998,419,284,297
contacts_high,0.05,15.0,0.25,8.689093139530293,418,285,297
contacts_high,0.05,15.0,0.25,8.692159136873064,417,286,297
contacts_high,0.05,15.0,0.25,8.693487147665483,417,285,298
contacts_high,0.05,15.0,0.25,8.693893009592207,417,284,299
contacts_high,0.05,15.0,0.25,8.697987025011868,416,285,299
contacts_high,0.05,15.0,0.25,8.700116041953068,415,286,299
contacts_high,0.05,15.0,0.25,8.708181925733529,415,285,300
contacts_high,0.05,15.0,0.25,8.721446149575408,414,286,300
contacts_high,0.05,15.0,0.25,8.729205174336238,413,287,300
contacts_high,0.05,15.0,0.25,8.732100730851746,412,288,300
contacts_high,0.05,15.0,0.25,8.73797199579006,411,289,300
contacts_high,0.05,15.0,0.25,8.74273905937376,411,288,301
contacts_high,0.05,15.0,0.25,8.7583076982552,410,289,301
contacts_high,0.05,15.0,0.25,8.765396207748926,410,288,302
contacts_high,0.05,15.0,0.25,8.76636863381611,409,289,302
contacts_high,0.05,15.0,0.25,8.799603827381775,409,288,303
contacts_high,0.05,15.0,0.25,8.802077250134927,408,289,303
contacts_high,0.05,15.0,0.25,8.802118648592272,407,290,303
contacts_high,0.05,15.0,0.25,8.802787167181902,406,291,303
contacts_high,0.05,15.0,0.25,8.809349133198268,405,292,303
contacts_high,0.05,15.0,0.25,8.81670921372733,405,291,304
contacts_high,0.05,15.0,0.25,8.836804307281634,405,290,305
contacts_high,0.05,15.0,0.25,8.839575814796362,405,289,306
contacts_high,0.05,15.0,0.25,8.84318359827343,405,288,307
contacts_high,0.05,15.0,0.25,8.84818290267946,404,289,307
contacts_high,0.05,15.0,0.25,8.852282619532234,404,288,308
contacts_high,0.05,15.0,0.25,8.852532845347477,403,289,308
contacts_high,0.05,15.0,0.25,8.864270566269344,403,288,309
contacts_high,0.05,15.0,0.25,8.865606159318121,403,287,310
contacts_high,0.05,15.0,0.25,8.873390414272393,403,286,311
contacts_high,0.05,15.0,0.25,8.878416943295107,403,285,312
contacts_high,0.05,15.0,0.25,8.88552459063621,402,286,312
contacts_high,0.05,15.0,0.25,8.886290674382657,402,285,313
contacts_high,0.05,15.0,0.25,8.886300165031239,402,284,314
contacts_high,0.05,15.0,0.25,8.887477257970568,402,283,315
contacts_high,0.05,15.0,0.25,8.889238618385368,402,282,316
contacts_high,0.05,15.0,0.25,8.891754412689238,402,281,317
contacts_high,0.05,15.0,0.25,8.891887276746779,402,280,318
contacts_high,0.05,15.0,0.25,8.899699713643788,401,281,318
contacts_high,0.05,15.0,0.25,8.909165788134898,400,282,318
contacts_high,0.05,15.0,0.25,8.927191255691552,399,283,318
contacts_high,0.05,15.0,0.25,8.927591057958358,399,282,319
contacts_high,0.05,15.0,0.25,8.934388202388273,399,281,320
contacts_high,0.05,15.0,0.25,8.936520250474398,399,280,321
contacts_high,0.05,15.0,0.25,8.937070969422832,399,279,322
contacts_high,0.05,15.0,0.25,8.941622782698346,399,278,323
contacts_high,0.05,15.0,0.25,8.945606510105634,399,277,324
contacts_high,0.05,15.0,0.25,8.945696104213473,398,278,324
contacts_high,0.05,15.0,0.25,8.962050273478225,398,277,325
contacts_high,0.05,15.0,0.25,8.96989128709042,398,276,326
contacts_high,0.05,15.0,0.25,8.97550423739604,398,275,327
contacts_high,0.05,15.0,0.25,8.976582450056094,397,276,327
contacts_high,0.05,15.0,0.25,8.976922696599257,396,277,327
contacts_high,0.05,15.0,0.25,8.977162098352188,395,278,327
contacts_high,0.05,15.0,0.25,8.981499571168904,394,279,327
contacts_high,0.05,15.0,0.25,8.987413737194004,394,278,328
contacts_high,0.05,15.0,0.25,8.98937739414158,394,277,329
contacts_high,0.05,15.0,0.25,8.992017862949629,393,278,329
contacts_high,0.05,15.0,0.25,8.994697730543605,392,279,329
contacts_high,0.05,15.0,0.25,9.004354285479089,391,280,329
contacts_high,0.05,15.0,0.25,9.022495044057823,390,281,329
contacts_high,0.05,15.0,0.25,9.030587212073383,389,282,329
contacts_high,0.05,15.0,0.25,9.041767710687584,388,283,329
contacts_high,0.05,15.0,0.25,9.04232323259526,388,282,330
contacts_high,0.05,15.0,0.25,9.042851206350717,388,281,331
contacts_high,0.05,15.0,0.25,9.059847058059663,387,282,331
contacts_high,0.05,15.0,0.25,9.064293309002345,387,281,332
contacts_high,0.05,15.0,0.25,9.068722385094704,387,280,333
contacts_high,0.05,15.0,0.25,9.07298739021911,387,279,334
contacts_high,0.05,15.0,0.25,9.078242906288054,387,278,335
contacts_high,0.05,15.0,0.25,9.084300988630497,386,279,335
contacts_high,0.05,15.0,0.25,9.0853211110319,385,280,335
contacts_high,0.05,15.0,0.25,9.08967036640543,385,279,336
contacts_high,0.05,15.0,0.25,9.092137268675263,385,278,337
contacts_high,0.05,15.0,0.25,9.093870032878403,385,277,338
contacts_high,0.05,15.0,0.25,9.100657152611971,385,276,339
contacts_high,0.05,15.0,0.25,9.106560421520498,384,277,339
contacts_high,0.05,15.0,0.25,9.116293441386782,383,278,339
contacts_high,0.05,15.0,0.25,9.119836446502068,382,279,339
contacts_high,0.05,15.0,0.25,9.1201901801972,382,278,340
contacts_high,0.05,15.0,0.25,9.120533072699939,381,279,340
contacts_high,0.05,15.0,0.25,9.12177181514792,380,280,340
contacts_high,0.05,15.0,0.25,9.125481771731465,379,281,340
contacts_high,0.05,15.0,0.25,9.13855784997415,378,282,340
contacts_high,0.05,15.0,0.25,9.140069981603027,377,283,340
contacts_high,0.05,15.0,0.25,9.140328246639845,377,282,341
contacts_high,0.05,15.0,0.25,9.147226740717562,377,281,342
contacts_high,0.05,15.0,0.25,9.154252218823096,377,280,343
contacts_high,0.05,15.0,0.25,9.161416034334945,376,281,343
contacts_high,0.05,15.0,0.25,9.166845787970171,376,280,344
contacts_high,0.05,15.0,0.25,9.174657643652566,376,279,345
contacts_high,0.05,15.0,0.25,9.182792456237486,376,278,346
contacts_high,0.05,15.0,0.25,9.18725627909115,375,279,346
contacts_high,0.05,15.0,0.25,9.190937663682938,374,280,346
contacts_high,0.05,15.0,0.25,9.192980862747818,373,281,346
contacts_high,0.05,15.0,0.25,9.193555029234531,372,282,346
contacts_high,0.05,15.0,0.25,9.194336494970274,372,281,347
contacts_high,0.05,15.0,0.25,9.194594706987203,371,282,347
contacts_high,0.05,15.0,0.25,9.195435629719595,371,281,348
contacts_high,0.05,15.0,0.25,9.212949214110822,371,280,349
contacts_high,0.05,15.0,0.25,9.214208716316742,371,279,350
contacts_high,0.05,15.0,0.25,9.230817066083022,371,278,351
contacts_high,0.05,15.0,0.25,9.244661499988311,370,279,351
contacts_high,0.05,15.0,0.25,9.254361317228014,370,278,352
contacts_high,0.05,15.0,0.25,9.25788602457731,369,279,352
contacts_high,0.05,15.0,0.25,9.27542699302482,368,280,352
contacts_high,0.05,15.0,0.25,9.282851411773514,368,279,353
contacts_high,0.05,15.0,0.25,9.293802498242155,368,278,354
contacts_high,0.05,15.0,0.25,9.299606405382265,367,279,354
contacts_high,0.05,15.0,0.25,9.300782049025567,367,278,355
contacts_high,0.05,15.0,0.25,9.301731289361896,367,277,356
contacts_high,0.05,15.0,0.25,9.302212893654502,366,278,356
contacts_high,0.05,15.0,0.25,9.303299324897283,365,279,356
contacts_high,0.05,15.0,0.25,9.331121973656476,364,280,356
contacts_high,0.05,15.0,0.25,9.336161968553467,363,281,356
contacts_high,0.05,15.0,0.25,9.340722733179295,363,280,357
contacts_high,0.05,15.0,0.25,9.342163096159204,363,279,358
contacts_high,0.05,15.0,0.25,9.361374407082703,362,280,358
contacts_high,0.05,15.0,0.25,9.377686169370117,361,281,358
contacts_high,0.05,15.0,0.25,9.379420574414171,361,280,359
contacts_high,0.05,15.0,0.25,9.382607957258486,360,281,359
contacts_high,0.05,15.0,0.25,9.383863285429218,360,280,360
contacts_high,0.05,15.0,0.25,9.395957208062457,360,279,361
contacts_high,0.05,15.0,0.25,9.397842677192182,359,280,361
contacts_high,0.05,15.0,0.25,9.40692038219963,359,279,362
contacts_high,0.05,15.0,0.25,9.414308953561328,358,280,362
contacts_high,0.05,15.0,0.25,9.452599366270348,358,279,363
contacts_high,0.05,15.0,0.25,9.477410277748762,357,280,363
contacts_high,0.05,15.0,0.25,9.482741519287112,357,279,364
contacts_high,0.05,15.0,0.25,9.488373946753319,356,280,364
contacts_high,0.05,15.0,0.25,9.49049638986908,355,281,364
contacts_high,0.05,15.0,0.25,9.497892176674014,355,280,365
contacts_high,0.05,15.0,0.25,9.501225022180332,355,279,366
contacts_high,0.05,15.0,0.25,9.53328410986393,355,278,367
contacts_high,0.05,15.0,0.25,9.548408342013271,355,277,368
contacts_high,0.05,15.0,0.25,9.561293866876612,354,278,368
contacts_high,0.05,15.0,0.25,9.591961538190093,353,279,368
contacts_high,0.05,15.0,0.25,9.594249308483299,352,280,368
contacts_high,0.05,15.0,0.25,9.596902310538363,352,279,369
contacts_high,0.05,15.0,0.25,9.603089756786924,351,280,369
contacts_high,0.05,15.0,0.25,9.606920766182865,350,281,369
contacts_high,0.05,15.0,0.25,9.627813474681792,350,280,370
contacts_high,0.05,15.0,0.25,9.630839378628938,349,281,370
contacts_high,0.05,15.0,0.25,9.634006000878317,348,282,370
contacts_high,0.05,15.0,0.25,9.636013020893175,347,283,370
contacts_high,0.05,15.0,0.25,9.64640173745889,347,282,371
contacts_high,0.05,15.0,0.25,9.6488603123936,347,281,372
contacts_high,0.05,15.0,0.25,9.651844086244568,346,282,372
contacts_high,0.05,15.0,0.25,9.688019665175023,345,283,372
contacts_high,0.05,15.0,0.25,9.694189626880814,345,282,373
contacts_high,0.05,15.0,0.25,9.702208776578878,344,283,373
contacts_high,0.05,15.0,0.25,9.71283210865046,343,284,373
contacts_high,0.05,15.0,0.25,9.724197632826392,342,285,373
contacts_high,0.05,15.0,0.25,9.731028320630351,342,284,374
contacts_high,0.05,15.0,0.25,9.732589317584688,341,285,374
contacts_high,0.05,15.0,0.25,9.733072378915148,341,284,375
contacts_high,0.05,15.0,0.25,9.73893747574806,341,283,376
contacts_high,0.05,15.0,0.25,9.742258148677765,340,284,376
contacts_high,0.05,15.0,0.25,9.752731825723817,340,283,377
contacts_high,0.05,15.0,0.25,9.755080589373641,340,282,378
contacts_high,0.05,15.0,0.25,9.758391121938665,339,283,378
contacts_high,0.05,15.0,0.25,9.762850005613409,339,282,379
contacts_high,0.05,15.0,0.25,9.763812599828833,338,283,379
contacts_high,0.05,15.0,0.25,9.770599206684699,338,282,380
contacts_high,0.05,15.0,0.25,9.774097898037338,337,283,380
contacts_high,0.05,15.0,0.25,9.784573718297102,337,282,381
contacts_high,0.05,15.0,0.25,9.808135359496244,337,281,382
contacts_high,0.05,15.0,0.25,9.814962155278671,337,280,383
contacts_high,0.05,15.0,0.25,9.85616863069595,337,279,384
contacts_high,0.05,15.0,0.25,9.868748414234979,337,278,385
contacts_high,0.05,15.0,0.25,9.872419076528166,336,279,385
contacts_high,0.05,15.0,0.25,9.879079592257158,335,280,385
contacts_high,0.05,15.0,0.25,9.894419006625553,334,281,385
contacts_high,0.05,15.0,0.25,9.902997332242705,333,282,385
contacts_high,0.05,15.0,0.25,9.90734440150638,333,281,386
contacts_high,0.05,15.0,0.25,9.93412378736133,333,280,387
contacts_high,0.05,15.0,0.25,9.936676657135198,332,281,387
contacts_high,0.05,15.0,0.25,9.937834443066942,331,282,387
contacts_high,0.05,15.0,0.25,9.940336767533228,331,281,388
contacts_high,0.05,15.0,0.25,9.943034163280753,331,280,389
contacts_high,0.05,15.0,0.25,9.949341041455005,330,281,389
contacts_high,0.05,15.0,0.25,9.955985197978187,330,280,390
contacts_high,0.05,15.0,0.25,9.965032006487919,330,279,391
contacts_high,0.05,15.0,0.25,9.985509430936487,329,280,391
contacts_high,0.05,15.0,0.25,9.98581938378771,329,279,392
contacts_high,0.05,15.0,0.25,9.994612598729983,329,278,393
contacts_high,0.05,15.0,0.25,10.00175812026437,329,277,394
contacts_high,0.05,15.0,0.25,10.030367045253742,328,278,394
contacts_high,0.05,15.0,0.25,10.030743562639511,327,279,394
contacts_high,0.05,15.0,0.25,10.033310476015595,326,280,394
contacts_high,0.05,15.0,0.25,10.033801010808386,326,279,395
contacts_high,0.05,15.0,0.25,10.034460120272678,326,278,396
contacts_high,0.05,15.0,0.25,10.03734996707203,325,279,396
contacts_high,0.05,15.0,0.25,10.04368736030317,325,278,397
contacts_high,0.05,15.0,0.25,10.048702871939247,324,279,397
contacts_high,0.05,15.0,0.25,10.049830961710235,323,280,397
contacts_high,0.05,15.0,0.25,10.053368806751498,323,279,398
contacts_high,0.05,15.0,0.25,10.053989519843896,322,280,398
contacts_high,0.05,15.0,0.25,10.059550391163635,321,281,398
contacts_high,0.05,15.0,0.25,10.083313467905302,321,280,399
contacts_high,0.05,15.0,0.25,10.108795916998735,320,281,399
contacts_high,0.05,15.0,0.25,10.118949678850585,320,280,400
contacts_high,0.05,15.0,0.25,10.123228800600472,320,279,401
contacts_high,0.05,15.0,0.25,10.12847839993651,319,280,401
contacts_high,0.05,15.0,0.25,10.128568114329633,319,279,402
contacts_high,0.05,15.0,0.25,10.14213478195389,318,280,402
contacts_high,0.05,15.0,0.25,10.143732174769298,318,279,403
contacts_high,0.05,15.0,0.25,10.14865175240569,317,280,403
contacts_high,0.05,15.0,0.25,10.149728515942884,317,279,404
contacts_high,0.05,15.0,0.25,10.152385960598535,316,280,404
contacts_high,0.05,15.0,0.25,10.154782647392993,315,281,404
contacts_high,0.05,15.0,0.25,10.158794270853988,315,280,405
contacts_high,0.05,15.0,0.25,10.19976173960409,314,281,405
contacts_high,0.05,15.0,0.25,10.205965860622575,313,282,405
contacts_high,0.05,15.0,0.25,10.213886695031235,312,283,405
contacts_high,0.05,15.0,0.25,10.217140991723136,312,282,406
contacts_high,0.05,15.0,0.25,10.227464301173004,311,283,406
contacts_high,0.05,15.0,0.25,10.228802719891036,310,284,406
contacts_high,0.05,15.0,0.25,10.230597212675017,310,283,407
contacts_high,0.05,15.0,0.25,10.24487343522135,310,282,408
contacts_high,0.05,15.0,0.25,10.25424247218469,309,283,408
contacts_high,0.05,15.0,0.25,10.257898909009912,309,282,409
contacts_high,0.05,15.0,0.25,10.26488303991428,309,281,410
contacts_high,0.05,15.0,0.25,10.266237599799203,309,280,411
contacts_high,0.05,15.0,0.25,10.285581321302395,308,281,411
contacts_high,0.05,15.0,0.25,10.292574561127768,307,282,411
contacts_high,0.05,15.0,0.25,10.296615064216796,306,283,411
contacts_high,0.05,15.0,0.25,10.29736134148845,305,284,411
contacts_high,0.05,15.0,0.25,10.302701345499091,305,283,412
contacts_high,0.05,15.0,0.25,10.318831103855878,305,282,413
contacts_high,0.05,15.0,0.25,10.325649926555382,304,283,413
contacts_high,0.05,15.0,0.25,10.336245307139155,304,282,414
contacts_high,0.05,15.0,0.25,10.344667772480383,304,281,415
contacts_high,0.05,15.0,0.25,10.349071717307732,304,280,416
contacts_high,0.05,15.0,0.25,10.364441296513055,304,279,417
contacts_high,0.05,15.0,0.25,10.36572694160751,303,280,417
contacts_high,0.05,15.0,0.25,10.377512159206102,302,281,417
contacts_high,0.05,15.0,0.25,10.379008933032326,302,280,418
contacts_high,0.05,15.0,0.25,10.39259208611637,302,279,419
contacts_high,0.05,15.0,0.25,10.397579132075611,302,278,420
contacts_high,0.05,15.0,0.25,10.406445954775668,301,279,420
contacts_high,0.05,15.0,0.25,10.412549150377707,301,278,421
contacts_high,0.05,15.0,0.25,10.413918797171613,301,277,422
contacts_high,0.05,15.0,0.25,10.413972540401009,301,276,423
contacts_high,0.05,15.0,0.25,10.42535457810191,301,275,424
contacts_high,0.05,15.0,0.25,10.43221985407738,300,276,424
contacts_high,0.05,15.0,0.25,10.455960871679183,300,275,425
contacts_high,0.05,15.0,0.25,10.464462055252284,300,274,426
contacts_high,0.05,15.0,0.25,10.469476912227645,299,275,426
contacts_high,0.05,15.0,0.25,10.484668732910112,298,276,426
contacts_high,0.05,15.0,0.25,10.496955122085799,298,275,427
contacts_high,0.05,15.0,0.25,10.511999238984394,297,276,427
contacts_high,0.05,15.0,0.25,10.519638135090048,297,275,428
contacts_high,0.05,15.0,0.25,10.530601170173087,297,274,429
contacts_high,0.05,15.0,0.25,10.532513148520353,296,275,429
contacts_high,0.05,15.0,0.25,10.539834085800024,295,276,429
contacts_high,0.05,15.0,0.25,10.553739710963189,294,277,429
contacts_high,0.05,15.0,0.25,10.570127548437295,294,276,430
contacts_high,0.05,15.0,0.25,10.572242275094515,293,277,430
contacts_high,0.05,15.0,0.25,10.57501352987772,293,276,431
contacts_high,0.05,15.0,0.25,10.620138289359838,293,275,432
contacts_high,0.05,15.0,0.25,10.622917075664411,293,274,433
contacts_high,0.05,15.0,0.25,10.625373154144901,293,273,434
contacts_high,0.05,15.0,0.25,10.639148014681775,292,274,434
contacts_high,0.05,15.0,0.25,10.645620195587876,291,275,434
contacts_high,0.05,15.0,0.25,10.67635999710922,290,276,434
contacts_high,0.05,15.0,0.25,10.677590032464677,289,277,434
contacts_high,0.05,15.0,0.25,10.687901236263103,288,278,434
contacts_high,0.05,15.0,0.25,10.694403820115502,288,277,435
contacts_high,0.05,15.0,0.25,10.69765095036388,287,278,435
contacts_high,0.05,15.0,0.25,10.705163975733642,286,279,435
contacts_high,0.05,15.0,0.25,10.729350160288934,285,280,435
contacts_high,0.05,15.0,0.25,10.743561502044667,285,279,436
contacts_high,0.05,15.0,0.25,10.752213849754341,285,278,437
contacts_high,0.05,15.0,0.25,10.755351840561401,284,279,437
contacts_high,0.05,15.0,0.25,10.756118018014337,284,278,438
contacts_high,0.05,15.0,0.25,10.756845722658085,283,279,438
contacts_high,0.05,15.0,0.25,10.773286823735887,283,278,439
contacts_high,0.05,15.0,0.25,10.774330737141605,283,277,440
contacts_high,0.05,15.0,0.25,10.79281122634068,283,276,441
contacts_high,0.05,15.0,0.25,10.798255589246086,283,275,442
contacts_high,0.05,15.0,0.25,10.810993591772547,282,276,442
contacts_high,0.05,15.0,0.25,10.813247248633294,282,275,443
contacts_high,0.05,15.0,0.25,10.81335481482306,282,274,444
contacts_high,0.05,15.0,0.25,10.823591984926589,282,273,445
contacts_high,0.05,15.0,0.25,10.829047636164649,281,274,445
contacts_high,0.05,15.0,0.25,10.838513056415408,281,273,446
contacts_high,0.05,15.0,0.25,10.83853032506526,281,272,447
contacts_high,0.05,15.0,0.25,10.84109634141081,280,273,447
contacts_high,0.05,15.0,0.25,10.842760135968618,280,272,448
contacts_high,0.05,15.0,0.25,10.842818684465549,280,271,449
contacts_high,0.05,15.0,0.25,10.854473066724804,280,270,450
contacts_high,0.05,15.0,0.25,10.857161805246536,279,271,450
contacts_high,0.05,15.0,0.25,10.870649371520573,278,272,450
contacts_high,0.05,15.0,0.25,10.893090198408318,277,273,450
contacts_high,0.05,15.0,0.25,10.904362721265842,276,274,450
contacts_high,0.05,15.0,0.25,10.920916373890087,275,275,450
contacts_high,0.05,15.0,0.25,10.928219487563116,274,276,450
contacts_high,0.05,15.0,0.25,10.942848611946825,273,277,450
contacts_high,0.05,15.0,0.25,10.96001644804916,273,276,451
contacts_high,0.05,15.0,0.25,10.9628193826283,273,275,452
contacts_high,0.05,15.0,0.25,10.964168153344353,272,276,452
contacts_high,0.05,15.0,0.25,10.966839135514594,271,277,452
contacts_high,0.05,15.0,0.25,10.969163293111798,271,276,453
contacts_high,0.05,15.0,0.25,10.969630402179764,270,277,453
contacts_high,0.05,15.0,0.25,10.979436727297678,269,278,453
contacts_high,0.05,15.0,0.25,10.981850515764288,268,279,453
contacts_high,0.05,15.0,0.25,10.986564473938445,268,278,454
contacts_high,0.05,15.0,0.25,10.998665675636595,268,277,455
contacts_high,0.05,15.0,0.25,11.022538807195348,268,276,456
contacts_high,0.05,15.0,0.25,11.026248811807172,268,275,457
contacts_high,0.05,15.0,0.25,11.02879621339345,267,276,457
contacts_high,0.05,15.0,0.25,11.038192095648627,267,275,458
contacts_high,0.05,15.0,0.25,11.048320141705705,266,276,458
contacts_high,0.05,15.0,0.25,11.049550731434612,265,277,458
contacts_high,0.05,15.0,0.25,11.068276273312334,264,278,458
contacts_high,0.05,15.0,0.25,11.100269085882031,264,277,459
contacts_high,0.05,15.0,0.25,11.123919685438764,264,276,460
contacts_high,0.05,15.0,0.25,11.127112015983826,263,277,460
contacts_high,0.05,15.0,0.25,11.135355468555561,263,276,461
contacts_high,0.05,15.0,0.25,11.161254428990857,262,277,461
contacts_high,0.05,15.0,0.25,11.17285622515259,261,278,461
contacts_high,0.05,15.0,0.25,11.178572152307682,260,279,461
contacts_high,0.05,15.0,0.25,11.199338433765533,260,278,462
contacts_high,0.05,15.0,0.25,11.205185522345227,259,279,462
contacts_high,0.05,15.0,0.25,11.209897963002966,258,280,462
contacts_high,0.05,15.0,0.25,11.211453759275535,258,279,463
contacts_high,0.05,15.0,0.25,11.211770558462831,258,278,464
contacts_high,0.05,15.0,0.25,11.223281714666548,257,279,464
contacts_high,0.05,15.0,0.25,11.225394319248288,257,278,465
contacts_high,0.05,15.0,0.25,11.233710351893716,257,277,466
contacts_high,0.05,15.0,0.25,11.237102798416776,257,276,467
contacts_high,0.05,15.0,0.25,11.246476756489598,257,275,468
contacts_high,0.05,15.0,0.25,11.256025301734299,256,276,468
contacts_high,0.05,15.0,0.25,11.26570891767793,256,275,469
contacts_high,0.05,15.0,0.25,11.268987185410417,256,274,470
contacts_high,0.05,15.0,0.25,11.27013406016818,255,275,470
contacts_high,0.05,15.0,0.25,11.328768400695445,255,274,471
contacts_high,0.05,15.0,0.25,11.351871494048925,255,273,472
contacts_high,0.05,15.0,0.25,11.363285637001724,255,272,473
contacts_high,0.05,15.0,0.25,11.366193250260913,255,271,474
contacts_high,0.05,15.0,0.25,11.366724363380266,255,270,475
contacts_high,0.05,15.0,0.25,11.373091432021646,255,269,476
contacts_high,0.05,15.0,0.25,11.381517083352808,254,270,476
contacts_high,0.05,15.0,0.25,11.384288975164651,253,271,476
contacts_high,0.05,15.0,0.25,11.389364252422975,253,270,477
contacts_high,0.05,15.0,0.25,11.390434633927756,252,271,477
contacts_high,0.05,15.0,0.25,11.39701988989522,251,272,477
contacts_high,0.05,15.0,0.25,11.409440333158349,251,271,478
contacts_high,0.05,15.0,0.25,11.418208345269719,251,270,479
contacts_high,0.05,15.0,0.25,11.424028975142798,250,271,479
contacts_high,0.05,15.0,0.25,11.431871952969662,249,272,479
contacts_high,0.05,15.0,0.25,11.443323523991243,248,273,479
contacts_high,0.05,15.0,0.25,11.457907428796988,248,272,480
contacts_high,0.05,15.0,0.25,11.471862341521113,248,271,481
contacts_high,0.05,15.0,0.25,11.477271675624337,248,270,482
contacts_high,0.05,15.0,0.25,11.494165920992472,248,269,483
contacts_high,0.05,15.0,0.25,11.50081657360219,247,270,483
contacts_high,0.05,15.0,0.25,11.502161085820173,247,269,484
contacts_high,0.05,15.0,0.25,11.50239785156377,247,268,485
contacts_high,0.05,15.0,0.25,11.513778208626222,247,267,486
contacts_high,0.05,15.0,0.25,11.53283115874936,247,266,487
contacts_high,0.05,15.0,0.25,11.534448690009247,247,265,488
contacts_high,0.05,15.0,0.25,11.534579315957334,247,264,489
contacts_high,0.05,15.0,0.25,11.536502924544592,247,263,490
contacts_high,0.05,15.0,0.25,11.539003719085576,247,262,491
contacts_high,0.05,15.0,0.25,11.550975103758635,247,261,492
contacts_high,0.05,15.0,0.25,11.551740915073113,247,260,493
contacts_high,0.05,15.0,0.25,11.554867831981348,246,261,493
contacts_high,0.05,15.0,0.25,11.560449096616413,245,262,493
contacts_high,0.05,15.0,0.25,11.566782684280955,244,263,493
contacts_high,0.05,15.0,0.25,11.577449098352611,244,262,494
contacts_high,0.05,15.0,0.25,11.58410961951074,243,263,494
contacts_high,0.05,15.0,0.25,11.610210777464811,242,264,494
contacts_high,0.05,15.0,0.25,11.619408994625115,241,265,494
contacts_high,0.05,15.0,0.25,11.633669963383642,241,264,495
contacts_high,0.05,15.0,0.25,11.637371771304716,240,265,495
contacts_high,0.05,15.0,0.25,11.646335255596737,239,266,495
contacts_high,0.05,15.0,0.25,11.6783739920409,239,265,496
contacts_high,0.05,15.0,0.25,11.679831211747569,238,266,496
contacts_high,0.05,15.0,0.25,11.692590148602648,238,265,497
contacts_high,0.05,15.0,0.25,11.704400821751614,238,264,498
contacts_high,0.05,15.0,0.25,11.717304924394902,237,265,498
contacts_high,0.05,15.0,0.25,11.72341472351768,236,266,498
contacts_high,0.05,15.0,0.25,11.751505172587985,236,265,499
contacts_high,0.05,15.0,0.25,11.751788334597258,235,266,499
contacts_high,0.05,15.0,0.25,11.759946109280987,235,265,500
contacts_high,0.05,15.0,0.25,11.762441063891684,235,264,501
contacts_high,0.05,15.0,0.25,11.762972213320204,234,265,501
contacts_high,0.05,15.0,0.25,11.766672314480418,234,264,502
contacts_high,0.05,15.0,0.25,11.771689404679835,233,265,502
contacts_high,0.05,15.0,0.25,11.783927590287039,233,264,503
contacts_high,0.05,15.0,0.25,11.787704361504664,233,263,504
contacts_high,0.05,15.0,0.25,11.811325377778035,233,262,505
contacts_high,0.05,15.0,0.25,11.815869306949978,232,263,505
contacts_high,0.05,15.0,0.25,11.816072605055874,231,264,505
contacts_high,0.05,15.0,0.25,11.819177812436699,231,263,506
contacts_high,0.05,15.0,0.25,11.830253065307522,231,262,507
contacts_high,0.05,15.0,0.25,11.834748247277059,231,261,508
contacts_high,0.05,15.0,0.25,11.83957790980238,231,260,509
contacts_high,0.05,15.0,0.25,11.845540374117611,231,259,510
contacts_high,0.05,15.0,0.25,11.86074130445563,231,258,511
contacts_high,0.05,15.0,0.25,11.862008621122143,231,257,512
contacts_high,0.05,15.0,0.25,11.8696685094039,231,256,513
contacts_high,0.05,15.0,0.25,11.871132599670377,230,257,513
contacts_high,0.05,15.0,0.25,11.871735291891206,230,256,514
contacts_high,0.05,15.0,0.25,11.880852679242558,229,257,514
contacts_high,0.05,15.0,0.25,11.896475049451325,228,258,514
contacts_high,0.05,15.0,0.25,11.901314589180359,228,257,515
contacts_high,0.05,15.0,0.25,11.907085988800993,228,256,516
contacts_high,0.05,15.0,0.25,11.90722167489946,228,255,517
contacts_high,0.05,15.0,0.25,11.93571340875381,227,256,517
contacts_high,0.05,15.0,0.25,11.945887387676269,226,257,517
contacts_high,0.05,15.0,0.25,11.948603380957598,226,256,518
contacts_high,0.05,15.0,0.25,11.957247804963158,225,257,518
contacts_high,0.05,15.0,0.25,11.959768377908027,224,258,518
contacts_high,0.05,15.0,0.25,11.96324661377553,223,259,518
contacts_high,0.05,15.0,0.25,11.979574520952188,222,260,518
contacts_high,0.05,15.0,0.25,11.985469620233983,222,259,519
contacts_high,0.05,15.0,0.25,12.001090868875007,221,260,519
contacts_high,0.05,15.0,0.25,12.011691028530235,221,259,520
contacts_high,0.05,15.0,0.25,12.016968854494671,221,258,521
contacts_high,0.05,15.0,0.25,12.022264330861422,220,259,521
contacts_high,0.05,15.0,0.25,12.024686374860242,220,258,522
contacts_high,0.05,15.0,0.25,12.034832515285679,220,257,523
contacts_high,0.05,15.0,0.25,12.054107005283791,219,258,523
contacts_high,0.05,15.0,0.25,12.077362874911511,219,257,524
contacts_high,0.05,15.0,0.25,12.077864420856336,218,258,524
contacts_high,0.05,15.0,0.25,12.08417539000369,217,259,524
contacts_high,0.05,15.0,0.25,12.084739210349746,217,258,525
contacts_high,0.05,15.0,0.25,12.089532273509656,217,257,526
contacts_high,0.05,15.0,0.25,12.095777132989596,216,258,526
contacts_high,0.05,15.0,0.25,12.096516089310047,216,257,527
contacts_high,0.05,15.0,0.25,12.104190504590893,216,256,528
contacts_high,0.05,15.0,0.25,12.11282077844352,216,255,529
contacts_high,0.05,15.0,0.25,12.113693437254021,216,254,530
contacts_high,0.05,15.0,0.25,12.113930483200201,216,253,531
contacts_high,0.05,15.0,0.25,12.123092159036407,216,252,532
contacts_high,0.05,15.0,0.25,12.124030859981664,216,251,533
contacts_high,0.05,15.0,0.25,12.135364661679326,215,252,533
contacts_high,0.05,15.0,0.25,12.135594323964852,215,251,534
contacts_high,0.05,15.0,0.25,12.146094711727258,215,250,535
contacts_high,0.05,15.0,0.25,12.15020745322788,215,249,536
contacts_high,0.05,15.0,0.25,12.1697852310763,215,248,537
contacts_high,0.05,15.0,0.25,12.173244811348873,215,247,538
contacts_high,0.05,15.0,0.25,12.207212166562764,214,248,538
contacts_high,0.05,15.0,0.25,12.220311725074767,214,247,539
contacts_high,0.05,15.0,0.25,12.24073179186081,213,248,539
contacts_high,0.05,15.0,0.25,12.267913739454494,212,249,539
contacts_high,0.05,15.0,0.25,12.278970799447633,211,250,539
contacts_high,0.05,15.0,0.25,12.286640228556216,211,249,540
contacts_high,0.05,15.0,0.25,12.291105889031881,210,250,540
contacts_high,0.05,15.0,0.25,12.348404238685486,209,251,540
contacts_high,0.05,15.0,0.25,12.354680788687066,209,250,541
contacts_high,0.05,15.0,0.25,12.377150051803985,209,249,542
contacts_high,0.05,15.0,0.25,12.382998731139873,209,248,543
contacts_high,0.05,15.0,0.25,12.402097386928936,208,249,543
contacts_high,0.05,15.0,0.25,12.416147087368579,207,250,543
contacts_high,0.05,15.0,0.25,12.464552918608385,207,249,544
contacts_high,0.05,15.0,0.25,12.466270715828793,206,250,544
contacts_high,0.05,15.0,0.25,12.470213725565802,206,249,545
contacts_high,0.05,15.0,0.25,12.480203244400265,205,250,545
contacts_high,0.05,15.0,0.25,12.488698096275751,205,249,546
contacts_high,0.05,15.0,0.25,12.496392477989257,205,248,547
contacts_high,0.05,15.0,0.25,12.544606687439584,205,247,548
contacts_high,0.05,15.0,0.25,12.560688582265875,205,246,549
contacts_high,0.05,15.0,0.25,12.571514169245495,204,247,549
contacts_high,0.05,15.0,0.25,12.580945545336267,204,246,550
contacts_high,0.05,15.0,0.25,12.602510960800377,204,245,551
contacts_high,0.05,15.0,0.25,12.605356414836024,204,244,552
contacts_high,0.05,15.0,0.25,12.612264526978002,204,243,553
contacts_high,0.05,15.0,0.25,12.612713068230914,204,242,554
contacts_high,0.05,15.0,0.25,12.615731994331448,204,241,555
contacts_high,0.05,15.0,0.25,12.638148471585248,204,240,556
contacts_high,0.05,15.0,0.25,12.63993689221593,203,241,556
contacts_high,0.05,15.0,0.25,12.652875545290785,203,240,557
contacts_high,0.05,15.0,0.25,12.661939418408409,203,239,558
contacts_high,0.05,15.0,0.25,12.673911622887804,202,240,558
contacts_high,0.05,15.0,0.25,12.690006893674385,202,239,559
contacts_high,0.05,15.0,0.25,12.698572051325707,202,238,560
contacts_high,0.05,15.0,0.25,12.704553285199623,202,237,561
contacts_high,0.05,15.0,0.25,12.718345680098272,201,238,561
contacts_high,0.05,15.0,0.25,12.718505552784492,201,237,562
contacts_high,0.05,15.0,0.25,12.74617737445251,200,238,562
contacts_high,0.05,15.0,0.25,12.753534674496004,199,239,562
contacts_high,0.05,15.0,0.25,12.758579986931439,199,238,563
contacts_high,0.05,15.0,0.25,12.769780716772523,199,237,564
contacts_high,0.05,15.0,0.25,12.779606346833535,199,236,565
contacts_high,0.05,15.0,0.25,12.800788683652202,198,237,565
contacts_high,0.05,15.0,0.25,12.803521221546124,198,236,566
contacts_high,0.05,15.0,0.25,12.804618865891216,197,237,566
contacts_high,0.05,15.0,0.25,12.822322396156775,197,236,567
contacts_high,0.05,15.0,0.25,12.82305763112816,196,237,567
contacts_high,0.05,15.0,0.25,12.834237700661255,196,236,568
contacts_high,0.05,15.0,0.25,12.845466069115753,196,235,569
contacts_high,0.05,15.0,0.25,12.87029792941427,196,234,570
contacts_high,0.05,15.0,0.25,12.906892630171651,196,233,571
contacts_high,0.05,15.0,0.25,12.918487670948537,195,234,571
contacts_high,0.05,15.0,0.25,12.924168573646607,194,235,571
contacts_high,0.05,15.0,0.25,12.934028631941496,193,236,571
contacts_high,0.05,15.0,0.25,12.946076849167383,193,235,572
contacts_high,0.05,15.0,0.25,12.968360775099443,193,234,573
contacts_high,0.05,15.0,0.25,12.972035315246567,193,233,574
contacts_high,0.05,15.0,0.25,12.987067491491572,193,232,575
contacts_high,0.05,15.0,0.25,12.992705992056544,192,233,575
contacts_high,0.05,15.0,0.25,13.017775391300484,192,232,576
contacts_high,0.05,15.0,0.25,13.023021435506948,192,231,577
contacts_high,0.05,15.0,0.25,13.029853930415335,192,230,578
contacts_high,0.05,15.0,0.25,13.037608832504445,192,229,579
contacts_high,0.05,15.0,0.25,13.076264946868513,192,228,580
contacts_high,0.05,15.0,0.25,13.084178938879905,192,227,581
contacts_high,0.05,15.0,0.25,13.0951928779764,192,226,582
contacts_high,0.05,15.0,0.25,13.098146114518741,191,227,582
contacts_high,0.05,15.0,0.25,13.101886823948957,191,226,583
contacts_high,0.05,15.0,0.25,13.105403505913905,191,225,584
contacts_high,0.05,15.0,0.25,13.108062967587133,191,224,585
contacts_high,0.05,15.0,0.25,13.141947904669237,191,223,586
contacts_high,0.05,15.0,0.25,13.149970696789252,190,224,586
contacts_high,0.05,15.0,0.25,13.167936540816077,190,223,587
contacts_high,0.05,15.0,0.25,13.182439964832941,189,224,587
contacts_high,0.05,15.0,0.25,13.187595142613276,188,225,587
contacts_high,0.05,15.0,0.25,13.198474614782732,188,224,588
contacts_high,0.05,15.0,0.25,13.20115891798303,187,225,588
contacts_high,0.05,15.0,0.25,13.204869836150733,187,224,589
contacts_high,0.05,15.0,0.25,13.210028443065676,187,223,590
contacts_high,0.05,15.0,0.25,13.215639886521966,187,222,591
contacts_high,0.05,15.0,0.25,13.28100622553022,187,221,592
contacts_high,0.05,15.0,0.25,13.286980026142158,187,220,593
contacts_high,0.05,15.0,0.25,13.287636411632443,187,219,594
contacts_high,0.05,15.0,0.25,13.304216519655244,186,220,594
contacts_high,0.05,15.0,0.25,13.308448373464394,186,219,595
contacts_high,0.05,15.0,0.25,13.359815710624071,185,220,595
contacts_high,0.05,15.0,0.25,13.363821572387895,184,221,595
contacts_high,0.05,15.0,0.25,13.440189826155455,183,222,595
contacts_high,0.05,15.0,0.25,13.442942426639638,182,223,595
contacts_high,0.05,15.0,0.25,13.455573191584586,181,224,595
contacts_high,0.05,15.0,0.25,13.48066309590661,181,223,596
contacts_high,0.05,15.0,0.25,13.529560288409048,180,224,596
contacts_high,0.05,15.0,0.25,13.531928071326845,180,223,597
contacts_high,0.05,15.0,0.25,13.540518330862607,180,222,598
contacts_high,0.05,15.0,0.25,13.54641277688617,180,221,599
contacts_high,0.05,15.0,0.25,13.547567317491458,179,222,599
contacts_high,0.05,15.0,0.25,13.577553150137014,179,221,600
contacts_high,0.05,15.0,0.25,13.596316454942112,179,220,601
contacts_high,0.05,15.0,0.25,13.607961590722658,178,221,601
contacts_high,0.05,15.0,0.25,13.626990507612945,177,222,601
contacts_high,0.05,15.0,0.25,13.648127420530024,177,221,602
contacts_high,0.05,15.0,0.25,13.665922321694094,177,220,603
contacts_high,0.05,15.0,0.25,13.674405853096228,177,219,604
contacts_high,0.05,15.0,0.25,13.704558351628805,177,218,605
contacts_high,0.05,15.0,0.25,13.723736268035823,177,217,606
contacts_high,0.05,15.0,0.25,13.729249527936597,177,216,607
contacts_high,0.05,15.0,0.25,13.73334862467172,177,215,608
contacts_high,0.05,15.0,0.25,13.74069739703124,176,216,608
contacts_high,0.05,15.0,0.25,13.742795824467787,176,215,609
contacts_high,0.05,15.0,0.25,13.754054431164175,176,214,610
contacts_high,0.05,15.0,0.25,13.759677661246963,175,215,610
contacts_high,0.05,15.0,0.25,13.769119560464501,175,214,611
contacts_high,0.05,15.0,0.25,13.77970230112551,175,213,612
contacts_high,0.05,15.0,0.25,13.789959697282312,174,214,612
contacts_high,0.05,15.0,0.25,13.82822945394589,173,215,612
contacts_high,0.05,15.0,0.25,13.840826083326421,173,214,613
contacts_high,0.05,15.0,0.25,13.841799648812216,173,213,614
contacts_high,0.05,15.0,0.25,13.84852124082518,173,212,615
contacts_high,0.05,15.0,0.25,13.849227817143667,173,211,616
contacts_high,0.05,15.0,0.25,13.860177900802611,172,212,616
contacts_high,0.05,15.0,0.25,13.885515203081617,172,211,617
contacts_high,0.05,15.0,0.25,13.886809623926833,172,210,618
contacts_high,0.05,15.0,0.25,13.899405509302394,171,211,618
contacts_high,0.05,15.0,0.25,13.90004344147302,171,210,619
contacts_high,0.05,15.0,0.25,13.904969648478835,171,209,620
contacts_high,0.05,15.0,0.25,13.914018930806725,170,210,620
contacts_high,0.05,15.0,0.25,13.92330286905847,170,209,621
contacts_high,0.05,15.0,0.25,13.9687456545558,170,208,622
contacts_high,0.05,15.0,0.25,13.983388104446153,169,209,622
contacts_high,0.05,15.0,0.25,13.983973964553467,169,208,623
contacts_high,0.05,15.0,0.25,13.987375133596595,168,209,623
contacts_high,0.05,15.0,0.25,13.987622327238203,168,208,624
contacts_high,0.05,15.0,0.25,13.988388609737306,168,207,625
contacts_high,0.05,15.0,0.25,14.003744174672512,168,206,626
contacts_high,0.05,15.0,0.25,14.014246910459624,167,207,626
contacts_high,0.05,15.0,0.25,14.03180114464016,166,208,626
contacts_high,0.05,15.0,0.25,14.032360352634809,166,207,627
contacts_high,0.05,15.0,0.25,14.035964226703417,166,206,628
contacts_high,0.05,15.0,0.25,14.039825039336082,166,205,629
contacts_high,0.05,15.0,0.25,14.076532001908522,165,206,629
contacts_high,0.05,15.0,0.25,14.089574187582054,164,207,629
contacts_high,0.05,15.0,0.25,14.098290639938911,163,208,629
contacts_high,0.05,15.0,0.25,14.099003797429873,163,207,630
contacts_high,0.05,15.0,0.25,14.101242613949687,163,206,631
contacts_high,0.05,15.0,0.25,14.107063091016538,163,205,632
contacts_high,0.05,15.0,0.25,14.118153660072357,163,204,633
contacts_high,0.05,15.0,0.25,14.13111644288663,163,203,634
contacts_high,0.05,15.0,0.25,14.138153563077397,162,204,634
contacts_high,0.05,15.0,0.25,14.142096015395168,161,205,634
contacts_high,0.05,15.0,0.25,14.147440237590697,161,204,635
contacts_high,0.05,15.0,0.25,14.183713133169551,161,203,636
contacts_high,0.05,15.0,0.25,14.185670520181166,161,202,637
contacts_high,0.05,15.0,0.25,14.193411120121036,160,203,637
contacts_high,0.05,15.0,0.25,14.213261702100882,159,204,637
contacts_high,0.05,15.0,0.25,14.222200649284547,159,203,638
contacts_high,0.05,15.0,0.25,14.259207133349515,159,202,639
contacts_high,0.05,15.0,0.25,14.273086937218654,159,201,640
contacts_high,0.05,15.0,0.25,14.276706616991461,158,202,640
contacts_high,0.05,15.0,0.25,14.291851296143856,157,203,640
contacts_high,0.05,15.0,0.25,14.309491747029561,156,204,640
contacts_high,0.05,15.0,0.25,14.31609368769046,156,203,641
contacts_high,0.05,15.0,0.25,14.328176516015906,155,204,641
contacts_high,0.05,15.0,0.25,14.372555357600671,155,203,642
contacts_high,0.05,15.0,0.25,14.387348437553456,154,204,642
contacts_high,0.05,15.0,0.25,14.387722183035727,154,203,643
contacts_high,0.05,15.0,0.25,14.408271561783828,154,202,644
contacts_high,0.05,15.0,0.25,14.41757555356154,154,201,645
contacts_high,0.05,15.0,0.25,14.41870845023971,154,200,646
contacts_high,0.05,15.0,0.25,14.432867382357948,154,199,647
contacts_high,0.05,15.0,0.25,14.434062852714344,154,198,648
contacts_high,0.05,15.0,0.25,14.446037484503398,153,199,648
contacts_high,0.05,15.0,0.25,14.455886534903462,152,200,648
contacts_high,0.05,15.0,0.25,14.490575351660086,151,201,648
contacts_high,0.05,15.0,0.25,14.499487783987371,150,202,648
contacts_high,0.05,15.0,0.25,14.502294041495375,149,203,648
contacts_high,0.05,15.0,0.25,14.508563858730675,149,202,649
contacts_high,0.05,15.0,0.25,14.529071502105982,148,203,649
contacts_high,0.05,15.0,0.25,14.571679456533001,148,202,650
contacts_high,0.05,15.0,0.25,14.611902055226157,148,201,651
contacts_high,0.05,15.0,0.25,14.632484175526365,148,200,652
contacts_high,0.05,15.0,0.25,14.647897596769198,148,199,653
contacts_high,0.05,15.0,0.25,14.656048344453794,148,198,654
contacts_high,0.05,15.0,0.25,14.66716273664089,147,199,654
contacts_high,0.05,15.0,0.25,14.670049105929188,147,198,655
contacts_high,0.05,15.0,0.25,14.672253213672555,147,197,656
contacts_high,0.05,15.0,0.25,14.687311565926436,147,196,657
contacts_high,0.05,15.0,0.25,14.68997574065611,147,195,658
contacts_high,0.05,15.0,0.25,14.699602432586122,147,194,659
contacts_high,0.05,15.0,0.25,14.7016424489941,147,193,660
contacts_high,0.05,15.0,0.25,14.714424389524126,147,192,661
contacts_high,0.05,15.0,0.25,14.750127837841644,147,191,662
contacts_high,0.05,15.0,0.25,14.76193436408053,147,190,663
contacts_high,0.05,15.0,0.25,14.838499018122548,147,189,664
contacts_high,0.05,15.0,0.25,14.851371289352882,147,188,665
contacts_high,0.05,15.0,0.25,14.857073792130056,147,187,666
contacts_high,0.05,15.0,0.25,14.872411495064561,146,188,666
contacts_high,0.05,15.0,0.25,14.874701689071241,146,187,667
contacts_high,0.05,15.0,0.25,14.875251962913929,145,188,667
contacts_high,0.05,15.0,0.25,14.901897877309352,144,189,667
contacts_high,0.05,15.0,0.25,14.905442757789693,143,190,667
contacts_high,0.05,15.0,0.25,14.908684087386705,142,191,667
contacts_high,0.05,15.0,0.25,14.92185229006062,142,190,668
contacts_high,0.05,15.0,0.25,14.946264236132292,142,189,669
contacts_high,0.05,15.0,0.25,14.949095249818015,142,188,670
contacts_high,0.05,15.0,0.25,14.96630379176295,141,189,670
contacts_high,0.05,15.0,0.25,14.967011245200123,141,188,671
contacts_high,0.05,15.0,0.25,14.987826770273077,141,187,672
contacts_high,0.05,15.0,0.25,14.995764535110256,141,186,673
contacts_high,0.05,15.0,0.25,15.044880340498596,141,185,674
contacts_high,0.05,15.0,0.25,15.046189446512612,140,186,674
contacts_high,0.05,15.0,0.25,15.048133091973153,140,185,675
contacts_high,0.05,15.0,0.25,15.070397849488302,140,184,676
contacts_high,0.05,15.0,0.25,15.097932310210071,140,183,677
contacts_high,0.05,15.0,0.25,15.117142682528742,140,182,678
contacts_high,0.05,15.0,0.25,15.11893520762084,140,181,679
contacts_high,0.05,15.0,0.25,15.121110630697036,139,182,679
contacts_high,0.05,15.0,0.25,15.14717598334228,139,181,680
contacts_high,0.05,15.0,0.25,15.16568509864264,138,182,680
contacts_high,0.05,15.0,0.25,15.16969987140337,137,183,680
contacts_high,0.05,15.0,0.25,15.175121019864907,137,182,681
contacts_high,0.05,15.0,0.25,15.195154898259133,136,183,681
contacts_high,0.05,15.0,0.25,15.21916137708479,136,182,682
contacts_high,0.05,15.0,0.25,15.231875110229598,136,181,683
contacts_high,0.05,15.0,0.25,15.235434316770945,136,180,684
contacts_high,0.05,15.0,0.25,15.242384490063325,136,179,685
contacts_high,0.05,15.0,0.25,15.288642946964782,135,180,685
contacts_high,0.05,15.0,0.25,15.29107352985919,135,179,686
contacts_high,0.05,15.0,0.25,15.308208498423252,135,178,687
contacts_high,0.05,15.0,0.25,15.356215427129635,135,177,688
contacts_high,0.05,15.0,0.25,15.377485970578741,135,176,689
contacts_high,0.05,15.0,0.25,15.430766695065907,135,175,690
contacts_high,0.05,15.0,0.25,15.45479297856095,135,174,691
contacts_high,0.05,15.0,0.25,15.473928890167977,135,173,692
contacts_high,0.05,15.0,0.25,15.485795370980577,135,172,693
contacts_high,0.05,15.0,0.25,15.488392169699448,135,171,694
contacts_high,0.05,15.0,0.25,15.51607884967827,135,170,695
contacts_high,0.05,15.0,0.25,15.527131009733719,134,171,695
contacts_high,0.05,15.0,0.25,15.539625002306778,134,170,696
contacts_high,0.05,15.0,0.25,15.542552606018042,134,169,697
contacts_high,0.05,15.0,0.25,15.560588570306658,134,168,698
contacts_high,0.05,15.0,0.25,15.585591908965775,133,169,698
contacts_high,0.05,15.0,0.25,15.598773055254838,133,168,699
contacts_high,0.05,15.0,0.25,15.631985081243387,132,169,699
contacts_high,0.05,15.0,0.25,15.65410082275916,131,170,699
contacts_high,0.05,15.0,0.25,15.694583633088598,130,171,699
contacts_high,0.05,15.0,0.25,15.699425028684832,130,170,700
contacts_high,0.05,15.0,0.25,15.703173712741808,130,169,701
contacts_high,0.05,15.0,0.25,15.710674560613057,130,168,702
contacts_high,0.05,15.0,0.25,15.725981463527987,130,167,703
contacts_high,0.05,15.0,0.25,15.739209317604693,130,166,704
contacts_high,0.05,15.0,0.25,15.745256886948106,129,167,704
contacts_high,0.05,15.0,0.25,15.753336476983195,128,168,704
contacts_high,0.05,15.0,0.25,15.766547136071134,128,167,705
contacts_high,0.05,15.0,0.25,15.836572360304615,128,166,706
contacts_high,0.05,15.0,0.25,15.839836267675636,128,165,707
contacts_high,0.05,15.0,0.25,15.851535177142509,128,164,708
contacts_high,0.05,15.0,0.25,15.892803833032886,128,163,709
contacts_high,0.05,15.0,0.25,15.893226552920648,128,162,710
contacts_high,0.05,15.0,0.25,15.923472865797315,128,161,711
contacts_high,0.05,15.0,0.25,15.935937297448868,128,160,712
contacts_high,0.05,15.0,0.25,15.951809968456026,128,159,713
contacts_high,0.05,15.0,0.25,15.957089097183312,128,158,714
contacts_high,0.05,15.0,0.25,15.958337511049333,127,159,714
contacts_high,0.05,15.0,0.25,15.960285086181276,127,158,715
contacts_high,0.05,15.0,0.25,15.970072031748069,126,159,715
contacts_high,0.05,15.0,0.25,16.026646864587747,125,160,715
contacts_high,0.05,15.0,0.25,16.049145975467834,125,159,716
contacts_high,0.05,15.0,0.25,16.04915572877107,125,158,717
contacts_high,0.05,15.0,0.25,16.05567285787603,125,157,718
contacts_high,0.05,15.0,0.25,16.062700621342128,125,156,719
contacts_high,0.05,15.0,0.25,16.070958050440588,125,155,720
contacts_high,0.05,15.0,0.25,16.090035264029495,125,154,721
contacts_high,0.05,15.0,0.25,16.0969646023673,124,155,721
contacts_high,0.05,15.0,0.25,16.103484305326383,124,154,722
contacts_high,0.05,15.0,0.25,16.113839989211726,124,153,723
contacts_high,0.05,15.0,0.25,16.130249430209957,124,152,724
contacts_high,0.05,15.0,0.25,16.154251820339468,124,151,725
contacts_high,0.05,15.0,0.25,16.209409940470373,124,150,726
contacts_high,0.05,15.0,0.25,16.25049519211438,124,149,727
contacts_high,0.05,15.0,0.25,16.276782205586862,123,150,727
contacts_high,0.05,15.0,0.25,16.297570535164205,123,149,728
contacts_high,0.05,15.0,0.25,16.32362160380532,123,148,729
contacts_high,0.05,15.0,0.25,16.333855914777075,123,147,730
contacts_high,0.05,15.0,0.25,16.342607677764057,122,148,730
contacts_high,0.05,15.0,0.25,16.376496623331338,122,147,731
contacts_high,0.05,15.0,0.25,16.404589033421928,121,148,731
contacts_high,0.05,15.0,0.25,16.406758653920303,120,149,731
contacts_high,0.05,15.0,0.25,16.428777393930446,119,150,731
contacts_high,0.05,15.0,0.25,16.428792865412124,119,149,732
contacts_high,0.05,15.0,0.25,16.469501229009765,119,148,733
contacts_high,0.05,15.0,0.25,16.479592752505145,119,147,734
contacts_high,0.05,15.0,0.25,16.48410426431639,119,146,735
contacts_high,0.05,15.0,0.25,16.509961237101113,119,145,736
contacts_high,0.05,15.0,0.25,16.510082319036872,119,144,737
contacts_high,0.05,15.0,0.25,16.5123044483236,119,143,738
contacts_high,0.05,15.0,0.25,16.519572491224775,119,142,739
contacts_high,0.05,15.0,0.25,16.54950124095403,119,141,740
contacts_high,0.05,15.0,0.25,16.572521906344452,119,140,741
contacts_high,0.05,15.0,0.25,16.57556412623712,118,141,741
contacts_high,0.05,15.0,0.25,16.588645447385108,118,140,742
contacts_high,0.05,15.0,0.25,16.590485211816773,118,139,743
contacts_high,0.05,15.0,0.25,16.595173821602952,118,138,744
contacts_high,0.05,15.0,0.25,16.644146391461042,118,137,745
contacts_high,0.05,15.0,0.25,16.656471083717108,118,136,746
contacts_high,0.05,15.0,0.25,16.732580529542016,117,137,746
contacts_high,0.05,15.0,0.25,16.743426057761088,117,136,747
contacts_high,0.05,15.0,0.25,16.74527891430023,117,135,748
contacts_high,0.05,15.0,0.25,16.76196540543504,117,134,749
contacts_high,0.05,15.0,0.25,16.764078341605167,117,133,750
contacts_high,0.05,15.0,0.25,16.775228172275273,117,132,751
contacts_high,0.05,15.0,0.25,16.775251599161727,116,133,751
contacts_high,0.05,15.0,0.25,16.784973838286064,116,132,752
contacts_high,0.05,15.0,0.25,16.81686200717776,115,133,752
contacts_high,0.05,15.0,0.25,16.83725495605208,115,132,753
contacts_high,0.05,15.0,0.25,16.87834862662518,115,131,754
contacts_high,0.05,15.0,0.25,16.88931832379634,115,130,755
contacts_high,0.05,15.0,0.25,16.908609977180646,115,129,756
contacts_high,0.05,15.0,0.25,16.91555350377279,115,128,757
contacts_high,0.05,15.0,0.25,17.01849394885778,115,127,758
contacts_high,0.05,15.0,0.25,17.023058600180285,114,128,758
contacts_high,0.05,15.0,0.25,17.073256995657275,114,127,759
contacts_high,0.05,15.0,0.25,17.10679349723184,114,126,760
contacts_high,0.05,15.0,0.25,17.12100942078271,114,125,761
contacts_high,0.05,15.0,0.25,17.137178354100772,114,124,762
contacts_high,0.05,15.0,0.25,17.176864474625447,114,123,763
contacts_high,0.05,15.0,0.25,17.193696707767202,114,122,764
contacts_high,0.05,15.0,0.25,17.205864850294027,114,121,765
contacts_high,0.05,15.0,0.25,17.3046331942426,114,120,766
contacts_high,0.05,15.0,0.25,17.333891263599504,114,119,767
contacts_high,0.05,15.0,0.25,17.38034426600518,114,118,768
contacts_high,0.05,15.0,0.25,17.383006947829212,114,117,769
contacts_high,0.05,15.0,0.25,17.416767325444393,114,116,770
contacts_high,0.05,15.0,0.25,17.424820068659916,114,115,771
contacts_high,0.05,15.0,0.25,17.436308357252514,114,114,772
contacts_high,0.05,15.0,0.25,17.456288110620047,114,113,773
contacts_high,0.05,15.0,0.25,17.480102433627454,114,112,774
contacts_high,0.05,15.0,0.25,17.501996749766583,114,111,775
contacts_high,0.05,15.0,0.25,17.503380895381813,114,110,776
contacts_high,0.05,15.0,0.25,17.528397967676373,114,109,777
contacts_high,0.05,15.0,0.25,17.550963761320375,114,108,778
contacts_high,0.05,15.0,0.25,17.556905790208592,114,107,779
contacts_high,0.05,15.0,0.25,17.643515984008754,113,108,779
contacts_high,0.05,15.0,0.25,17.651570149537005,113,107,780
contacts_high,0.05,15.0,0.25,17.65335224777382,113,106,781
contacts_high,0.05,15.0,0.25,17.666169603343683,112,107,781
contacts_high,0.05,15.0,0.25,17.69262968603598,112,106,782
contacts_high,0.05,15.0,0.25,17.761264637937277,112,105,783
contacts_high,0.05,15.0,0.25,17.8937289535891,111,106,783
contacts_high,0.05,15.0,0.25,17.90818521271135,110,107,783
contacts_high,0.05,15.0,0.25,17.936235200559228,109,108,783
contacts_high,0.05,15.0,0.25,17.986577511117613,109,107,784
contacts_high,0.05,15.0,0.25,17.999059310658925,109,106,785
contacts_high,0.05,15.0,0.25,18.031206320989337,108,107,785
contacts_high,0.05,15.0,0.25,18.0373040815244,108,106,786
contacts_high,0.05,15.0,0.25,18.086961795466134,108,105,787
contacts_high,0.05,15.0,0.25,18.1155532326014,108,104,788
contacts_high,0.05,15.0,0.25,18.175818184568694,108,103,789
contacts_high,0.05,15.0,0.25,18.18454266221417,108,102,790
contacts_high,0.05,15.0,0.25,18.23997692267459,108,101,791
contacts_high,0.05,15.0,0.25,18.324768326500323,108,100,792
contacts_high,0.05,15.0,0.25,18.370442751665948,108,99,793
contacts_high,0.05,15.0,0.25,18.409954711068455,108,98,794
contacts_high,0.05,15.0,0.25,18.411069793595438,108,97,795
contacts_high,0.05,15.0,0.25,18.446767549381438,108,96,796
contacts_high,0.05,15.0,0.25,18.52369446527485,108,95,797
contacts_high,0.05,15.0,0.25,18.5555835769962,108,94,798
contacts_high,0.05,15.0,0.25,18.56857139590153,108,93,799
contacts_high,0.05,15.0,0.25,18.57025743363853,108,92,800
contacts_high,0.05,15.0,0.25,18.57175573625785,107,93,800
contacts_high,0.05,15.0,0.25,18.588846327203285,107,92,801
contacts_high,0.05,15.0,0.25,18.6185060526026,107,91,802
contacts_high,0.05,15.0,0.25,18.62782387629454,107,90,803
contacts_high,0.05,15.0,0.25,18.631702633987825,107,89,804
contacts_high,0.05,15.0,0.25,18.677410496152955,107,88,805
contacts_high,0.05,15.0,0.25,18.698222246973437,107,87,806
contacts_high,0.05,15.0,0.25,18.75385579306919,106,88,806
contacts_high,0.05,15.0,0.25,18.795355546074006,106,87,807
contacts_high,0.05,15.0,0.25,18.81158302767897,106,86,808
contacts_high,0.05,15.0,0.25,18.824903873383835,106,85,809
contacts_high,0.05,15.0,0.25,18.8278959539809,106,84,810
contacts_high,0.05,15.0,0.25,18.82842183813641,106,83,811
contacts_high,0.05,15.0,0.25,18.84798420313281,106,82,812
contacts_high,0.05,15.0,0.25,18.914496428485034,106,81,813
contacts_high,0.05,15.0,0.25,18.920989552752268,105,82,813
contacts_high,0.05,15.0,0.25,18.96228708460522,104,83,813
contacts_high,0.05,15.0,0.25,18.990964179314958,104,82,814
contacts_high,0.05,15.0,0.25,19.024044801700374,104,81,815
contacts_high,0.05,15.0,0.25,19.04699366783659,104,80,816
contacts_high,0.05,15.0,0.25,19.05492926915776,104,79,817
contacts_high,0.05,15.0,0.25,19.06034861936491,103,80,817
contacts_high,0.05,15.0,0.25,19.07623895324712,103,79,818
contacts_high,0.05,15.0,0.25,19.109490694709827,102,80,818
contacts_high,0.05,15.0,0.25,19.114881370538107,101,81,818
contacts_high,0.05,15.0,0.25,19.13077257868763,101,80,819
contacts_high,0.05,15.0,0.25,19.17625365208616,101,79,820
contacts_high,0.05,15.0,0.25,19.301467722070463,100,80,820
contacts_high,0.05,15.0,0.25,19.404516644982515,99,81,820
contacts_high,0.05,15.0,0.25,19.43564390247947,99,80,821
contacts_high,0.05,15.0,0.25,19.44358492728834,99,79,822
contacts_high,0.05,15.0,0.25,19.456769269784843,99,78,823
contacts_high,0.05,15.0,0.25,19.513322154353812,99,77,824
contacts_high,0.05,15.0,0.25,19.663037341355135,99,76,825
contacts_high,0.05,15.0,0.25,19.688989424599136,99,75,826
contacts_high,0.05,15.0,0.25,19.738287439191083,98,76,826
contacts_high,0.05,15.0,0.25,19.782996946015675,98,75,827
contacts_high,0.05,15.0,0.25,19.824073777563637,98,74,828
contacts_high,0.05,15.0,0.25,19.87329391980341,97,75,828
contacts_high,0.05,15.0,0.25,20.037346481442846,97,74,829
contacts_high,0.05,15.0,0.25,20.057186986471404,97,73,830
contacts_high,0.05,15.0,0.25,20.10124156452361,97,72,831
contacts_high,0.05,15.0,0.25,20.13932491583256,97,71,832
contacts_high,0.05,15.0,0.25,20.160261769715614,96,72,832
contacts_high,0.05,15.0,0.25,20.16110948851349,96,71,833
contacts_high,0.05,15.0,0.25,20.228527111178092,95,72,833
contacts_high,0.05,15.0,0.25,20.23319185567035,95,71,834
contacts_high,0.05,15.0,0.25,20.248542617598417,95,70,835
contacts_high,0.05,15.0,0.25,20.275889938049083,95,69,836
contacts_high,0.05,15.0,0.25,20.295421647104078,95,68,837
contacts_high,0.05,15.0,0.25,20.30093817834836,95,67,838
contacts_high,0.05,15.0,0.25,20.37481834511206,95,66,839
contacts_high,0.05,15.0,0.25,20.454723162133313,95,65,840
contacts_high,0.05,15.0,0.25,20.470968483636863,95,64,841
contacts_high,0.05,15.0,0.25,20.528448400512243,95,63,842
contacts_high,0.05,15.0,0.25,20.551900430370733,94,64,842
contacts_high,0.05,15.0,0.25,20.651815958601716,94,63,843
contacts_high,0.05,15.0,0.25,20.66768275171848,94,62,844
contacts_high,0.05,15.0,0.25,20.699146488329863,94,61,845
contacts_high,0.05,15.0,0.25,20.71588284973897,94,60,846
contacts_high,0.05,15.0,0.25,20.734088210229803,94,59,847
contacts_high,0.05,15.0,0.25,20.739206728176462,94,58,848
contacts_high,0.05,15.0,0.25,20.759859482367006,94,57,849
contacts_high,0.05,15.0,0.25,20.7867043710843,94,56,850
contacts_high,0.05,15.0,0.25,20.830463044664665,94,55,851
contacts_high,0.05,15.0,0.25,20.878067921564543,94,54,852
contacts_high,0.05,15.0,0.25,20.91206707749315,94,53,853
contacts_high,0.05,15.0,0.25,20.94940006800497,94,52,854
contacts_high,0.05,15.0,0.25,21.0213190392153,94,51,855
contacts_high,0.05,15.0,0.25,21.044796526669828,94,50,856
contacts_high,0.05,15.0,0.25,21.045540583701406,94,49,857
contacts_high,0.05,15.0,0.25,21.236066032474778,93,50,857
contacts_high,0.05,15.0,0.25,21.258528897972305,93,49,858
contacts_high,0.05,15.0,0.25,21.440452476492062,92,50,858
contacts_high,0.05,15.0,0.25,21.494965730052034,92,49,859
contacts_high,0.05,15.0,0.25,21.519349341632143,92,48,860
contacts_high,0.05,15.0,0.25,21.826846757858952,92,47,861
contacts_high,0.05,15.0,0.25,21.95033061390646,92,46,862
contacts_high,0.05,15.0,0.25,22.085904916294737,92,45,863
contacts_high,0.05,15.0,0.25,22.091153212933705,92,44,864
contacts_high,0.05,15.0,0.25,22.11542392949148,92,43,865
contacts_high,0.05,15.0,0.25,22.23667733559116,92,42,866
contacts_high,0.05,15.0,0.25,22.32357659134939,92,41,867
contacts_high,0.05,15.0,0.25,22.387640911003935,91,42,867
contacts_high,0.05,15.0,0.25,22.431388795327337,91,41,868
contacts_high,0.05,15.0,0.25,22.486776465801576,91,40,869
contacts_high,0.05,15.0,0.25,22.51438570152778,91,39,870
contacts_high,0.05,15.0,0.25,22.79547521268801,91,38,871
contacts_high,0.05,15.0,0.25,22.859119926525146,91,37,872
contacts_high,0.05,15.0,0.25,23.067684543109387,90,38,872
contacts_high,0.05,15.0,0.25,23.126815334715975,90,37,873
contacts_high,0.05,15.0,0.25,23.285485232748,90,36,874
contacts_high,0.05,15.0,0.25,23.4055509412164,90,35,875
contacts_high,0.05,15.0,0.25,23.41665717320329,89,36,875
contacts_high,0.05,15.0,0.25,23.425594273911187,88,37,875
contacts_high,0.05,15.0,0.25,23.438610073820602,88,36,876
contacts_high,0.05,15.0,0.25,23.549356185841372,88,35,877
contacts_high,0.05,15.0,0.25,23.63764650195713,88,34,878
contacts_high,0.05,15.0,0.25,23.75042467591978,87,35,878
contacts_high,0.05,15.0,0.25,23.863831577292476,87,34,879
contacts_high,0.05,15.0,0.25,24.065893583492375,87,33,880
contacts_high,0.05,15.0,0.25,24.219633893310757,87,32,881
contacts_high,0.05,15.0,0.25,24.250472805708114,86,33,881
contacts_high,0.05,15.0,0.25,24.254293440199405,85,34,881
contacts_high,0.05,15.0,0.25,24.452758041951338,85,33,882
contacts_high,0.05,15.0,0.25,24.531093585553204,84,34,882
contacts_high,0.05,15.0,0.25,24.69099431776781,84,33,883
contacts_high,0.05,15.0,0.25,24.722225389513735,84,32,884
contacts_high,0.05,15.0,0.25,24.873855841646332,84,31,885
contacts_high,0.05,15.0,0.25,24.93031720960774,84,30,886
contacts_high,0.05,15.0,0.25,25.059462043977216,84,29,887
contacts_high,0.05,15.0,0.25,25.088124595338858,84,28,888
contacts_high,0.05,15.0,0.25,25.33190549849889,84,27,889
contacts_high,0.05,15.0,0.25,25.343700384836936,84,26,890
contacts_high,0.05,15.0,0.25,25.429864880639407,84,25,891
contacts_high,0.05,15.0,0.25,25.46918600680938,84,24,892
contacts_high,0.05,15.0,0.25,25.62005418674375,84,23,893
contacts_high,0.05,15.0,0.25,25.71881925044659,84,22,894
contacts_high,0.05,15.0,0.25,25.73404450758386,84,21,895
contacts_high,0.05,15.0,0.25,25.736820181578516,84,20,896
contacts_high,0.05,15.0,0.25,25.7694480672395,84,19,897
contacts_high,0.05,15.0,0.25,26.301081765807446,83,20,897
contacts_high,0.05,15.0,0.25,26.47413330235341,83,19,898
contacts_high,0.05,15.0,0.25,26.580781739151142,83,18,899
contacts_high,0.05,15.0,0.25,26.766039685389845,83,17,900
contacts_high,0.05,15.0,0.25,26.869530106141017,82,18,900
contacts_high,0.05,15.0,0.25,27.0544883364955,82,17,901
contacts_high,0.05,15.0,0.25,27.871584453474284,82,16,902
contacts_high,0.05,15.0,0.25,28.03041176207547,82,15,903
contacts_high,0.05,15.0,0.25,28.08213079198845,82,14,904
contacts_high,0.05,15.0,0.25,28.109610146432445,82,13,905
contacts_high,0.05,15.0,0.25,28.141094473539034,82,12,906
contacts_high,0.05,15.0,0.25,28.541989332307562,81,13,906
contacts_high,0.05,15.0,0.25,28.59886314943233,81,12,907
contacts_high,0.05,15.0,0.25,28.64774679893133,81,11,908
contacts_high,0.05,15.0,0.25,30.016316206478074,81,10,909
contacts_high,0.05,15.0,0.25,30.565665875733192,80,11,909
contacts_high,0.05,15.0,0.25,30.861323035551347,80,10,910
contacts_high,0.05,15.0,0.25,31.615223785500415,80,9,911
contacts_high,0.05,15.0,0.25,31.812881093849523,79,10,911
contacts_high,0.05,15.0,0.25,32.07809074150918,79,9,912
contacts_high,0.05,15.0,0.25,33.35818786833863,78,10,912
contacts_high,0.05,15.0,0.25,33.39160736489079,77,11,912
contacts_high,0.05,15.0,0.25,33.4086797469926,77,10,913
contacts_high,0.05,15.0,0.25,33.658676706239554,77,9,914
contacts_high,0.05,15.0,0.25,33.70000999543761,76,10,914
contacts_high,0.05,15.0,0.25,34.08349532909258,76,9,915
contacts_high,0.05,15.0,0.25,34.219263378057946,76,8,916
contacts_high,0.05,15.0,0.25,34.29022338229405,76,7,917
contacts_high,0.05,15.0,0.25,34.31487284364634,75,8,917
contacts_high,0.05,15.0,0.25,34.56025700929075,75,7,918
contacts_high,0.05,15.0,0.25,35.09893479625863,75,6,919
contacts_high,0.05,15.0,0.25,35.1886407874767,75,5,920
contacts_high,0.05,15.0,0.25,35.948011912705276,75,4,921
contacts_high,0.05,15.0,0.25,36.22387402650056,75,3,922
contacts_high,0.05,15.0,0.25,37.4942577325138,75,2,923
contacts_high,0.05,15.0,0.25,39.036857700302754,75,1,924
recovery_slow,0.05,10.0,0.15,0.0,990,10,0
recovery_slow,0.05,10.0,0.15,0.11085100734229908,989,11,0
recovery_slow,0.05,10.0,0.15,0.24958500520953122,988,12,0
recovery_slow,0.05,10.0,0.15,0.3143924670464918,987,13,0
recovery_slow,0.05,10.0,0.15,0.528894877724139,986,14,0
recovery_slow,0.05,10.0,0.15,0.5327006852823907,985,15,0
recovery_slow,0.05,10.0,0.15,0.6191781743233674,984,16,0
recovery_slow,0.05,10.0,0.15,0.6573716169540564,983,17,0
recovery_slow,0.05,10.0,0.15,0.6978969414825403,983,16,1
recovery_slow,0.05,10.0,0.15,0.7617345852608605,983,15,2
recovery_slow,0.05,10.0,0.15,0.9990852555029843,982,16,2
recovery_slow,0.05,10.0,0.15,1.174736289592025,981,17,2
recovery_slow,0.05,10.0,0.15,1.277284801494847,980,18,2
recovery_slow,0.05,10.0,0.15,1.355907993577435,979,19,2
recovery_slow,0.05,10.0,0.15,1.3741795858833443,978,20,2
recovery_slow,0.05,10.0,0.15,1.3871472702730128,977,21,2
recovery_slow,0.05,10.0,0.15,1.429790151713878,976,22,2
recovery_slow,0.05,10.0,0.15,1.440975850511829,975,23,2
recovery_slow,0.05,10.0,0.15,1.4454862570052156,974,24,2
recovery_slow,0.05,10.0,0.15,1.4757004569288497,974,23,3
recovery_slow,0.05,10.0,0.15,1.5227433846554703,974,22,4
recovery_slow,0.05,10.0,0.15,1.5873313564014726,974,21,5
recovery_slow,0.05,10.0,0.15,1.5965313454781511,973,22,5
recovery_slow,0.05,10.0,0.15,1.6074849904724433,972,23,5
recovery_slow,0.05,10.0,0.15,1.6426362070495584,971,24,5
recovery_slow,0.05,10.0,0.15,1.6966089756349414,970,25,5
recovery_slow,0.05,10.0,0.15,1.7734174197639558,969,26,5
recovery_slow,0.05,10.0,0.15,1.862148084105,968,27,5
recovery_slow,0.05,10.0,0.15,2.0550967384471877,967,28,5
recovery_slow,0.05,10.0,0.15,2.0627515910878995,966,29,5
recovery_slow,0.05,10.0,0.15,2.0685126489547128,965,30,5
recovery_slow,0.05,10.0,0.15,2.1330179145391908,964,31,5
recovery_slow,0.05,10.0,0.15,2.1730955577481255,963,32,5
recovery_slow,0.05,10.0,0.15,2.177444225417744,963,31,6
recovery_slow,0.05,10.0,0.15,2.180463250240434,963,30,7
recovery_slow,0.05,10.0,0.15,2.2111175146044038,962,31,7
recovery_slow,0.05,10.0,0.15,2.2780443608436323,961,32,7
recovery_slow,0.05,10.0,0.15,2.4076295224723085,961,31,8
recovery_slow,0.05,10.0,0.15,2.4451470190994513,960,32,8
recovery_slow,0.05,10.0,0.15,2.50602509817453,959,33,8
recovery_slow,0.05,10.0,0.15,2.5464693598121206,958,34,8
recovery_slow,0.05,10.0,0.15,2.5530659422795634,957,35,8
recovery_slow,0.05,10.0,0.15,2.569474609535702,956,36,8
recovery_slow,0.05,10.0,0.15,2.5850399188879245,955,37,8
recovery_slow,0.05,10.0,0.15,2.681311714963224,954,38,8
recovery_slow,0.05,10.0,0.15,2.7061772820038272,953,39,8
recovery_slow,0.05,10.0,0.15,2.7124282878994115,952,40,8
recovery_slow,0.05,10.0,0.15,2.7514367226631444,951,41,8
recovery_slow,0.05,10.0,0.15,2.808452440536289,950,42,8
recovery_slow,0.05,10.0,0.15,2.8603638842600443,950,41,9
recovery_slow,0.05,10.0,0.15,2.894291725556608,949,42,9
recovery_slow,0.05,10.0,0.15,3.0037421743082646,949,41,10
recovery_slow,0.05,10.0,0.15,3.061039567503474,949,40,11
recovery_slow,0.05,10.0,0.15,3.0984855113308796,948,41,11
recovery_slow,0.05,10.0,0.15,3.1350621936773586,947,42,11
recovery_slow,0.05,10.0,0.15,3.2717037265059714,946,43,11
recovery_slow,0.05,10.0,0.15,3.29363336864534,946,42,12
recovery_slow,0.05,10.0,0.15,3.35917468861401,945,43,12
recovery_slow,0.05,10.0,0.15,3.3602666715051948,944,44,12
recovery_slow,0.05,10.0,0.15,3.371647176853801,943,45,12
recovery_slow,0.05,10.0,0.15,3.381637124915557,942,46,12
recovery_slow,0.05,10.0,0.15,3.3858672069335616,942,45,13
recovery_slow,0.05,10.0,0.15,3.388799119272917,941,46,13
recovery_slow,0.05,10.0,0.15,3.3996891491494985,940,47,13
recovery_slow,0.05,10.0,0.15,3.4089939919731,940,46,14
recovery_slow,0.05,10.0,0.15,3.417723408439554,939,47,14
recovery_slow,0.05,10.0,0.15,3.4716145120533533,939,46,15
recovery_slow,0.05,10.0,0.15,3.4787642023351495,939,45,16
recovery_slow,0.05,10.0,0.15,3.4856109754195774,938,46,16
recovery_slow,0.05,10.0,0.15,3.5708170566686235,938,45,17
recovery_slow,0.05,10.0,0.15,3.6523348995486073,937,46,17
recovery_slow,0.05,10.0,0.15,3.6779044857918324,937,45,18
recovery_slow,0.05,10.0,0.15,3.702820424503977,936,46,18
recovery_slow,0.05,10.0,0.15,3.704956635871124,935,47,18
recovery_slow,0.05,10.0,0.15,3.734184884440624,934,48,18
recovery_slow,0.05,10.0,0.15,3.752137640823503,934,47,19
recovery_slow,0.05,10.0,0.15,3.834312968492066,933,48,19
recovery_slow,0.05,10.0,0.15,3.859347373257846,932,49,19
recovery_slow,0.05,10.0,0.15,3.8779699848313385,931,50,19
recovery_slow,0.05,10.0,0.15,3.90900949576878,930,51,19
recovery_slow,0.05,10.0,0.15,3.920623257710517,929,52,19
recovery_slow,0.05,10.0,0.15,3.9351249899347387,928,53,19
recovery_slow,0.05,10.0,0.15,3.937036027337288,927,54,19
recovery_slow,0.05,10.0,0.15,3.9619363188236583,926,55,19
recovery_slow,0.05,10.0,0.15,3.977495183895061,925,56,19
recovery_slow,0.05,10.0,0.15,3.9853725932005295,925,55,20
recovery_slow,0.05,10.0,0.15,4.002300401989705,924,56,20
recovery_slow,0.05,10.0,0.15,4.006549919691784,924,55,21
recovery_slow,0.05,10.0,0.15,4.017984026082017,923,56,21
recovery_slow,0.05,10.0,0.15,4.102191816337352,922,57,21
recovery_slow,0.05,10.0,0.15,4.12093613680486,921,58,21
recovery_slow,0.05,10.0,0.15,4.134186066408003,921,57,22
recovery_slow,0.05,10.0,0.15,4.143274841568839,920,58,22
recovery_slow,0.05,10.0,0.15,4.159993767271037,919,59,22
recovery_slow,0.05,10.0,0.15,4.232107917249579,918,60,22
recovery_slow,0.05,10.0,0.15,4.234183429848851,918,59,23
recovery_slow,0.05,10.0,0.15,4.248352195952904,918,58,24
recovery_slow,0.05,10.0,0.15,4.25140993000701,917,59,24
recovery_slow,0.05,10.0,0.15,4.277583382267535,917,58,25
recovery_slow,0.05,10.0,0.15,4.278356757335164,916,59,25
recovery_slow,0.05,10.0,0.15,4.279676024327533,915,60,25
recovery_slow,0.05,10.0,0.15,4.3352945971774295,915,59,26
recovery_slow,0.05,10.0,0.15,4.362608759839095,914,60,26
recovery_slow,0.05,10.0,0.15,4.38182398708822,913,61,26
recovery_slow,0.05,10.0,0.15,4.385561934374267,912,62,26
recovery_slow,0.05,10.0,0.15,4.394284948775097,911,63,26
recovery_slow,0.05,10.0,0.15,4.394649607252043,910,64,26
recovery_slow,0.05,10.0,0.15,4.413220855835613,909,65,26
recovery_slow,0.05,10.0,0.15,4.472113978555293,908,66,26
recovery_slow,0.05,10.0,0.15,4.476933815393414,908,65,27
recovery_slow,0.05,10.0,0.15,4.498280831552346,907,66,27
recovery_slow,0.05,10.0,0.15,4.505053204492914,906,67,27
recovery_slow,0.05,10.0,0.15,4.5128151058512715,905,68,27
recovery_slow,0.05,10.0,0.15,4.538211292048288,904,69,27
recovery_slow,0.05,10.0,0.15,4.542195496401289,903,70,27
recovery_slow,0.05,10.0,0.15,4.554857706465773,903,69,28
recovery_slow,0.05,10.0,0.15,4.620188645122144,903,68,29
recovery_slow,0.05,10.0,0.15,4.6452353509666,902,69,29
recovery_slow,0.05,10.0,0.15,4.654446103425788,901,70,29
recovery_slow,0.05,10.0,0.15,4.681877678260784,900,71,29
recovery_slow,0.05,10.0,0.15,4.731718897754265,899,72,29
recovery_slow,0.05,10.0,0.15,4.7342195788040335,898,73,29
recovery_slow,0.05,10.0,0.15,4.744746355122714,897,74,29
recovery_slow,0.05,10.0,0.15,4.757194765531632,896,75,29
recovery_slow,0.05,10.0,0.15,4.771453954827043,895,76,29
recovery_slow,0.05,10.0,0.15,4.774673466193258,895,75,30
recovery_slow,0.05,10.0,0.15,4.777372981495667,894,76,30
recovery_slow,0.05,10.0,0.15,4.7953294659301875,893,77,30
recovery_slow,0.05,10.0,0.15,4.796018827259392,892,78,30
recovery_slow,0.05,10.0,0.15,4.81092089623985,892,77,31
recovery_slow,0.05,10.0,0.15,4.824524579274007,892,76,32
recovery_slow,0.05,10.0,0.15,4.856950271191649,891,77,32
recovery_slow,0.05,10.0,0.15,4.931207364824993,890,78,32
recovery_slow,0.05,10.0,0.15,4.973066290349441,889,79,32
recovery_slow,0.05,10.0,0.15,5.003155639491575,888,80,32
recovery_slow,0.05,10.0,0.15,5.004560464192438,887,81,32
recovery_slow,0.05,10.0,0.15,5.008112332038072,886,82,32
recovery_slow,0.05,10.0,0.15,5.0669104091337465,885,83,32
recovery_slow,0.05,10.0,0.15,5.070834667605366,884,84,32
recovery_slow,0.05,10.0,0.15,5.085477976218359,884,83,33
recovery_slow,0.05,10.0,0.15,5.0872579153919135,883,84,33
recovery_slow,0.05,10.0,0.15,5.087673908939621,882,85,33
recovery_slow,0.05,10.0,0.15,5.099257582086816,881,86,33
recovery_slow,0.05,10.0,0.15,5.12830572448042,881,85,34
recovery_slow,0.05,10.0,0.15,5.142207821510589,880,86,34
recovery_slow,0.05,10.0,0.15,5.1859502120993755,879,87,34
recovery_slow,0.05,10.0,0.15,5.1872285276688626,878,88,34
recovery_slow,0.05,10.0,0.15,5.232647747369124,877,89,34
recovery_slow,0.05,10.0,0.15,5.263436283110847,876,90,34
recovery_slow,0.05,10.0,0.15,5.279515092798539,875,91,34
recovery_slow,0.05,10.0,0.15,5.281847107782873,875,90,35
recovery_slow,0.05,10.0,0.15,5.282007261121812,874,91,35
recovery_slow,0.05,10.0,0.15,5.283678609013679,873,92,35
recovery_slow,0.05,10.0,0.15,5.314030288737499,872,93,35
recovery_slow,0.05,10.0,0.15,5.315248079534829,871,94,35
recovery_slow,0.05,10.0,0.15,5.325916918708507,870,95,35
recovery_slow,0.05,10.0,0.15,5.33494390222827,869,96,35
recovery_slow,0.05,10.0,0.15,5.342104049999492,868,97,35
recovery_slow,0.05,10.0,0.15,5.3542132606676525,867,98,35
recovery_slow,0.05,10.0,0.15,5.367533026827861,866,99,35
recovery_slow,0.05,10.0,0.15,5.379101794472007,865,100,35
recovery_slow,0.05,10.0,0.15,5.382650196886545,864,101,35
recovery_slow,0.05,10.0,0.15,5.398692821863229,863,102,35
recovery_slow,0.05,10.0,0.15,5.424628264846686,862,103,35
recovery_slow,0.05,10.0,0.15,5.432065952902323,862,102,36
recovery_slow,0.05,10.0,0.15,5.4490921334290565,861,103,36
recovery_slow,0.05,10.0,0.15,5.449136988056793,860,104,36
recovery_slow,0.05,10.0,0.15,5.452344643579249,859,105,36
recovery_slow,0.05,10.0,0.15,5.468602913930072,859,104,37
recovery_slow,0.05,10.0,0.15,5.480289086452459,858,105,37
recovery_slow,0.05,10.0,0.15,5.499480921868864,857,106,37
recovery_slow,0.05,10.0,0.15,5.509157436031002,856,107,37
recovery_slow,0.05,10.0,0.15,5.510332686514999,855,108,37
recovery_slow,0.05,10.0,0.15,5.511194807210835,855,107,38
recovery_slow,0.05,10.0,0.15,5.522222869392682,854,108,38
recovery_slow,0.05,10.0,0.15,5.526052204913781,853,109,38
recovery_slow,0.05,10.0,0.15,5.528066161226638,852,110,38
recovery_slow,0.05,10.0,0.15,5.561908461869909,851,111,38
recovery_slow,0.05,10.0,0.15,5.567842350482967,850,112,38
recovery_slow,0.05,10.0,0.15,5.57967085861463,849,113,38
recovery_slow,0.05,10.0,0.15,5.6150589568796665,849,112,39
recovery_slow,0.05,10.0,0.15,5.669800643321092,848,113,39
recovery_slow,0.05,10.0,0.15,5.6784168189090485,847,114,39
recovery_slow,0.05,10.0,0.15,5.69020167312044,846,115,39
recovery_slow,0.05,10.0,0.15,5.693908343693977,845,116,39
recovery_slow,0.05,10.0,0.15,5.697468269558259,844,117,39
recovery_slow,0.05,10.0,0.15,5.719592129462047,843,118,39
recovery_slow,0.05,10.0,0.15,5.721179355694571,842,119,39
recovery_slow,0.05,10.0,0.15,5.730849196178511,841,120,39
recovery_slow,0.05,10.0,0.15,5.7576490946816685,840,121,39
recovery_slow,0.05,10.0,0.15,5.778429068019756,839,122,39
recovery_slow,0.05,10.0,0.15,5.815643572115166,838,123,39
recovery_slow,0.05,10.0,0.15,5.819445415783006,837,124,39
recovery_slow,0.05,10.0,0.15,5.8577267175249705,837,123,40
recovery_slow,0.05,10.0,0.15,5.862407427816912,836,124,40
recovery_slow,0.05,10.0,0.15,5.862456151049136,835,125,40
recovery_slow,0.05,10.0,0.15,5.866288469784513,834,126,40
recovery_slow,0.05,10.0,0.15,5.896955479546323,833,127,40
recovery_slow,0.05,10.0,0.15,5.908780177413009,833,126,41
recovery_slow,0.05,10.0,0.15,5.9261711107311115,833,125,42
recovery_slow,0.05,10.0,0.15,5.975631258236664,833,124,43
recovery_slow,0.05,10.0,0.15,5.989332144680514,833,123,44
recovery_slow,0.05,10.0,0.15,6.005373341534415,833,122,45
recovery_slow,0.05,10.0,0.15,6.012572387401559,832,123,45
recovery_slow,0.05,10.0,0.15,6.019423310508392,831,124,45
recovery_slow,0.05,10.0,0.15,6.032667288481347,831,123,46
recovery_slow,0.05,10.0,0.15,6.0348737400198385,830,124,46
recovery_slow,0.05,10.0,0.15,6.0416798849084845,829,125,46
recovery_slow,0.05,10.0,0.15,6.06111329636299,828,126,46
recovery_slow,0.05,10.0,0.15,6.070204670729796,828,125,47
recovery_slow,0.05,10.0,0.15,6.072040134600997,828,124,48
recovery_slow,0.05,10.0,0.15,6.095632886704755,827,125,48
recovery_slow,0.05,10.0,0.15,6.099165169230739,826,126,48
recovery_slow,0.05,10.0,0.15,6.10030567776842,825,127,48
recovery_slow,0.05,10.0,0.15,6.124933480119228,824,128,48
recovery_slow,0.05,10.0,0.15,6.173174716713492,824,127,49
recovery_slow,0.05,10.0,0.15,6.179560400879621,823,128,49
recovery_slow,0.05,10.0,0.15,6.202421558488309,823,127,50
recovery_slow,0.05,10.0,0.15,6.208287391845662,823,126,51
recovery_slow,0.05,10.0,0.15,6.230176772373644,822,127,51
recovery_slow,0.05,10.0,0.15,6.2369635392795475,821,128,51
recovery_slow,0.05,10.0,0.15,6.245272799460834,821,127,52
recovery_slow,0.05,10.0,0.15,6.260143612619996,821,126,53
recovery_slow,0.05,10.0,0.15,6.27717602414059,820,127,53
recovery_slow,0.05,10.0,0.15,6.294436478283365,819,128,53
recovery_slow,0.05,10.0,0.15,6.333999114409685,818,129,53
recovery_slow,0.05,10.0,0.15,6.3395799598747855,818,128,54
recovery_slow,0.05,10.0,0.15,6.346657733668102,817,129,54
recovery_slow,0.05,10.0,0.15,6.351312291049464,816,130,54
recovery_slow,0.05,10.0,0.15,6.368361220967077,815,131,54
recovery_slow,0.05,10.0,0.15,6.371472969517484,814,132,54
recovery_slow,0.05,10.0,0.15,6.3845994649861515,813,133,54
recovery_slow,0.05,10.0,0.15,6.387627080800026,813,132,55
recovery_slow,0.05,10.0,0.15,6.414666347962682,813,131,56
recovery_slow,0.05,10.0,0.15,6.420693288212864,813,130,57
recovery_slow,0.05,10.0,0.15,6.426160551620511,812,131,57
recovery_slow,0.05,10.0,0.15,6.4427062867641425,811,132,57
recovery_slow,0.05,10.0,0.15,6.446140272508299,810,133,57
recovery_slow,0.05,10.0,0.15,6.450742571018701,809,134,57
recovery_slow,0.05,10.0,0.15,6.463403106156397,808,135,57
recovery_slow,0.05,10.0,0.15,6.491780909732421,807,136,57
recovery_slow,0.05,10.0,0.15,6.52958230316038,807,135,58
recovery_slow,0.05,10.0,0.15,6.534560280563406,806,136,58
recovery_slow,0.05,10.0,0.15,6.5697425737700845,805,137,58
recovery_slow,0.05,10.0,0.15,6.572266384140115,804,138,58
recovery_slow,0.05,10.0,0.15,6.5798016983976995,803,139,58
recovery_slow,0.05,10.0,0.15,6.589143658411473,803,138,59
recovery_slow,0.05,10.0,0.15,6.598948768728062,802,139,59
recovery_slow,0.05,10.0,0.15,6.61421805659855,802,138,60
recovery_slow,0.05,10.0,0.15,6.630787315463204,802,137,61
recovery_slow,0.05,10.0,0.15,6.6322602234205075,802,136,62
recovery_slow,0.05,10.0,0.15,6.636465003808224,802,135,63
recovery_slow,0.05,10.0,0.15,6.638704173801567,802,134,64
recovery_slow,0.05,10.0,0.15,6.669273567124055,801,135,64
recovery_slow,0.05,10.0,0.15,6.679930885402892,801,134,65
recovery_slow,0.05,10.0,0.15,6.716771015738555,800,135,65
recovery_slow,0.05,10.0,0.15,6.7197005482342975,799,136,65
recovery_slow,0.05,10.0,0.15,6.749858845301161,798,137,65
recovery_slow,0.05,10.0,0.15,6.750360449285909,797,138,65
recovery_slow,0.05,10.0,0.15,6.751735277600563,797,137,66
recovery_slow,0.05,10.0,0.15,6.7736923695546345,796,138,66
recovery_slow,0.05,10.0,0.15,6.785093869698496,795,139,66
recovery_slow,0.05,10.0,0.15,6.79989278053047,794,140,66
recovery_slow,0.05,10.0,0.15,6.80166104468274,793,141,66
recovery_slow,0.05,10.0,0.15,6.813106705506438,792,142,66
recovery_slow,0.05,10.0,0.15,6.84184337366761,791,143,66
recovery_slow,0.05,10.0,0.15,6.855311112057063,790,144,66
recovery_slow,0.05,10.0,0.15,6.8661260934245165,789,145,66
recovery_slow,0.05,10.0,0.15,6.8779003247866255,789,144,67
recovery_slow,0.05,10.0,0.15,6.884119100353054,788,145,67
recovery_slow,0.05,10.0,0.15,6.904213245522939,788,144,68
recovery_slow,0.05,10.0,0.15,6.906972050069432,788,143,69
recovery_slow,0.05,10.0,0.15,6.912106496882499,787,144,69
recovery_slow,0.05,10.0,0.15,6.915459236725011,786,145,69
recovery_slow,0.05,10.0,0.15,6.937134616489227,785,146,69
recovery_slow,0.05,10.0,0.15,6.952458458962843,785,145,70
recovery_slow,0.05,10.0,0.15,6.963889089559194,784,146,70
recovery_slow,0.05,10.0,0.15,6.971180539616841,783,147,70
recovery_slow,0.05,10.0,0.15,6.984808544223895,782,148,70
recovery_slow,0.05,10.0,0.15,6.995283886168972,781,149,70
recovery_slow,0.05,10.0,0.15,6.99788082232249,781,148,71
recovery_slow,0.05,10.0,0.15,7.009722040908976,781,147,72
recovery_slow,0.05,10.0,0.15,7.01176923461825,780,148,72
recovery_slow,0.05,10.0,0.15,7.0287557459213845,779,149,72
recovery_slow,0.05,10.0,0.15,7.049299540933357,778,150,72
recovery_slow,0.05,10.0,0.15,7.05375497643955,777,151,72
recovery_slow,0.05,10.0,0.15,7.0666453056795495,776,152,72
recovery_slow,0.05,10.0,0.15,7.077145921574467,775,153,72
recovery_slow,0.05,10.0,0.15,7.096972066006394,775,152,73
recovery_slow,0.05,10.0,0.15,7.104611376722159,774,153,73
recovery_slow,0.05,10.0,0.15,7.108963948302017,773,154,73
recovery_slow,0.05,10.0,0.15,7.123324517053687,772,155,73
recovery_slow,0.05,10.0,0.15,7.128895991660294,771,156,73
recovery_slow,0.05,10.0,0.15,7.144017285991363,770,157,73
recovery_slow,0.05,10.0,0.15,7.158795527173421,769,158,73
recovery_slow,0.05,10.0,0.15,7.166770314763371,769,157,74
recovery_slow,0.05,10.0,0.15,7.183431300594981,768,158,74
recovery_slow,0.05,10.0,0.15,7.188680258165867,767,159,74
recovery_slow,0.05,10.0,0.15,7.203043991884246,766,160,74
recovery_slow,0.05,10.0,0.15,7.216030628830924,765,161,74
recovery_slow,0.05,10.0,0.15,7.234344714731422,764,162,74
recovery_slow,0.05,10.0,0.15,7.23915335971591,763,163,74
recovery_slow,0.05,10.0,0.15,7.255670968733861,762,164,74
recovery_slow,0.05,10.0,0.15,7.256998798713918,762,163,75
recovery_slow,0.05,10.0,0.15,7.26264250361034,761,164,75
recovery_slow,0.05,10.0,0.15,7.270974756274418,760,165,75
recovery_slow,0.05,10.0,0.15,7.281331063756784,760,164,76
recovery_slow,0.05,10.0,0.15,7.284436429466854,759,165,76
recovery_slow,0.05,10.0,0.15,7.296673612937445,758,166,76
recovery_slow,0.05,10.0,0.15,7.328787966266976,757,167,76
recovery_slow,0.05,10.0,0.15,7.328949866488646,756,168,76
recovery_slow,0.05,10.0,0.15,7.3296435677675,756,167,77
recovery_slow,0.05,10.0,0.15,7.339092268320246,755,168,77
recovery_slow,0.05,10.0,0.15,7.36470176872567,754,169,77
recovery_slow,0.05,10.0,0.15,7.371292434440691,753,170,77
recovery_slow,0.05,10.0,0.15,7.387783341030433,752,171,77
recovery_slow,0.05,10.0,0.15,7.431587380041236,751,172,77
recovery_slow,0.05,10.0,0.15,7.462751901547445,750,173,77
recovery_slow,0.05,10.0,0.15,7.467396515811809,750,172,78
recovery_slow,0.05,10.0,0.15,7.4941904193715825,749,173,78
recovery_slow,0.05,10.0,0.15,7.501819579074764,748,174,78
recovery_slow,0.05,10.0,0.15,7.520490984679106,747,175,78
recovery_slow,0.05,10.0,0.15,7.5250317927595125,746,176,78
recovery_slow,0.05,10.0,0.15,7.527299267654174,746,175,79
recovery_slow,0.05,10.0,0.15,7.534716824412427,746,174,80
recovery_slow,0.05,10.0,0.15,7.539165544245344,745,175,80
recovery_slow,0.05,10.0,0.15,7.548916783958858,744,176,80
recovery_slow,0.05,10.0,0.15,7.560479521389602,743,177,80
recovery_slow,0.05,10.0,0.15,7.594558301697661,742,178,80
recovery_slow,0.05,10.0,0.15,7.604836979077975,741,179,80
recovery_slow,0.05,10.0,0.15,7.6113580687416995,740,180,80
recovery_slow,0.05,10.0,0.15,7.628206931714877,739,181,80
recovery_slow,0.05,10.0,0.15,7.630304998964544,738,182,80
recovery_slow,0.05,10.0,0.15,7.630321953637422,738,181,81
recovery_slow,0.05,10.0,0.15,7.6349399448578525,738,180,82
recovery_slow,0.05,10.0,0.15,7.6372711741650186,737,181,82
recovery_slow,0.05,10.0,0.15,7.67524649575774,736,182,82
recovery_slow,0.05,10.0,0.15,7.68026796536474,735,183,82
recovery_slow,0.05,10.0,0.15,7.68248082166946,735,182,83
recovery_slow,0.05,10.0,0.15,7.690028659347841,734,183,83
recovery_slow,0.05,10.0,0.15,7.698228701496502,733,184,83
recovery_slow,0.05,10.0,0.15,7.706246120496493,732,185,83
recovery_slow,0.05,10.0,0.15,7.713780280350297,731,186,83
recovery_slow,0.05,10.0,0.15,7.723787541706727,730,187,83
recovery_slow,0.05,10.0,0.15,7.724053882534225,730,186,84
recovery_slow,0.05,10.0,0.15,7.734905311667769,729,187,84
recovery_slow,0.05,10.0,0.15,7.736328966444641,728,188,84
recovery_slow,0.05,10.0,0.15,7.737172757964379,727,189,84
recovery_slow,0.05,10.0,0.15,7.745519121202025,726,190,84
recovery_slow,0.05,10.0,0.15,7.7471731492169145,725,191,84
recovery_slow,0.05,10.0,0.15,7.7564315611184655,724,192,84
recovery_slow,0.05,10.0,0.15,7.787190677861525,723,193,84
recovery_slow,0.05,10.0,0.15,7.800219991333003,722,194,84
recovery_slow,0.05,10.0,0.15,7.821179061546106,722,193,85
recovery_slow,0.05,10.0,0.15,7.853410214143519,721,194,85
recovery_slow,0.05,10.0,0.15,7.880851510771383,720,195,85
recovery_slow,0.05,10.0,0.15,7.913802262737952,719,196,85
recovery_slow,0.05,10.0,0.15,7.930696113134319,719,195,86
recovery_slow,0.05,10.0,0.15,7.935971811430587,718,196,86
recovery_slow,0.05,10.0,0.15,7.937574087456598,717,197,86
recovery_slow,0.05,10.0,0.15,7.95349517183833,716,198,86
recovery_slow,0.05,10.0,0.15,7.959482189775096,715,199,86
recovery_slow,0.05,10.0,0.15,7.962186410096127,714,200,86
recovery_slow,0.05,10.0,0.15,7.976747422392028,713,201,86
recovery_slow,0.05,10.0,0.15,8.001128400816437,713,200,87
recovery_slow,0.05,10.0,0.15,8.031978974292883,712,201,87
recovery_slow,0.05,10.0,0.15,8.035180203197774,712,200,88
recovery_slow,0.05,10.0,0.15,8.05529146437718,711,201,88
recovery_slow,0.05,10.0,0.15,8.078758729436286,710,202,88
recovery_slow,0.05,10.0,0.15,8.082513386059777,709,203,88
recovery_slow,0.05,10.0,0.15,8.102050847371215,708,204,88
recovery_slow,0.05,10.0,0.15,8.140111101889437,707,205,88
recovery_slow,0.05,10.0,0.15,8.149901362171908,706,206,88
recovery_slow,0.05,10.0,0.15,8.154256213918783,705,207,88
recovery_slow,0.05,10.0,0.15,8.160138006816325,705,206,89
recovery_slow,0.05,10.0,0.15,8.182782813499967,704,207,89
recovery_slow,0.05,10.0,0.15,8.201348683986803,703,208,89
recovery_slow,0.05,10.0,0.15,8.21755009878127,702,209,89
recovery_slow,0.05,10.0,0.15,8.234738172780586,701,210,89
recovery_slow,0.05,10.0,0.15,8.26085493797189,700,211,89
recovery_slow,0.05,10.0,0.15,8.262123154883291,699,212,89
recovery_slow,0.05,10.0,0.15,8.26788871854531,698,213,89
recovery_slow,0.05,10.0,0.15,8.268442940079984,698,212,90
recovery_slow,0.05,10.0,0.15,8.27107038829858,697,213,90
recovery_slow,0.05,10.0,0.15,8.272439471233588,697,212,91
recovery_slow,0.05,10.0,0.15,8.296714984599422,697,211,92
recovery_slow,0.05,10.0,0.15,8.309864613916208,696,212,92
recovery_slow,0.05,10.0,0.15,8.320569832685928,695,213,92
recovery_slow,0.05,10.0,0.15,8.325567719621448,694,214,92
recovery_slow,0.05,10.0,0.15,8.326916313856572,694,213,93
recovery_slow,0.05,10.0,0.15,8.336596678335276,693,214,93
recovery_slow,0.05,10.0,0.15,8.34397287859402,692,215,93
recovery_slow,0.05,10.0,0.15,8.350083985759204,691,216,93
recovery_slow,0.05,10.0,0.15,8.371328072195656,690,217,93
recovery_slow,0.05,10.0,0.15,8.391780904652878,690,216,94
recovery_slow,0.05,10.0,0.15,8.415588458822045,689,217,94
recovery_slow,0.05,10.0,0.15,8.41967371522993,689,216,95
recovery_slow,0.05,10.0,0.15,8.425963891092717,689,215,96
recovery_slow,0.05,10.0,0.15,8.438939864531896,689,214,97
recovery_slow,0.05,10.0,0.15,8.497137092069199,689,213,98
recovery_slow,0.05,10.0,0.15,8.49868721745245,688,214,98
recovery_slow,0.05,10.0,0.15,8.500758278856212,687,215,98
recovery_slow,0.05,10.0,0.15,8.502116804996488,686,216,98
recovery_slow,0.05,10.0,0.15,8.516212330069763,685,217,98
recovery_slow,0.05,10.0,0.15,8.516464243886091,685,216,99
recovery_slow,0.05,10.0,0.15,8.519486936464107,684,217,99
recovery_slow,0.05,10.0,0.15,8.557376518205565,683,218,99
recovery_slow,0.05,10.0,0.15,8.597355112779262,682,219,99
recovery_slow,0.05,10.0,0.15,8.603355618090761,682,218,100
recovery_slow,0.05,10.0,0.15,8.612002653554619,681,219,100
recovery_slow,0.05,10.0,0.15,8.62112562235952,680,220,100
recovery_slow,0.05,10.0,0.15,8.633763715041209,679,221,100
recovery_slow,0.05,10.0,0.15,8.643085772699939,679,220,101
recovery_slow,0.05,10.0,0.15,8.677473530933181,678,221,101
recovery_slow,0.05,10.0,0.15,8.67769438222462,677,222,101
recovery_slow,0.05,10.0,0.15,8.739474529364422,677,221,102
recovery_slow,0.05,10.0,0.15,8.740248527846774,676,222,102
recovery_slow,0.05,10.0,0.15,8.74636287254963,675,223,102
recovery_slow,0.05,10.0,0.15,8.759575106754559,675,222,103
recovery_slow,0.05,10.0,0.15,8.762483328776376,675,221,104
recovery_slow,0.05,10.0,0.15,8.764875086898064,674,222,104
recovery_slow,0.05,10.0,0.15,8.765800458324945,674,221,105
recovery_slow,0.05,10.0,0.15,8.792338287149748,673,222,105
recovery_slow,0.05,10.0,0.15,8.796818171354985,672,223,105
recovery_slow,0.05,10.0,0.15,8.803073297607996,671,224,105
recovery_slow,0.05,10.0,0.15,8.812375800048367,670,225,105
recovery_slow,0.05,10.0,0.15,8.824285931495359,669,226,105
recovery_slow,0.05,10.0,0.15,8.836820375629054,669,225,106
recovery_slow,0.05,10.0,0.15,8.838567845827816,668,226,106
recovery_slow,0.05,10.0,0.15,8.838959614357972,668,225,107
recovery_slow,0.05,10.0,0.15,8.840958979594202,667,226,107
recovery_slow,0.05,10.0,0.15,8.852637807472568,666,227,107
recovery_slow,0.05,10.0,0.15,8.861553528255527,665,228,107
recovery_slow,0.05,10.0,0.15,8.863937185888846,664,229,107
recovery_slow,0.05,10.0,0.15,8.875970959533808,664,228,108
recovery_slow,0.05,10.0,0.15,8.878960778457056,663,229,108
recovery_slow,0.05,10.0,0.15,8.87954117161972,663,228,109
recovery_slow,0.05,10.0,0.15,8.888365526788299,662,229,109
recovery_slow,0.05,10.0,0.15,8.920344594418205,661,230,109
recovery_slow,0.05,10.0,0.15,8.92658170327958,660,231,109
recovery_slow,0.05,10.0,0.15,8.9299407928932,659,232,109
recovery_slow,0.05,10.0,0.15,8.93043437302197,658,233,109
recovery_slow,0.05,10.0,0.15,8.939693118148856,658,232,110
recovery_slow,0.05,10.0,0.15,8.947151093909556,657,233,110
recovery_slow,0.05,10.0,0.15,8.94844168344262,657,232,111
recovery_slow,0.05,10.0,0.15,8.951413622653508,657,231,112
recovery_slow,0.05,10.0,0.15,8.972565007930703,656,232,112
recovery_slow,0.05,10.0,0.15,8.973212809837374,655,233,112
recovery_slow,0.05,10.0,0.15,8.978476304439804,654,234,112
recovery_slow,0.05,10.0,0.15,8.983079203985024,653,235,112
recovery_slow,0.05,10.0,0.15,8.994256891522385,652,236,112
recovery_slow,0.05,10.0,0.15,8.994817593985866,651,237,112
recovery_slow,0.05,10.0,0.15,8.996675669203526,651,236,113
recovery_slow,0.05,10.0,0.15,9.000793539713932,651,235,114
recovery_slow,0.05,10.0,0.15,9.011834837905926,650,236,114
recovery_slow,0.05,10.0,0.15,9.014425105186856,650,235,115
recovery_slow,0.05,10.0,0.15,9.023785929878047,649,236,115
recovery_slow,0.05,10.0,0.15,9.025205989699092,648,237,115
recovery_slow,0.05,10.0,0.15,9.028563985780831,647,238,115
recovery_slow,0.05,10.0,0.15,9.032257745641097,646,239,115
recovery_slow,0.05,10.0,0.15,9.035256022547664,645,240,115
recovery_slow,0.05,10.0,0.15,9.037605595037805,644,241,115
recovery_slow,0.05,10.0,0.15,9.04801039670423,643,242,115
recovery_slow,0.05,10.0,0.15,9.049369797521361,642,243,115
recovery_slow,0.05,10.0,0.15,9.066516232969507,642,242,116
recovery_slow,0.05,10.0,0.15,9.067090353940495,641,243,116
recovery_slow,0.05,10.0,0.15,9.087040681299687,640,244,116
recovery_slow,0.05,10.0,0.15,9.093852193250406,639,245,116
recovery_slow,0.05,10.0,0.15,9.098760227619525,638,246,116
recovery_slow,0.05,10.0,0.15,9.099823948224943,637,247,116
recovery_slow,0.05,10.0,0.15,9.10701558923433,637,246,117
recovery_slow,0.05,10.0,0.15,9.107512586868758,637,245,118
recovery_slow,0.05,10.0,0.15,9.11629349607636,636,246,118
recovery_slow,0.05,10.0,0.15,9.123737995040862,635,247,118
recovery_slow,0.05,10.0,0.15,9.129199625894321,635,246,119
recovery_slow,0.05,10.0,0.15,9.137938418997747,634,247,119
recovery_slow,0.05,10.0,0.15,9.147332565723135,633,248,119
recovery_slow,0.05,10.0,0.15,9.153346606211347,632,249,119
recovery_slow,0.05,10.0,0.15,9.158550887557945,631,250,119
recovery_slow,0.05,10.0,0.15,9.1792428837998,630,251,119
recovery_slow,0.05,10.0,0.15,9.179517025135139,629,252,119
recovery_slow,0.05,10.0,0.15,9.180697349219074,628,253,119
recovery_slow,0.05,10.0,0.15,9.181747951694955,627,254,119
recovery_slow,0.05,10.0,0.15,9.185495238766865,627,253,120
recovery_slow,0.05,10.0,0.15,9.193574656429632,627,252,121
recovery_slow,0.05,10.0,0.15,9.206761492194225,626,253,121
recovery_slow,0.05,10.0,0.15,9.241772697304242,625,254,121
recovery_slow,0.05,10.0,0.15,9.246218300963744,624,255,121
recovery_slow,0.05,10.0,0.15,9.268779033242813,624,254,122
recovery_slow,0.05,10.0,0.15,9.283322402570574,623,255,122
recovery_slow,0.05,10.0,0.15,9.286778447770141,623,254,123
recovery_slow,0.05,10.0,0.15,9.293093016221091,622,255,123
recovery_slow,0.05,10.0,0.15,9.29956637954488,622,254,124
recovery_slow,0.05,10.0,0.15,9.305763707018542,621,255,124
recovery_slow,0.05,10.0,0.15,9.31812676863508,620,256,124
recovery_slow,0.05,10.0,0.15,9.32044448132822,619,257,124
recovery_slow,0.05,10.0,0.15,9.331654218687518,618,258,124
recovery_slow,0.05,10.0,0.15,9.349004685785388,617,259,124
recovery_slow,0.05,10.0,0.15,9.349804285693855,617,258,125
recovery_slow,0.05,10.0,0.15,9.367493561865071,617,257,126
recovery_slow,0.05,10.0,0.15,9.380652128581849,616,258,126
recovery_slow,0.05,10.0,0.15,9.381547720286372,616,257,127
recovery_slow,0.05,10.0,0.15,9.384564688450306,616,256,128
recovery_slow,0.05,10.0,0.15,9.401919698405777,615,257,128
recovery_slow,0.05,10.0,0.15,9.426732073041677,614,258,128
recovery_slow,0.05,10.0,0.15,9.428038532687978,613,259,128
recovery_slow,0.05,10.0,0.15,9.435006109416326,612,260,128
recovery_slow,0.05,10.0,0.15,9.452365481222596,611,261,128
recovery_slow,0.05,10.0,0.15,9.453556775606193,610,262,128
recovery_slow,0.05,10.0,0.15,9.454809179105343,609,263,128
recovery_slow,0.05,10.0,0.15,9.468516470975823,608,264,128
recovery_slow,0.05,10.0,0.15,9.483599830904732,607,265,128
recovery_slow,0.05,10.0,0.15,9.48659892601093,607,264,129
recovery_slow,0.05,10.0,0.15,9.486964152833933,606,265,129
recovery_slow,0.05,10.0,0.15,9.490614997144405,605,266,129
recovery_slow,0.05,10.0,0.15,9.50530738768895,604,267,129
recovery_slow,0.05,10.0,0.15,9.506759025635354,604,266,130
recovery_slow,0.05,10.0,0.15,9.511559172967017,603,267,130
recovery_slow,0.05,10.0,0.15,9.52502845808689,602,268,130
recovery_slow,0.05,10.0,0.15,9.525735236757127,602,267,131
recovery_slow,0.05,10.0,0.15,9.528053357506142,601,268,131
recovery_slow,0.05,10.0,0.15,9.530747325900906,600,269,131
recovery_slow,0.05,10.0,0.15,9.544309768787576,599,270,131
recovery_slow,0.05,10.0,0.15,9.544381579396871,598,271,131
recovery_slow,0.05,10.0,0.15,9.550416376615239,597,272,131
recovery_slow,0.05,10.0,0.15,9.554502700361551,596,273,131
recovery_slow,0.05,10.0,0.15,9.558777316637526,595,274,131
recovery_slow,0.05,10.0,0.15,9.588824529118963,594,275,131
recovery_slow,0.05,10.0,0.15,9.60701329873142,594,274,132
recovery_slow,0.05,10.0,0.15,9.61428652065201,593,275,132
recovery_slow,0.05,10.0,0.15,9.617255301334469,592,276,132
recovery_slow,0.05,10.0,0.15,9.619427758309623,591,277,132
recovery_slow,0.05,10.0,0.15,9.62676477895489,590,278,132
recovery_slow,0.05,10.0,0.15,9.628056602547504,589,279,132
recovery_slow,0.05,10.0,0.15,9.632430553995015,589,278,133
recovery_slow,0.05,10.0,0.15,9.644301493504488,589,277,134
recovery_slow,0.05,10.0,0.15,9.644411691380107,588,278,134
recovery_slow,0.05,10.0,0.15,9.64780041429029,588,277,135
recovery_slow,0.05,10.0,0.15,9.652313563189992,587,278,135
recovery_slow,0.05,10.0,0.15,9.664848060841246,587,277,136
recovery_slow,0.05,10.0,0.15,9.680271326088047,586,278,136
recovery_slow,0.05,10.0,0.15,9.682282504817502,585,279,136
recovery_slow,0.05,10.0,0.15,9.686581908085818,585,278,137
recovery_slow,0.05,10.0,0.15,9.687947312815153,585,277,138
recovery_slow,0.05,10.0,0.15,9.690886846598037,584,278,138
recovery_slow,0.05,10.0,0.15,9.716106329978025,584,277,139
recovery_slow,0.05,10.0,0.15,9.717084349449404,583,278,139
recovery_slow,0.05,10.0,0.15,9.721127864875893,582,279,139
recovery_slow,0.05,10.0,0.15,9.724118408544266,581,280,139
recovery_slow,0.05,10.0,0.15,9.727419324075349,580,281,139
recovery_slow,0.05,10.0,0.15,9.741372916712816,579,282,139
recovery_slow,0.05,10.0,0.15,9.745454354186876,579,281,140
recovery_slow,0.05,10.0,0.15,9.758435051506899,579,280,141
recovery_slow,0.05,10.0,0.15,9.763147348180912,578,281,141
recovery_slow,0.05,10.0,0.15,9.764767161405702,578,280,142
recovery_slow,0.05,10.0,0.15,9.766883887238636,577,281,142
recovery_slow,0.05,10.0,0.15,9.770265372847227,576,282,142
recovery_slow,0.05,10.0,0.15,9.792832832652536,576,281,143
recovery_slow,0.05,10.0,0.15,9.804402208206124,576,280,144
recovery_slow,0.05,10.0,0.15,9.812490542216795,576,279,145
recovery_slow,0.05,10.0,0.15,9.815906854543964,575,280,145
recovery_slow,0.05,10.0,0.15,9.8252909688573,574,281,145
recovery_slow,0.05,10.0,0.15,9.8314169849274,574,280,146
recovery_slow,0.05,10.0,0.15,9.831571486585737,573,281,146
recovery_slow,0.05,10.0,0.15,9.833222215481955,573,280,147
recovery_slow,0.05,10.0,0.15,9.8509500062509,572,281,147
recovery_slow,0.05,10.0,0.15,9.855263353385391,572,280,148
recovery_slow,0.05,10.0,0.15,9.861172240797147,571,281,148
recovery_slow,0.05,10.0,0.15,9.865587467846144,571,280,149
recovery_slow,0.05,10.0,0.15,9.877285103262524,570,281,149
recovery_slow,0.05,10.0,0.15,9.887091370618979,570,280,150
recovery_slow,0.05,10.0,0.15,9.900049511551327,570,279,151
recovery_slow,0.05,10.0,0.15,9.905062468106795,570,278,152
recovery_slow,0.05,10.0,0.15,9.905790231890943,570,277,153
recovery_slow,0.05,10.0,0.15,9.909534145532318,569,278,153
recovery_slow,0.05,10.0,0.15,9.918273180501675,569,277,154
recovery_slow,0.05,10.0,0.15,9.940600312097043,568,278,154
recovery_slow,0.05,10.0,0.15,9.950780696314533,567,279,154
recovery_slow,0.05,10.0,0.15,9.969785341762664,566,280,154
recovery_slow,0.05,10.0,0.15,10.00081303556521,565,281,154
recovery_slow,0.05,10.0,0.15,10.018304964718237,564,282,154
recovery_slow,0.05,10.0,0.15,10.023357486458753,563,283,154
recovery_slow,0.05,10.0,0.15,10.040198113337857,562,284,154
recovery_slow,0.05,10.0,0.15,10.042968389257506,562,283,155
recovery_slow,0.05,10.0,0.15,10.078097943606132,561,284,155
recovery_slow,0.05,10.0,0.15,10.085479971052925,561,283,156
recovery_slow,0.05,10.0,0.15,10.095109464291074,560,284,156
recovery_slow,0.05,10.0,0.15,10.097359439748349,559,285,156
recovery_slow,0.05,10.0,0.15,10.109718004150011,559,284,157
recovery_slow,0.05,10.0,0.15,10.121294290808557,559,283,158
recovery_slow,0.05,10.0,0.15,10.13836825758583,559,282,159
recovery_slow,0.05,10.0,0.15,10.140158759546177,558,283,159
recovery_slow,0.05,10.0,0.15,10.161567421272917,558,282,160
recovery_slow,0.05,10.0,0.15,10.164697428971198,557,283,160
recovery_slow,0.05,10.0,0.15,10.169105213162096,556,284,160
recovery_slow,0.05,10.0,0.15,10.171997302939843,556,283,161
recovery_slow,0.05,10.0,0.15,10.188251937690028,556,282,162
recovery_slow,0.05,10.0,0.15,10.195462697433387,555,283,162
recovery_slow,0.05,10.0,0.15,10.203033146336123,554,284,162
recovery_slow,0.05,10.0,0.15,10.204058018411756,553,285,162
recovery_slow,0.05,10.0,0.15,10.20577828060527,552,286,162
recovery_slow,0.05,10.0,0.15,10.228308127640723,551,287,162
recovery_slow,0.05,10.0,0.15,10.22879964360294,551,286,163
recovery_slow,0.05,10.0,0.15,10.231724519790335,550,287,163
recovery_slow,0.05,10.0,0.15,10.254895215934363,549,288,163
recovery_slow,0.05,10.0,0.15,10.255599493357552,549,287,164
recovery_slow,0.05,10.0,0.15,10.268900797199366,548,288,164
recovery_slow,0.05,10.0,0.15,10.269224536451445,547,289,164
recovery_slow,0.05,10.0,0.15,10.27445963660383,547,288,165
recovery_slow,0.05,10.0,0.15,10.283448086499492,546,289,165
recovery_slow,0.05,10.0,0.15,10.288743027305234,546,288,166
recovery_slow,0.05,10.0,0.15,10.294581170017793,545,289,166
recovery_slow,0.05,10.0,0.15,10.319228490686726,545,288,167
recovery_slow,0.05,10.0,0.15,10.333966829200065,544,289,167
recovery_slow,0.05,10.0,0.15,10.340330255588587,544,288,168
recovery_slow,0.05,10.0,0.15,10.347458139859357,543,289,168
recovery_slow,0.05,10.0,0.15,10.347849712366173,542,290,168
recovery_slow,0.05,10.0,0.15,10.352536705467406,541,291,168
recovery_slow,0.05,10.0,0.15,10.366167353593278,540,292,168
recovery_slow,0.05,10.0,0.15,10.383820964401746,539,293,168
recovery_slow,0.05,10.0,0.15,10.405616893555028,538,294,168
recovery_slow,0.05,10.0,0.15,10.416289631613903,537,295,168
recovery_slow,0.05,10.0,0.15,10.425316911145343,536,296,168
recovery_slow,0.05,10.0,0.15,10.427815624233807,535,297,168
recovery_slow,0.05,10.0,0.15,10.451375817766616,534,298,168
recovery_slow,0.05,10.0,0.15,10.458531794349867,533,299,168
recovery_slow,0.05,10.0,0.15,10.460337950542572,532,300,168
recovery_slow,0.05,10.0,0.15,10.477324707429215,532,299,169
recovery_slow,0.05,10.0,0.15,10.480749459478835,532,298,170
recovery_slow,0.05,10.0,0.15,10.518321807208448,532,297,171
recovery_slow,0.05,10.0,0.15,10.533317019199039,531,298,171
recovery_slow,0.05,10.0,0.15,10.536151263989895,531,297,172
recovery_slow,0.05,10.0,0.15,10.54642081046894,531,296,173
recovery_slow,0.05,10.0,0.15,10.559090217023982,531,295,174
recovery_slow,0.05,10.0,0.15,10.5604365883276,530,296,174
recovery_slow,0.05,10.0,0.15,10.574129615422216,529,297,174
recovery_slow,0.05,10.0,0.15,10.588535672753467,529,296,175
recovery_slow,0.05,10.0,0.15,10.599379864983966,528,297,175
recovery_slow,0.05,10.0,0.15,10.610036482242247,528,296,176
recovery_slow,0.05,10.0,0.15,10.621806013908763,527,297,176
recovery_slow,0.05,10.0,0.15,10.625965694327302,526,298,176
recovery_slow,0.05,10.0,0.15,10.640143140304303,526,297,177
recovery_slow,0.05,10.0,0.15,10.702705417652908,525,298,177
recovery_slow,0.05,10.0,0.15,10.703246841477533,525,297,178
recovery_slow,0.05,10.0,0.15,10.706388142657557,524,298,178
recovery_slow,0.05,10.0,0.15,10.706581646568376,524,297,179
recovery_slow,0.05,10.0,0.15,10.722075466909095,523,298,179
recovery_slow,0.05,10.0,0.15,10.730382898290843,522,299,179
recovery_slow,0.05,10.0,0.15,10.749299894707002,522,298,180
recovery_slow,0.05,10.0,0.15,10.765150839742528,522,297,181
recovery_slow,0.05,10.0,0.15,10.767416012111566,522,296,182
recovery_slow,0.05,10.0,0.15,10.770360712640798,522,295,183
recovery_slow,0.05,10.0,0.15,10.772468268028218,522,294,184
recovery_slow,0.05,10.0,0.15,10.78781024752891,522,293,185
recovery_slow,0.05,10.0,0.15,10.790446813116324,521,294,185
recovery_slow,0.05,10.0,0.15,10.794795284889382,520,295,185
recovery_slow,0.05,10.0,0.15,10.8104345893876,520,294,186
recovery_slow,0.05,10.0,0.15,10.81163824207549,519,295,186
recovery_slow,0.05,10.0,0.15,10.81549615114926,519,294,187
recovery_slow,0.05,10.0,0.15,10.820677317941549,519,293,188
recovery_slow,0.05,10.0,0.15,10.826818263645292,519,292,189
recovery_slow,0.05,10.0,0.15,10.829058795259552,518,293,189
recovery_slow,0.05,10.0,0.15,10.830726760100502,517,294,189
recovery_slow,0.05,10.0,0.15,10.831046085778143,516,295,189
recovery_slow,0.05,10.0,0.15,10.83133168415146,515,296,189
recovery_slow,0.05,10.0,0.15,10.836465332020008,514,297,189
recovery_slow,0.05,10.0,0.15,10.845507084995685,514,296,190
recovery_slow,0.05,10.0,0.15,10.849732419385575,514,295,191
recovery_slow,0.05,10.0,0.15,10.865851776880195,513,296,191
recovery_slow,0.05,10.0,0.15,10.879194899277536,512,297,191
recovery_slow,0.05,10.0,0.15,10.892291943504768,511,298,191
recovery_slow,0.05,10.0,0.15,10.894252742515985,511,297,192
recovery_slow,0.05,10.0,0.15,10.897968515003104,510,298,192
recovery_slow,0.05,10.0,0.15,10.90847434349164,509,299,192
recovery_slow,0.05,10.0,0.15,10.922527422842343,509,298,193
recovery_slow,0.05,10.0,0.15,10.933705758783177,508,299,193
recovery_slow,0.05,10.0,0.15,10.933774708311418,508,298,194
recovery_slow,0.05,10.0,0.15,10.934585198544806,507,299,194
recovery_slow,0.05,10.0,0.15,10.944945819951133,507,298,195
recovery_slow,0.05,10.0,0.15,10.945810839738137,507,297,196
recovery_slow,0.05,10.0,0.15,10.954379005495781,506,298,196
recovery_slow,0.05,10.0,0.15,10.957576735484444,506,297,197
recovery_slow,0.05,10.0,0.15,10.95836893178416,505,298,197
recovery_slow,0.05,10.0,0.15,10.96617532494915,504,299,197
recovery_slow,0.05,10.0,0.15,10.97195904612586,504,298,198
recovery_slow,0.05,10.0,0.15,10.982509304919041,503,299,198
recovery_slow,0.05,10.0,0.15,10.986274468642453,502,300,198
recovery_slow,0.05,10.0,0.15,10.986535020237529,501,301,198
recovery_slow,0.05,10.0,0.15,10.990499836114566,501,300,199
recovery_slow,0.05,10.0,0.15,11.006549684883833,500,301,199
recovery_slow,0.05,10.0,0.15,11.034700992935155,499,302,199
recovery_slow,0.05,10.0,0.15,11.039987658111164,498,303,199
recovery_slow,0.05,10.0,0.15,11.04208013484518,497,304,199
recovery_slow,0.05,10.0,0.15,11.047704613413075,496,305,199
recovery_slow,0.05,10.0,0.15,11.057733144132017,495,306,199
recovery_slow,0.05,10.0,0.15,11.059302740272438,494,307,199
recovery_slow,0.05,10.0,0.15,11.06659276723172,494,306,200
recovery_slow,0.05,10.0,0.15,11.067478827097117,493,307,200
recovery_slow,0.05,10.0,0.15,11.068405598318883,492,308,200
recovery_slow,0.05,10.0,0.15,11.07270334926898,492,307,201
recovery_slow,0.05,10.0,0.15,11.106559189554106,491,308,201
recovery_slow,0.05,10.0,0.15,11.108570126136575,490,309,201
recovery_slow,0.05,10.0,0.15,11.111964116149906,489,310,201
recovery_slow,0.05,10.0,0.15,11.11803165848741,488,311,201
recovery_slow,0.05,10.0,0.15,11.123328096888732,487,312,201
recovery_slow,0.05,10.0,0.15,11.129876737561853,486,313,201
recovery_slow,0.05,10.0,0.15,11.149251693886047,486,312,202
recovery_slow,0.05,10.0,0.15,11.149858945812001,485,313,202
recovery_slow,0.05,10.0,0.15,11.152590503020155,484,314,202
recovery_slow,0.05,10.0,0.15,11.181620960502274,484,313,203
recovery_slow,0.05,10.0,0.15,11.185507476333628,484,312,204
recovery_slow,0.05,10.0,0.15,11.193580430329298,484,311,205
recovery_slow,0.05,10.0,0.15,11.205323401906321,484,310,206
recovery_slow,0.05,10.0,0.15,11.207828709827032,483,311,206
recovery_slow,0.05,10.0,0.15,11.214907964733142,482,312,206
recovery_slow,0.05,10.0,0.15,11.218916939648935,482,311,207
recovery_slow,0.05,10.0,0.15,11.226332865701469,481,312,207
recovery_slow,0.05,10.0,0.15,11.2437480010044,481,311,208
recovery_slow,0.05,10.0,0.15,11.245195683452142,481,310,209
recovery_slow,0.05,10.0,0.15,11.247640762593251,480,311,209
recovery_slow,0.05,10.0,0.15,11.265110683095925,480,310,210
recovery_slow,0.05,10.0,0.15,11.273051758915043,479,311,210
recovery_slow,0.05,10.0,0.15,11.282908655036886,478,312,210
recovery_slow,0.05,10.0,0.15,11.284929165352857,477,313,210
recovery_slow,0.05,10.0,0.15,11.289329061854826,477,312,211
recovery_slow,0.05,10.0,0.15,11.290096843158226,476,313,211
recovery_slow,0.05,10.0,0.15,11.303326265122141,476,312,212
recovery_slow,0.05,10.0,0.15,11.314206021451044,476,311,213
recovery_slow,0.05,10.0,0.15,11.318451654017444,475,312,213
recovery_slow,0.05,10.0,0.15,11.322025604003647,474,313,213
recovery_slow,0.05,10.0,0.15,11.325508641243161,474,312,214
recovery_slow,0.05,10.0,0.15,11.328339532579339,474,311,215
recovery_slow,0.05,10.0,0.15,11.329060757073858,473,312,215
recovery_slow,0.05,10.0,0.15,11.335686659964555,473,311,216
recovery_slow,0.05,10.0,0.15,11.345219639219717,473,310,217
recovery_slow,0.05,10.0,0.15,11.346720281415877,472,311,217
recovery_slow,0.05,10.0,0.15,11.350656337427568,471,312,217
recovery_slow,0.05,10.0,0.15,11.389601580285571,470,313,217
recovery_slow,0.05,10.0,0.15,11.39608246238841,470,312,218
recovery_slow,0.05,10.0,0.15,11.421924697157237,469,313,218
recovery_slow,0.05,10.0,0.15,11.42876591693889,468,314,218
recovery_slow,0.05,10.0,0.15,11.429616763796222,467,315,218
recovery_slow,0.05,10.0,0.15,11.433883382261337,466,316,218
recovery_slow,0.05,10.0,0.15,11.43459933395734,465,317,218
recovery_slow,0.05,10.0,0.15,11.440438852838763,464,318,218
recovery_slow,0.05,10.0,0.15,11.463319774922233,464,317,219
recovery_slow,0.05,10.0,0.15,11.469573285576095,464,316,220
recovery_slow,0.05,10.0,0.15,11.482527203186692,463,317,220
recovery_slow,0.05,10.0,0.15,11.485083981688952,462,318,220
recovery_slow,0.05,10.0,0.15,11.49961572768925,461,319,220
recovery_slow,0.05,10.0,0.15,11.501804452659997,460,320,220
recovery_slow,0.05,10.0,0.15,11.514046714103628,460,319,221
recovery_slow,0.05,10.0,0.15,11.538741844842889,459,320,221
recovery_slow,0.05,10.0,0.15,11.541475387855915,459,319,222
recovery_slow,0.05,10.0,0.15,11.54990319740152,459,318,223
recovery_slow,0.05,10.0,0.15,11.567906221029045,459,317,224
recovery_slow,0.05,10.0,0.15,11.569662950889755,458,318,224
recovery_slow,0.05,10.0,0.15,11.570933262165301,458,317,225
recovery_slow,0.05,10.0,0.15,11.574454442764416,457,318,225
recovery_slow,0.05,10.0,0.15,11.583778863318365,456,319,225
recovery_slow,0.05,10.0,0.15,11.60532508362617,455,320,225
recovery_slow,0.05,10.0,0.15,11.619170780887359,454,321,225
recovery_slow,0.05,10.0,0.15,11.62437002469795,453,322,225
recovery_slow,0.05,10.0,0.15,11.633010555220343,453,321,226
recovery_slow,0.05,10.0,0.15,11.635310354749809,452,322,226
recovery_slow,0.05,10.0,0.15,11.638105794264925,452,321,227
recovery_slow,0.05,10.0,0.15,11.65197860824173,452,320,228
recovery_slow,0.05,10.0,0.15,11.682521933326548,452,319,229
recovery_slow,0.05,10.0,0.15,11.686994702628667,451,320,229
recovery_slow,0.05,10.0,0.15,11.70296372246333,451,319,230
recovery_slow,0.05,10.0,0.15,11.70717986141294,450,320,230
recovery_slow,0.05,10.0,0.15,11.727254061941569,450,319,231
recovery_slow,0.05,10.0,0.15,11.747998231493714,450,318,232
recovery_slow,0.05,10.0,0.15,11.748488340218296,449,319,232
recovery_slow,0.05,10.0,0.15,11.754216953144596,449,318,233
recovery_slow,0.05,10.0,0.15,11.754664169805606,448,319,233
recovery_slow,0.05,10.0,0.15,11.759969790301962,447,320,233
recovery_slow,0.05,10.0,0.15,11.768798341323677,447,319,234
recovery_slow,0.05,10.0,0.15,11.772695809433479,447,318,235
recovery_slow,0.05,10.0,0.15,11.781443314041466,446,319,235
recovery_slow,0.05,10.0,0.15,11.791101729362804,445,320,235
recovery_slow,0.05,10.0,0.15,11.799700462926769,444,321,235
recovery_slow,0.05,10.0,0.15,11.82146175416085,443,322,235
recovery_slow,0.05,10.0,0.15,11.837572112527278,442,323,235
recovery_slow,0.05,10.0,0.15,11.842883715476502,441,324,235
recovery_slow,0.05,10.0,0.15,11.844057075604717,440,325,235
recovery_slow,0.05,10.0,0.15,11.848162399971564,440,324,236
recovery_slow,0.05,10.0,0.15,11.857643528926975,440,323,237
recovery_slow,0.05,10.0,0.15,11.859868326020578,439,324,237
recovery_slow,0.05,10.0,0.15,11.860421015293843,438,325,237
recovery_slow,0.05,10.0,0.15,11.864498944237784,438,324,238
recovery_slow,0.05,10.0,0.15,11.872907537702737,437,325,238
recovery_slow,0.05,10.0,0.15,11.878187888640833,436,326,238
recovery_slow,0.05,10.0,0.15,11.87853596002966,436,325,239
recovery_slow,0.05,10.0,0.15,11.898083117012495,435,326,239
recovery_slow,0.05,10.0,0.15,11.913025838653798,434,327,239
recovery_slow,0.05,10.0,0.15,11.940186386779052,433,328,239
recovery_slow,0.05,10.0,0.15,11.954343322002295,433,327,240
recovery_slow,0.05,10.0,0.15,11.954528952422258,432,328,240
recovery_slow,0.05,10.0,0.15,11.962964018607975,431,329,240
recovery_slow,0.05,10.0,0.15,11.963459171373657,430,330,240
recovery_slow,0.05,10.0,0.15,11.971769611460035,429,331,240
recovery_slow,0.05,10.0,0.15,11.976469020637689,429,330,241
recovery_slow,0.05,10.0,0.15,11.98179666377305,428,331,241
recovery_slow,0.05,10.0,0.15,12.013743020845615,428,330,242
recovery_slow,0.05,10.0,0.15,12.035606777466931,428,329,243
recovery_slow,0.05,10.0,0.15,12.03956807770179,427,330,243
recovery_slow,0.05,10.0,0.15,12.041302620387476,427,329,244
recovery_slow,0.05,10.0,0.15,12.059721677442987,426,330,244
recovery_slow,0.05,10.0,0.15,12.063335532032635,426,329,245
recovery_slow,0.05,10.0,0.15,12.068954549966744,426,328,246
recovery_slow,0.05,10.0,0.15,12.076076799102216,425,329,246
recovery_slow,0.05,10.0,0.15,12.083385861171404,424,330,246
recovery_slow,0.05,10.0,0.15,12.09504045548258,423,331,246
recovery_slow,0.05,10.0,0.15,12.109520399154075,423,330,247
recovery_slow,0.05,10.0,0.15,12.129931538119125,422,331,247
recovery_slow,0.05,10.0,0.15,12.13101878072553,422,330,248
recovery_slow,0.05,10.0,0.15,12.132343658132594,422,329,249
recovery_slow,0.05,10.0,0.15,12.134574675669295,421,330,249
recovery_slow,0.05,10.0,0.15,12.147397795162984,420,331,249
recovery_slow,0.05,10.0,0.15,12.164435283807647,420,330,250
recovery_slow,0.05,10.0,0.15,12.171173036686671,420,329,251
recovery_slow,0.05,10.0,0.15,12.178409954181138,420,328,252
recovery_slow,0.05,10.0,0.15,12.183548450646736,419,329,252
recovery_slow,0.05,10.0,0.15,12.186761073495575,418,330,252
recovery_slow,0.05,10.0,0.15,12.195210031569903,418,329,253
recovery_slow,0.05,10.0,0.15,12.205258699425444,417,330,253
recovery_slow,0.05,10.0,0.15,12.207080373227019,417,329,254
recovery_slow,0.05,10.0,0.15,12.253938204446111,416,330,254
recovery_slow,0.05,10.0,0.15,12.257200733913347,415,331,254
recovery_slow,0.05,10.0,0.15,12.263260826512164,414,332,254
recovery_slow,0.05,10.0,0.15,12.265487508994973,413,333,254
recovery_slow,0.05,10.0,0.15,12.266082097081231,412,334,254
recovery_slow,0.05,10.0,0.15,12.288825064096994,412,333,255
recovery_slow,0.05,10.0,0.15,12.296294297963374,411,334,255
recovery_slow,0.05,10.0,0.15,12.32693895703778,410,335,255
recovery_slow,0.05,10.0,0.15,12.346225399931463,409,336,255
recovery_slow,0.05,10.0,0.15,12.350950444835398,408,337,255
recovery_slow,0.05,10.0,0.15,12.354807968014658,408,336,256
recovery_slow,0.05,10.0,0.15,12.373234619924546,407,337,256
recovery_slow,0.05,10.0,0.15,12.375880466302355,406,338,256
recovery_slow,0.05,10.0,0.15,12.377365131625064,406,337,257
recovery_slow,0.05,10.0,0.15,12.382391048730321,405,338,257
recovery_slow,0.05,10.0,0.15,12.406276741217674,405,337,258
recovery_slow,0.05,10.0,0.15,12.42418948280908,404,338,258
recovery_slow,0.05,10.0,0.15,12.45648872899182,403,339,258
recovery_slow,0.05,10.0,0.15,12.458427223182335,402,340,258
recovery_slow,0.05,10.0,0.15,12.463616023415307,402,339,259
recovery_slow,0.05,10.0,0.15,12.4863757990734,402,338,260
recovery_slow,0.05,10.0,0.15,12.494505269560875,401,339,260
recovery_slow,0.05,10.0,0.15,12.497907888068202,400,340,260
recovery_slow,0.05,10.0,0.15,12.53346634056174,400,339,261
recovery_slow,0.05,10.0,0.15,12.536318407433134,399,340,261
recovery_slow,0.05,10.0,0.15,12.536694723201107,398,341,261
recovery_slow,0.05,10.0,0.15,12.54782393364314,397,342,261
recovery_slow,0.05,10.0,0.15,12.549548194034045,397,341,262
recovery_slow,0.05,10.0,0.15,12.551521698725029,397,340,263
recovery_slow,0.05,10.0,0.15,12.562666624048381,396,341,263
recovery_slow,0.05,10.0,0.15,12.56955271821211,396,340,264
recovery_slow,0.05,10.0,0.15,12.574840286183122,395,341,264
recovery_slow,0.05,10.0,0.15,12.574978516752543,395,340,265
recovery_slow,0.05,10.0,0.15,12.58211335388788,395,339,266
recovery_slow,0.05,10.0,0.15,12.583813140641302,394,340,266
recovery_slow,0.05,10.0,0.15,12.598384227151321,393,341,266
recovery_slow,0.05,10.0,0.15,12.61789662894422,392,342,266
recovery_slow,0.05,10.0,0.15,12.622430790972516,392,341,267
recovery_slow,0.05,10.0,0.15,12.63498824152399,391,342,267
recovery_slow,0.05,10.0,0.15,12.643317024851573,390,343,267
recovery_slow,0.05,10.0,0.15,12.64378880785376,390,342,268
recovery_slow,0.05,10.0,0.15,12.655048668399079,389,343,268
recovery_slow,0.05,10.0,0.15,12.66872183911615,388,344,268
recovery_slow,0.05,10.0,0.15,12.687822836182441,388,343,269
recovery_slow,0.05,10.0,0.15,12.691540971600137,388,342,270
recovery_slow,0.05,10.0,0.15,12.708736757148081,387,343,270
recovery_slow,0.05,10.0,0.15,12.70898383840573,386,344,270
recovery_slow,0.05,10.0,0.15,12.719105888291093,385,345,270
recovery_slow,0.05,10.0,0.15,12.72798872168556,384,346,270
recovery_slow,0.05,10.0,0.15,12.732061155645722,383,347,270
recovery_slow,0.05,10.0,0.15,12.73687684948439,383,346,271
recovery_slow,0.05,10.0,0.15,12.738341087721182,382,347,271
recovery_slow,0.05,10.0,0.15,12.74451510326859,382,346,272
recovery_slow,0.05,10.0,0.15,12.748473149216437,381,347,272
recovery_slow,0.05,10.0,0.15,12.781834454877032,381,346,273
recovery_slow,0.05,10.0,0.15,12.787487097820057,380,347,273
recovery_slow,0.05,10.0,0.15,12.78755710449756,379,348,273
recovery_slow,0.05,10.0,0.15,12.791394783026785,378,349,273
recovery_slow,0.05,10.0,0.15,12.793404204912603,377,350,273
recovery_slow,0.05,10.0,0.15,12.799286291737653,377,349,274
recovery_slow,0.05,10.0,0.15,12.812590028186317,377,348,275
recovery_slow,0.05,10.0,0.15,12.817671846279897,376,349,275
recovery_slow,0.05,10.0,0.15,12.846084981215439,376,348,276
recovery_slow,0.05,10.0,0.15,12.848635876260445,375,349,276
recovery_slow,0.05,10.0,0.15,12.853468337185287,375,348,277
recovery_slow,0.05,10.0,0.15,12.855922826050715,375,347,278
recovery_slow,0.05,10.0,0.15,12.861309138782117,374,348,278
recovery_slow,0.05,10.0,0.15,12.8645615573948,373,349,278
recovery_slow,0.05,10.0,0.15,12.894653785249814,372,350,278
recovery_slow,0.05,10.0,0.15,12.924769686057747,372,349,279
recovery_slow,0.05,10.0,0.15,12.926687260643526,371,350,279
recovery_slow,0.05,10.0,0.15,12.927439059729993,371,349,280
recovery_slow,0.05,10.0,0.15,12.937016245362011,371,348,281
recovery_slow,0.05,10.0,0.15,12.958235538129967,370,349,281
recovery_slow,0.05,10.0,0.15,12.965915049768874,370,348,282
recovery_slow,0.05,10.0,0.15,12.976411889061795,370,347,283
recovery_slow,0.05,10.0,0.15,12.99430865826767,370,346,284
recovery_slow,0.05,10.0,0.15,13.00198890862111,370,345,285
recovery_slow,0.05,10.0,0.15,13.002683277016358,369,346,285
recovery_slow,0.05,10.0,0.15,13.012877003270653,368,347,285
recovery_slow,0.05,10.0,0.15,13.025293594116476,368,346,286
recovery_slow,0.05,10.0,0.15,13.030585743513313,368,345,287
recovery_slow,0.05,10.0,0.15,13.034681971170286,367,346,287
recovery_slow,0.05,10.0,0.15,13.037359457640989,367,345,288
recovery_slow,0.05,10.0,0.15,13.050878630920455,366,346,288
recovery_slow,0.05,10.0,0.15,13.062284412705242,366,345,289
recovery_slow,0.05,10.0,0.15,13.065832173645552,366,344,290
recovery_slow,0.05,10.0,0.15,13.083606612635558,365,345,290
recovery_slow,0.05,10.0,0.15,13.107153766279165,365,344,291
recovery_slow,0.05,10.0,0.15,13.115070699626461,365,343,292
recovery_slow,0.05,10.0,0.15,13.129342172408897,365,342,293
recovery_slow,0.05,10.0,0.15,13.141290175090827,364,343,293
recovery_slow,0.05,10.0,0.15,13.151689586708594,363,344,293
recovery_slow,0.05,10.0,0.15,13.158062067001035,362,345,293
recovery_slow,0.05,10.0,0.15,13.168453384317601,361,346,293
recovery_slow,0.05,10.0,0.15,13.170052551707311,361,345,294
recovery_slow,0.05,10.0,0.15,13.173667704190688,360,346,294
recovery_slow,0.05,10.0,0.15,13.175683314184216,359,347,294
recovery_slow,0.05,10.0,0.15,13.185335207998813,358,348,294
recovery_slow,0.05,10.0,0.15,13.261134102205045,357,349,294
recovery_slow,0.05,10.0,0.15,13.264591487592497,357,348,295
recovery_slow,0.05,10.0,0.15,13.264833607098765,356,349,295
recovery_slow,0.05,10.0,0.15,13.279814912892373,355,350,295
recovery_slow,0.05,10.0,0.15,13.28141739606916,354,351,295
recovery_slow,0.05,10.0,0.15,13.284007209540242,353,352,295
recovery_slow,0.05,10.0,0.15,13.28991684689121,353,351,296
recovery_slow,0.05,10.0,0.15,13.29089084592109,353,350,297
recovery_slow,0.05,10.0,0.15,13.296655412934161,353,349,298
recovery_slow,0.05,10.0,0.15,13.302149721551924,353,348,299
recovery_slow,0.05,10.0,0.15,13.32608294674189,353,347,300
recovery_slow,0.05,10.0,0.15,13.329234711659234,352,348,300
recovery_slow,0.05,10.0,0.15,13.330292206565012,351,349,300
recovery_slow,0.05,10.0,0.15,13.336176766254576,350,350,300
recovery_slow,0.05,10.0,0.15,13.360296128832116,349,351,300
recovery_slow,0.05,10.0,0.15,13.377082137361796,348,352,300
recovery_slow,0.05,10.0,0.15,13.377903694069333,347,353,300
recovery_slow,0.05,10.0,0.15,13.392439011219418,347,352,301
recovery_slow,0.05,10.0,0.15,13.395067158761158,347,351,302
recovery_slow,0.05,10.0,0.15,13.401858773118933,346,352,302
recovery_slow,0.05,10.0,0.15,13.438755443832154,345,353,302
recovery_slow,0.05,10.0,0.15,13.440638487621888,344,354,302
recovery_slow,0.05,10.0,0.15,13.44938646207397,343,355,302
recovery_slow,0.05,10.0,0.15,13.452057948678707,343,354,303
recovery_slow,0.05,10.0,0.15,13.452061581993348,343,353,304
recovery_slow,0.05,10.0,0.15,13.46500383828386,342,354,304
recovery_slow,0.05,10.0,0.15,13.50588147356514,341,355,304
recovery_slow,0.05,10.0,0.15,13.506502978010998,341,354,305
recovery_slow,0.05,10.0,0.15,13.51356247954222,340,355,305
recovery_slow,0.05,10.0,0.15,13.517108199283674,340,354,306
recovery_slow,0.05,10.0,0.15,13.523504090256024,339,355,306
recovery_slow,0.05,10.0,0.15,13.536809777807175,338,356,306
recovery_slow,0.05,10.0,0.15,13.53906391449509,337,357,306
recovery_slow,0.05,10.0,0.15,13.566720125241126,337,356,307
recovery_slow,0.05,10.0,0.15,13.583654223535417,336,357,307
recovery_slow,0.05,10.0,0.15,13.589539022816972,335,358,307
recovery_slow,0.05,10.0,0.15,13.591026022879221,334,359,307
recovery_slow,0.05,10.0,0.15,13.602024102705403,334,358,308
recovery_slow,0.05,10.0,0.15,13.609499319229593,333,359,308
recovery_slow,0.05,10.0,0.15,13.633639345463365,333,358,309
recovery_slow,0.05,10.0,0.15,13.635217996377436,333,357,310
recovery_slow,0.05,10.0,0.15,13.640468713823465,332,358,310
recovery_slow,0.05,10.0,0.15,13.655916712241238,331,359,310
recovery_slow,0.05,10.0,0.15,13.656148709110315,331,358,311
recovery_slow,0.05,10.0,0.15,13.678365020576692,331,357,312
recovery_slow,0.05,10.0,0.15,13.678753985637341,330,358,312
recovery_slow,0.05,10.0,0.15,13.692851259014162,329,359,312
recovery_slow,0.05,10.0,0.15,13.703976240590531,329,358,313
recovery_slow,0.05,10.0,0.15,13.720707147775006,328,359,313
recovery_slow,0.05,10.0,0.15,13.72678977162113,327,360,313
recovery_slow,0.05,10.0,0.15,13.72999756385243,326,361,313
recovery_slow,0.05,10.0,0.15,13.73253986026836,325,362,313
recovery_slow,0.05,10.0,0.15,13.753542040890874,324,363,313
recovery_slow,0.05,10.0,0.15,13.784055726266141,323,364,313
recovery_slow,0.05,10.0,0.15,13.788967250753025,322,365,313
recovery_slow,0.05,10.0,0.15,13.800017842283303,321,366,313
recovery_slow,0.05,10.0,0.15,13.801162787561017,320,367,313
recovery_slow,0.05,10.0,0.15,13.818799806198081,320,366,314
recovery_slow,0.05,10.0,0.15,13.827618488834293,319,367,314
recovery_slow,0.05,10.0,0.15,13.839802532638416,319,366,315
recovery_slow,0.05,10.0,0.15,13.841315510598669,318,367,315
recovery_slow,0.05,10.0,0.15,13.857686296051389,317,368,315
recovery_slow,0.05,10.0,0.15,13.872125819514753,316,369,315
recovery_slow,0.05,10.0,0.15,13.874000417471406,315,370,315
recovery_slow,0.05,10.0,0.15,13.88718038611153,315,369,316
recovery_slow,0.05,10.0,0.15,13.895398807616738,315,368,317
recovery_slow,0.05,10.0,0.15,13.918494460185299,315,367,318
recovery_slow,0.05,10.0,0.15,13.919871866611597,315,366,319
recovery_slow,0.05,10.0,0.15,13.924412947915974,315,365,320
recovery_slow,0.05,10.0,0.15,13.92661787483988,314,366,320
recovery_slow,0.05,10.0,0.15,13.926645879506195,314,365,321
recovery_slow,0.05,10.0,0.15,13.93235409206769,313,366,321
recovery_slow,0.05,10.0,0.15,13.939271220980622,313,365,322
recovery_slow,0.05,10.0,0.15,13.940282959913475,312,366,322
recovery_slow,0.05,10.0,0.15,13.943956263127452,311,367,322
recovery_slow,0.05,10.0,0.15,13.964761303695404,310,368,322
recovery_slow,0.05,10.0,0.15,13.970382134296662,309,369,322
recovery_slow,0.05,10.0,0.15,13.990862500817487,308,370,322
recovery_slow,0.05,10.0,0.15,13.994594704473704,308,369,323
recovery_slow,0.05,10.0,0.15,14.002497322966668,307,370,323
recovery_slow,0.05,10.0,0.15,14.00823975354682,306,371,323
recovery_slow,0.05,10.0,0.15,14.014908032192812,306,370,324
recovery_slow,0.05,10.0,0.15,14.035953895410087,305,371,324
recovery_slow,0.05,10.0,0.15,14.04008490457794,304,372,324
recovery_slow,0.05,10.0,0.15,14.04987514821401,304,371,325
recovery_slow,0.05,10.0,0.15,14.05410124696221,304,370,326
recovery_slow,0.05,10.0,0.15,14.055637642019954,304,369,327
recovery_slow,0.05,10.0,0.15,14.067418980766412,304,368,328
recovery_slow,0.05,10.0,0.15,14.075494214664456,303,369,328
recovery_slow,0.05,10.0,0.15,14.078356843112553,303,368,329
recovery_slow,0.05,10.0,0.15,14.08280714996274,303,367,330
recovery_slow,0.05,10.0,0.15,14.089191179698057,303,366,331
recovery_slow,0.05,10.0,0.15,14.103892782540361,303,365,332
recovery_slow,0.05,10.0,0.15,14.103945963935368,303,364,333
recovery_slow,0.05,10.0,0.15,14.1082170312194,302,365,333
recovery_slow,0.05,10.0,0.15,14.11021908072339,301,366,333
recovery_slow,0.05,10.0,0.15,14.116516674064485,301,365,334
recovery_slow,0.05,10.0,0.15,14.119723382675842,300,366,334
recovery_slow,0.05,10.0,0.15,14.13867330466632,300,365,335
recovery_slow,0.05,10.0,0.15,14.17366451829839,299,366,335
recovery_slow,0.05,10.0,0.15,14.181071109709704,298,367,335
recovery_slow,0.05,10.0,0.15,14.182030231222445,298,366,336
recovery_slow,0.05,10.0,0.15,14.209552939065242,297,367,336
recovery_slow,0.05,10.0,0.15,14.212931264529793,297,366,337
recovery_slow,0.05,10.0,0.15,14.21904361350576,296,367,337
recovery_slow,0.05,10.0,0.15,14.221215557018194,295,368,337
recovery_slow,0.05,10.0,0.15,14.22691461985089,295,367,338
recovery_slow,0.05,10.0,0.15,14.227396431384092,295,366,339
recovery_slow,0.05,10.0,0.15,14.231526173010833,295,365,340
recovery_slow,0.05,10.0,0.15,14.243951523577902,294,366,340
recovery_slow,0.05,10.0,0.15,14.24507018020566,293,367,340
recovery_slow,0.05,10.0,0.15,14.246170324892969,293,366,341
recovery_slow,0.05,10.0,0.15,14.254078691340174,293,365,342
recovery_slow,0.05,10.0,0.15,14.260343844422085,292,366,342
recovery_slow,0.05,10.0,0.15,14.260554005737571,291,367,342
recovery_slow,0.05,10.0,0.15,14.268832781454684,290,368,342
recovery_slow,0.05,10.0,0.15,14.282302581348771,289,369,342
recovery_slow,0.05,10.0,0.15,14.31728017891647,288,370,342
recovery_slow,0.05,10.0,0.15,14.335158148291232,288,369,343
recovery_slow,0.05,10.0,0.15,14.344766411063015,288,368,344
recovery_slow,0.05,10.0,0.15,14.346624408401585,287,369,344
recovery_slow,0.05,10.0,0.15,14.369233180514067,286,370,344
recovery_slow,0.05,10.0,0.15,14.371806257454255,285,371,344
recovery_slow,0.05,10.0,0.15,14.376918627813694,285,370,345
recovery_slow,0.05,10.0,0.15,14.392070404145397,284,371,345
recovery_slow,0.05,10.0,0.15,14.415318757568905,284,370,346
recovery_slow,0.05,10.0,0.15,14.420748490628618,283,371,346
recovery_slow,0.05,10.0,0.15,14.420946158799792,282,372,346
recovery_slow,0.05,10.0,0.15,14.428969943950943,281,373,346
recovery_slow,0.05,10.0,0.15,14.489595602931576,281,372,347
recovery_slow,0.05,10.0,0.15,14.491470559150379,281,371,348
recovery_slow,0.05,10.0,0.15,14.502863143194604,281,370,349
recovery_slow,0.05,10.0,0.15,14.50380977026223,281,369,350
recovery_slow,0.05,10.0,0.15,14.508846217265257,280,370,350
recovery_slow,0.05,10.0,0.15,14.519467562700115,279,371,350
recovery_slow,0.05,10.0,0.15,14.530782280449909,278,372,350
recovery_slow,0.05,10.0,0.15,14.555673193418205,277,373,350
recovery_slow,0.05,10.0,0.15,14.56120430010484,277,372,351
recovery_slow,0.05,10.0,0.15,14.56969653460822,276,373,351
recovery_slow,0.05,10.0,0.15,14.570569833432973,275,374,351
recovery_slow,0.05,10.0,0.15,14.596037208444402,274,375,351
recovery_slow,0.05,10.0,0.15,14.596609618295918,273,376,351
recovery_slow,0.05,10.0,0.15,14.60461708435874,273,375,352
recovery_slow,0.05,10.0,0.15,14.616894290770745,273,374,353
recovery_slow,0.05,10.0,0.15,14.619689351710853,273,373,354
recovery_slow,0.05,10.0,0.15,14.63574908598398,273,372,355
recovery_slow,0.05,10.0,0.15,14.657778933460541,273,371,356
recovery_slow,0.05,10.0,0.15,14.669278102814962,272,372,356
recovery_slow,0.05,10.0,0.15,14.675456604805378,271,373,356
recovery_slow,0.05,10.0,0.15,14.69852716917782,270,374,356
recovery_slow,0.05,10.0,0.15,14.709593383218403,270,373,357
recovery_slow,0.05,10.0,0.15,14.71826880165698,269,374,357
recovery_slow,0.05,10.0,0.15,14.719852646189794,269,373,358
recovery_slow,0.05,10.0,0.15,14.733183320054515,269,372,359
recovery_slow,0.05,10.0,0.15,14.73382931148691,269,371,360
recovery_slow,0.05,10.0,0.15,14.734737655092598,268,372,360
recovery_slow,0.05,10.0,0.15,14.751689179973448,267,373,360
recovery_slow,0.05,10.0,0.15,14.756100177212595,267,372,361
recovery_slow,0.05,10.0,0.15,14.770030615043233,267,371,362
recovery_slow,0.05,10.0,0.15,14.773199817125636,267,370,363
recovery_slow,0.05,10.0,0.15,14.790084806208707,267,369,364
recovery_slow,0.05,10.0,0.15,14.803142329878915,266,370,364
recovery_slow,0.05,10.0,0.15,14.81178620462937,266,369,365
recovery_slow,0.05,10.0,0.15,14.831837559611863,266,368,366
recovery_slow,0.05,10.0,0.15,14.867664493701012,265,369,366
recovery_slow,0.05,10.0,0.15,14.873860593807166,264,370,366
recovery_slow,0.05,10.0,0.15,14.874373522449414,264,369,367
recovery_slow,0.05,10.0,0.15,14.881908847719444,264,368,368
recovery_slow,0.05,10.0,0.15,14.88812597777033,263,369,368
recovery_slow,0.05,10.0,0.15,14.89083346459277,262,370,368
recovery_slow,0.05,10.0,0.15,14.91006859046467,261,371,368
recovery_slow,0.05,10.0,0.15,14.915819471621532,260,372,368
recovery_slow,0.05,10.0,0.15,14.944739569000793,260,371,369
recovery_slow,0.05,10.0,0.15,14.950754061383241,259,372,369
recovery_slow,0.05,10.0,0.15,14.95092527773247,258,373,369
recovery_slow,0.05,10.0,0.15,14.953238443853683,257,374,369
recovery_slow,0.05,10.0,0.15,14.953541327554763,257,373,370
recovery_slow,0.05,10.0,0.15,14.976267657690396,257,372,371
recovery_slow,0.05,10.0,0.15,14.978500499277688,256,373,371
recovery_slow,0.05,10.0,0.15,14.991387422700077,255,374,371
recovery_slow,0.05,10.0,0.15,15.007387351329958,255,373,372
recovery_slow,0.05,10.0,0.15,15.011483169056344,255,372,373
recovery_slow,0.05,10.0,0.15,15.016791849186095,255,371,374
recovery_slow,0.05,10.0,0.15,15.029091271856263,254,372,374
recovery_slow,0.05,10.0,0.15,15.044469385600037,253,373,374
recovery_slow,0.05,10.0,0.15,15.053010496416086,252,374,374
recovery_slow,0.05,10.0,0.15,15.07795363245299,251,375,374
recovery_slow,0.05,10.0,0.15,15.103590182820406,251,374,375
recovery_slow,0.05,10.0,0.15,15.111296530665998,251,373,376
recovery_slow,0.05,10.0,0.15,15.119508958132998,250,374,376
recovery_slow,0.05,10.0,0.15,15.122992775053467,250,373,377
recovery_slow,0.05,10.0,0.15,15.123783649917435,249,374,377
recovery_slow,0.05,10.0,0.15,15.126205440392383,249,373,378
recovery_slow,0.05,10.0,0.15,15.148061605502322,249,372,379
recovery_slow,0.05,10.0,0.15,15.158519474841015,249,371,380
recovery_slow,0.05,10.0,0.15,15.184639405539677,249,370,381
recovery_slow,0.05,10.0,0.15,15.212971758663127,248,371,381
recovery_slow,0.05,10.0,0.15,15.21689582009631,247,372,381
recovery_slow,0.05,10.0,0.15,15.226733380881267,247,371,382
recovery_slow,0.05,10.0,0.15,15.235952890985068,246,372,382
recovery_slow,0.05,10.0,0.15,15.23982894990855,246,371,383
recovery_slow,0.05,10.0,0.15,15.251192531860093,245,372,383
recovery_slow,0.05,10.0,0.15,15.256839434543146,245,371,384
recovery_slow,0.05,10.0,0.15,15.26329245383473,244,372,384
recovery_slow,0.05,10.0,0.15,15.267720488342157,243,373,384
recovery_slow,0.05,10.0,0.15,15.291071839792533,243,372,385
recovery_slow,0.05,10.0,0.15,15.292420204366023,242,373,385
recovery_slow,0.05,10.0,0.15,15.293643200987262,242,372,386
recovery_slow,0.05,10.0,0.15,15.301093122949732,241,373,386
recovery_slow,0.05,10.0,0.15,15.305006852691642,241,372,387
recovery_slow,0.05,10.0,0.15,15.308478929327805,241,371,388
recovery_slow,0.05,10.0,0.15,15.322058127316781,241,370,389
recovery_slow,0.05,10.0,0.15,15.335433538768129,241,369,390
recovery_slow,0.05,10.0,0.15,15.336699648744114,241,368,391
recovery_slow,0.05,10.0,0.15,15.370057718179833,240,369,391
recovery_slow,0.05,10.0,0.15,15.379081579350643,240,368,392
recovery_slow,0.05,10.0,0.15,15.3944215622074,240,367,393
recovery_slow,0.05,10.0,0.15,15.409927560790024,239,368,393
recovery_slow,0.05,10.0,0.15,15.410144536378107,238,369,393
recovery_slow,0.05,10.0,0.15,15.413015883016893,238,368,394
recovery_slow,0.05,10.0,0.15,15.415541193925685,238,367,395
recovery_slow,0.05,10.0,0.15,15.42428043457199,238,366,396
recovery_slow,0.05,10.0,0.15,15.434490110004067,238,365,397
recovery_slow,0.05,10.0,0.15,15.477060996042383,238,364,398
recovery_slow,0.05,10.0,0.15,15.48760765462231,237,365,398
recovery_slow,0.05,10.0,0.15,15.490750477836752,236,366,398
recovery_slow,0.05,10.0,0.15,15.506523864998787,235,367,398
recovery_slow,0.05,10.0,0.15,15.52037943909781,234,368,398
recovery_slow,0.05,10.0,0.15,15.523325702318909,233,369,398
recovery_slow,0.05,10.0,0.15,15.52877795529786,233,368,399
recovery_slow,0.05,10.0,0.15,15.5302004564255,232,369,399
recovery_slow,0.05,10.0,0.15,15.53507664577958,231,370,399
recovery_slow,0.05,10.0,0.15,15.541082536856143,230,371,399
recovery_slow,0.05,10.0,0.15,15.546304260220714,230,370,400
recovery_slow,0.05,10.0,0.15,15.579857306076564,230,369,401
recovery_slow,0.05,10.0,0.15,15.584891466169118,230,368,402
recovery_slow,0.05,10.0,0.15,15.591144056692,229,369,402
recovery_slow,0.05,10.0,0.15,15.595328513864255,228,370,402
recovery_slow,0.05,10.0,0.15,15.599082199229898,228,369,403
recovery_slow,0.05,10.0,0.15,15.624269809641048,228,368,404
recovery_slow,0.05,10.0,0.15,15.62910122750956,228,367,405
recovery_slow,0.05,10.0,0.15,15.635803141971653,227,368,405
recovery_slow,0.05,10.0,0.15,15.649112526536694,226,369,405
recovery_slow,0.05,10.0,0.15,15.64947016954392,225,370,405
recovery_slow,0.05,10.0,0.15,15.694615436447084,225,369,406
recovery_slow,0.05,10.0,0.15,15.69491338239283,224,370,406
recovery_slow,0.05,10.0,0.15,15.707016727440424,224,369,407
recovery_slow,0.05,10.0,0.15,15.710636311932417,224,368,408
recovery_slow,0.05,10.0,0.15,15.717028663339073,223,369,408
recovery_slow,0.05,10.0,0.15,15.718313289303707,223,368,409
recovery_slow,0.05,10.0,0.15,15.722623811488857,223,367,410
recovery_slow,0.05,10.0,0.15,15.72775321127027,222,368,410
recovery_slow,0.05,10.0,0.15,15.734991312000972,221,369,410
recovery_slow,0.05,10.0,0.15,15.749160580168365,220,370,410
recovery_slow,0.05,10.0,0.15,15.74987509796053,220,369,411
recovery_slow,0.05,10.0,0.15,15.772225996242106,219,370,411
recovery_slow,0.05,10.0,0.15,15.772758283051047,219,369,412
recovery_slow,0.05,10.0,0.15,15.77464144458801,219,368,413
recovery_slow,0.05,10.0,0.15,15.788419459408129,219,367,414
recovery_slow,0.05,10.0,0.15,15.791300917484794,218,368,414
recovery_slow,0.05,10.0,0.15,15.815122898874433,218,367,415
recovery_slow,0.05,10.0,0.15,15.834878274696454,218,366,416
recovery_slow,0.05,10.0,0.15,15.84449828082959,218,365,417
recovery_slow,0.05,10.0,0.15,15.858305189360598,217,366,417
recovery_slow,0.05,10.0,0.15,15.86594297589514,216,367,417
recovery_slow,0.05,10.0,0.15,15.883572007540963,216,366,418
recovery_slow,0.05,10.0,0.15,15.88548427668937,216,365,419
recovery_slow,0.05,10.0,0.15,15.89649244852788,216,364,420
recovery_slow,0.05,10.0,0.15,15.9076658743348,215,365,420
recovery_slow,0.05,10.0,0.15,15.918062749163042,215,364,421
recovery_slow,0.05,10.0,0.15,15.921811988343304,214,365,421
recovery_slow,0.05,10.0,0.15,15.922812172005315,213,366,421
recovery_slow,0.05,10.0,0.15,15.94413969049445,212,367,421
recovery_slow,0.05,10.0,0.15,15.944605427479019,212,366,422
recovery_slow,0.05,10.0,0.15,15.94818114897703,211,367,422
recovery_slow,0.05,10.0,0.15,15.977686825458893,210,368,422
recovery_slow,0.05,10.0,0.15,15.977764204334836,209,369,422
recovery_slow,0.05,10.0,0.15,15.987568374035638,209,368,423
recovery_slow,0.05,10.0,0.15,16.004329065290015,208,369,423
recovery_slow,0.05,10.0,0.15,16.0177997110956,208,368,424
recovery_slow,0.05,10.0,0.15,16.039039732610075,208,367,425
recovery_slow,0.05,10.0,0.15,16.053433572752898,208,366,426
recovery_slow,0.05,10.0,0.15,16.069243320105144,207,367,426
recovery_slow,0.05,10.0,0.15,16.097325844870372,207,366,427
recovery_slow,0.05,10.0,0.15,16.10024125533522,207,365,428
recovery_slow,0.05,10.0,0.15,16.107017756305712,206,366,428
recovery_slow,0.05,10.0,0.15,16.1121143316847,206,365,429
recovery_slow,0.05,10.0,0.15,16.118758575388803,206,364,430
recovery_slow,0.05,10.0,0.15,16.129189807104893,205,365,430
recovery_slow,0.05,10.0,0.15,16.144440478602583,204,366,430
recovery_slow,0.05,10.0,0.15,16.144528385336077,204,365,431
recovery_slow,0.05,10.0,0.15,16.153816674810113,203,366,431
recovery_slow,0.05,10.0,0.15,16.15899684272971,202,367,431
recovery_slow,0.05,10.0,0.15,16.16631414320436,202,366,432
recovery_slow,0.05,10.0,0.15,16.188982498151624,202,365,433
recovery_slow,0.05,10.0,0.15,16.203785574256806,202,364,434
recovery_slow,0.05,10.0,0.15,16.20752719975907,202,363,435
recovery_slow,0.05,10.0,0.15,16.218475080129807,202,362,436
recovery_slow,0.05,10.0,0.15,16.256620507688705,201,363,436
recovery_slow,0.05,10.0,0.15,16.271275613673133,200,364,436
recovery_slow,0.05,10.0,0.15,16.27355982392658,200,363,437
recovery_slow,0.05,10.0,0.15,16.31693995543827,200,362,438
recovery_slow,0.05,10.0,0.15,16.319775085546222,199,363,438
recovery_slow,0.05,10.0,0.15,16.3304971449789,199,362,439
recovery_slow,0.05,10.0,0.15,16.339900434191307,198,363,439
recovery_slow,0.05,10.0,0.15,16.347255968732572,197,364,439
recovery_slow,0.05,10.0,0.15,16.364549547273057,197,363,440
recovery_slow,0.05,10.0,0.15,16.374176426254675,197,362,441
recovery_slow,0.05,10.0,0.15,16.41467885929325,197,361,442
recovery_slow,0.05,10.0,0.15,16.42172603036032,197,360,443
recovery_slow,0.05,10.0,0.15,16.42191555557489,196,361,443
recovery_slow,0.05,10.0,0.15,16.44482556828957,196,360,444
recovery_slow,0.05,10.0,0.15,16.44724776360834,195,361,444
recovery_slow,0.05,10.0,0.15,16.461222429394823,195,360,445
recovery_slow,0.05,10.0,0.15,16.47739656267386,194,361,445
recovery_slow,0.05,10.0,0.15,16.488256417299816,193,362,445
recovery_slow,0.05,10.0,0.15,16.51174423650027,192,363,445
recovery_slow,0.05,10.0,0.15,16.51211207027589,192,362,446
recovery_slow,0.05,10.0,0.15,16.516578290823283,192,361,447
recovery_slow,0.05,10.0,0.15,16.532389673285635,192,360,448
recovery_slow,0.05,10.0,0.15,16.536507551220044,191,361,448
recovery_slow,0.05,10.0,0.15,16.544850372176356,190,362,448
recovery_slow,0.05,10.0,0.15,16.581446440405024,190,361,449
recovery_slow,0.05,10.0,0.15,16.597644712710103,190,360,450
recovery_slow,0.05,10.0,0.15,16.60751678948481,189,361,450
recovery_slow,0.05,10.0,0.15,16.62116334301759,188,362,450
recovery_slow,0.05,10.0,0.15,16.62339057253342,188,361,451
recovery_slow,0.05,10.0,0.15,16.62638917007763,188,360,452
recovery_slow,0.05,10.0,0.15,16.62824729418266,188,359,453
recovery_slow,0.05,10.0,0.15,16.636294290641324,188,358,454
recovery_slow,0.05,10.0,0.15,16.646621500600975,187,359,454
recovery_slow,0.05,10.0,0.15,16.652202736141398,187,358,455
recovery_slow,0.05,10.0,0.15,16.674687142207535,186,359,455
recovery_slow,0.05,10.0,0.15,16.702787442100384,185,360,455
recovery_slow,0.05,10.0,0.15,16.710622256653114,185,359,456
recovery_slow,0.05,10.0,0.15,16.713474567964354,185,358,457
recovery_slow,0.05,10.0,0.15,16.71502852665757,185,357,458
recovery_slow,0.05,10.0,0.15,16.71531193724318,185,356,459
recovery_slow,0.05,10.0,0.15,16.723438059804486,184,357,459
recovery_slow,0.05,10.0,0.15,16.72395609877573,184,356,460
recovery_slow,0.05,10.0,0.15,16.729513257253085,184,355,461
recovery_slow,0.05,10.0,0.15,16.75438506580152,183,356,461
recovery_slow,0.05,10.0,0.15,16.757596551124237,183,355,462
recovery_slow,0.05,10.0,0.15,16.809076244333276,183,354,463
recovery_slow,0.05,10.0,0.15,16.81342958613699,183,353,464
recovery_slow,0.05,10.0,0.15,16.819142698503036,183,352,465
recovery_slow,0.05,10.0,0.15,16.82234282281305,183,351,466
recovery_slow,0.05,10.0,0.15,16.827754776088554,183,350,467
recovery_slow,0.05,10.0,0.15,16.829933287549544,182,351,467
recovery_slow,0.05,10.0,0.15,16.8390450956434,182,350,468
recovery_slow,0.05,10.0,0.15,16.84390459382905,182,349,469
recovery_slow,0.05,10.0,0.15,16.844412287770332,182,348,470
recovery_slow,0.05,10.0,0.15,16.848215757410873,182,347,471
recovery_slow,0.05,10.0,0.15,16.852881423953647,181,348,471
recovery_slow,0.05,10.0,0.15,16.879395971832583,180,349,471
recovery_slow,0.05,10.0,0.15,16.89970618381177,180,348,472
recovery_slow,0.05,10.0,0.15,16.90495213863498,179,349,472
recovery_slow,0.05,10.0,0.15,16.914009504253514,179,348,473
recovery_slow,0.05,10.0,0.15,16.91681902539366,179,347,474
recovery_slow,0.05,10.0,0.15,16.928045354620647,179,346,475
recovery_slow,0.05,10.0,0.15,16.93000329991914,179,345,476
recovery_slow,0.05,10.0,0.15,16.940176464652282,178,346,476
recovery_slow,0.05,10.0,0.15,16.94310185066188,178,345,477
recovery_slow,0.05,10.0,0.15,16.944960936293896,177,346,477
recovery_slow,0.05,10.0,0.15,16.96487898188704,176,347,477
recovery_slow,0.05,10.0,0.15,16.97454536522616,175,348,477
recovery_slow,0.05,10.0,0.15,16.979885730726792,175,347,478
recovery_slow,0.05,10.0,0.15,16.985520607509386,175,346,479
recovery_slow,0.05,10.0,0.15,16.99867241262795,175,345,480
recovery_slow,0.05,10.0,0.15,17.002964888852986,174,346,480
recovery_slow,0.05,10.0,0.15,17.039316291634584,174,345,481
recovery_slow,0.05,10.0,0.15,17.041592580588674,173,346,481
recovery_slow,0.05,10.0,0.15,17.046231298726497,173,345,482
recovery_slow,0.05,10.0,0.15,17.04707899816863,173,344,483
recovery_slow,0.05,10.0,0.15,17.04952819038889,172,345,483
recovery_slow,0.05,10.0,0.15,17.053536266477728,171,346,483
recovery_slow,0.05,10.0,0.15,17.05754371818901,170,347,483
recovery_slow,0.05,10.0,0.15,17.07321370416273,170,346,484
recovery_slow,0.05,10.0,0.15,17.07821242753797,170,345,485
recovery_slow,0.05,10.0,0.15,17.079240571326142,170,344,486
recovery_slow,0.05,10.0,0.15,17.08589258164828,170,343,487
recovery_slow,0.05,10.0,0.15,17.096073977681566,170,342,488
recovery_slow,0.05,10.0,0.15,17.096864512677012,170,341,489
recovery_slow,0.05,10.0,0.15,17.099192171076215,170,340,490
recovery_slow,0.05,10.0,0.15,17.100981075623267,169,341,490
recovery_slow,0.05,10.0,0.15,17.111686890191233,169,340,491
recovery_slow,0.05,10.0,0.15,17.123818993217863,168,341,491
recovery_slow,0.05,10.0,0.15,17.14493626108354,168,340,492
recovery_slow,0.05,10.0,0.15,17.15242318864285,168,339,493
recovery_slow,0.05,10.0,0.15,17.15425899640129,167,340,493
recovery_slow,0.05,10.0,0.15,17.16497941773201,167,339,494
recovery_slow,0.05,10.0,0.15,17.16668852332432,166,340,494
recovery_slow,0.05,10.0,0.15,17.177628590856468,166,339,495
recovery_slow,0.05,10.0,0.15,17.18279206767573,166,338,496
recovery_slow,0.05,10.0,0.15,17.19386180552537,165,339,496
recovery_slow,0.05,10.0,0.15,17.207774227976145,165,338,497
recovery_slow,0.05,10.0,0.15,17.218877405799077,165,337,498
recovery_slow,0.05,10.0,0.15,17.22446385676578,165,336,499
recovery_slow,0.05,10.0,0.15,17.228680796725182,165,335,500
recovery_slow,0.05,10.0,0.15,17.301691454997947,165,334,501
recovery_slow,0.05,10.0,0.15,17.30441310650748,165,333,502
recovery_slow,0.05,10.0,0.15,17.31411613614807,165,332,503
recovery_slow,0.05,10.0,0.15,17.31423318189795,164,333,503
recovery_slow,0.05,10.0,0.15,17.318763422822332,163,334,503
recovery_slow,0.05,10.0,0.15,17.331898455584,163,333,504
recovery_slow,0.05,10.0,0.15,17.334743137820197,163,332,505
recovery_slow,0.05,10.0,0.15,17.352236857078868,162,333,505
recovery_slow,0.05,10.0,0.15,17.358201832287275,162,332,506
recovery_slow,0.05,10.0,0.15,17.386533241251392,162,331,507
recovery_slow,0.05,10.0,0.15,17.388168012138024,162,330,508
recovery_slow,0.05,10.0,0.15,17.400304294186277,162,329,509
recovery_slow,0.05,10.0,0.15,17.401768912378323,161,330,509
recovery_slow,0.05,10.0,0.15,17.4049067422762,161,329,510
recovery_slow,0.05,10.0,0.15,17.452029707343513,161,328,511
recovery_slow,0.05,10.0,0.15,17.456312313716882,161,327,512
recovery_slow,0.05,10.0,0.15,17.471294283740182,160,328,512
recovery_slow,0.05,10.0,0.15,17.472249960083595,160,327,513
recovery_slow,0.05,10.0,0.15,17.479248024218226,160,326,514
recovery_slow,0.05,10.0,0.15,17.480180976171308,159,327,514
recovery_slow,0.05,10.0,0.15,17.49459182055938,158,328,514
recovery_slow,0.05,10.0,0.15,17.516189826270466,157,329,514
recovery_slow,0.05,10.0,0.15,17.53599412218282,157,328,515
recovery_slow,0.05,10.0,0.15,17.549477236984135,156,329,515
recovery_slow,0.05,10.0,0.15,17.5816239387112,156,328,516
recovery_slow,0.05,10.0,0.15,17.603283367791217,156,327,517
recovery_slow,0.05,10.0,0.15,17.614470985823655,155,328,517
recovery_slow,0.05,10.0,0.15,17.617363256436388,155,327,518
recovery_slow,0.05,10.0,0.15,17.62744673389657,155,326,519
recovery_slow,0.05,10.0,0.15,17.67472819817486,155,325,520
recovery_slow,0.05,10.0,0.15,17.703182863060366,155,324,521
recovery_slow,0.05,10.0,0.15,17.718862435716556,154,325,521
recovery_slow,0.05,10.0,0.15,17.730987534880597,154,324,522
recovery_slow,0.05,10.0,0.15,17.74722498407821,153,325,522
recovery_slow,0.05,10.0,0.15,17.750344882250936,152,326,522
recovery_slow,0.05,10.0,0.15,17.759111260117987,152,325,523
recovery_slow,0.05,10.0,0.15,17.763308900191895,152,324,524
recovery_slow,0.05,10.0,0.15,17.77873068219051,151,325,524
recovery_slow,0.05,10.0,0.15,17.79514663041397,151,324,525
recovery_slow,0.05,10.0,0.15,17.83331804182172,151,323,526
recovery_slow,0.05,10.0,0.15,17.841157268347963,151,322,527
recovery_slow,0.05,10.0,0.15,17.847945178198234,150,323,527
recovery_slow,0.05,10.0,0.15,17.850131486113547,149,324,527
recovery_slow,0.05,10.0,0.15,17.854837310193343,149,323,528
recovery_slow,0.05,10.0,0.15,17.854994914857095,148,324,528
recovery_slow,0.05,10.0,0.15,17.864161473660026,148,323,529
recovery_slow,0.05,10.0,0.15,17.880463186768807,148,322,530
recovery_slow,0.05,10.0,0.15,17.881568183410312,148,321,531
recovery_slow,0.05,10.0,0.15,17.9145451418247,148,320,532
recovery_slow,0.05,10.0,0.15,17.936352132149153,148,319,533
recovery_slow,0.05,10.0,0.15,17.938844940241168,147,320,533
recovery_slow,0.05,10.0,0.15,17.948602478200286,147,319,534
recovery_slow,0.05,10.0,0.15,17.954665323557425,147,318,535
recovery_slow,0.05,10.0,0.15,17.961776162020296,147,317,536
recovery_slow,0.05,10.0,0.15,17.963522908195237,147,316,537
recovery_slow,0.05,10.0,0.15,17.99538558795164,147,315,538
recovery_slow,0.05,10.0,0.15,18.016280895485853,147,314,539
recovery_slow,0.05,10.0,0.15,18.019105670770504,147,313,540
recovery_slow,0.05,10.0,0.15,18.024899488726287,146,314,540
recovery_slow,0.05,10.0,0.15,18.026204740025427,145,315,540
recovery_slow,0.05,10.0,0.15,18.030935488032185,145,314,541
recovery_slow,0.05,10.0,0.15,18.050234192555358,145,313,542
recovery_slow,0.05,10.0,0.15,18.055620132546654,145,312,543
recovery_slow,0.05,10.0,0.15,18.05818152664645,145,311,544
recovery_slow,0.05,10.0,0.15,18.066055350086426,145,310,545
recovery_slow,0.05,10.0,0.15,18.071288762482,145,309,546
recovery_slow,0.05,10.0,0.15,18.09153614245671,144,310,546
recovery_slow,0.05,10.0,0.15,18.110031495062366,143,311,546
recovery_slow,0.05,10.0,0.15,18.11023221769549,142,312,546
recovery_slow,0.05,10.0,0.15,18.130879193572035,142,311,547
recovery_slow,0.05,10.0,0.15,18.1327498149011,141,312,547
recovery_slow,0.05,10.0,0.15,18.152082776470042,141,311,548
recovery_slow,0.05,10.0,0.15,18.16127458776755,141,310,549
recovery_slow,0.05,10.0,0.15,18.177339417470705,141,309,550
recovery_slow,0.05,10.0,0.15,18.183354814135587,141,308,551
recovery_slow,0.05,10.0,0.15,18.188595123791615,141,307,552
recovery_slow,0.05,10.0,0.15,18.203723009894592,140,308,552
recovery_slow,0.05,10.0,0.15,18.22606729746122,139,309,552
recovery_slow,0.05,10.0,0.15,18.238480042256246,139,308,553
recovery_slow,0.05,10.0,0.15,18.240382417293112,139,307,554
recovery_slow,0.05,10.0,0.15,18.287442108465026,138,308,554
recovery_slow,0.05,10.0,0.15,18.335538579681952,138,307,555
recovery_slow,0.05,10.0,0.15,18.337117040452245,138,306,556
recovery_slow,0.05,10.0,0.15,18.337314026100525,137,307,556
recovery_slow,0.05,10.0,0.15,18.337574658084854,137,306,557
recovery_slow,0.05,10.0,0.15,18.342780065280433,137,305,558
recovery_slow,0.05,10.0,0.15,18.358581233398656,137,304,559
recovery_slow,0.05,10.0,0.15,18.369784080330227,137,303,560
recovery_slow,0.05,10.0,0.15,18.372702329241708,137,302,561
recovery_slow,0.05,10.0,0.15,18.38040268623764,137,301,562
recovery_slow,0.05,10.0,0.15,18.383411669636082,137,300,563
recovery_slow,0.05,10.0,0.15,18.432503070541802,137,299,564
recovery_slow,0.05,10.0,0.15,18.456440882036812,137,298,565
recovery_slow,0.05,10.0,0.15,18.461857902916677,137,297,566
recovery_slow,0.05,10.0,0.15,18.471876013073476,137,296,567
recovery_slow,0.05,10.0,0.15,18.487225344031668,136,297,567
recovery_slow,0.05,10.0,0.15,18.527074803967857,136,296,568
recovery_slow,0.05,10.0,0.15,18.528277395928285,135,297,568
recovery_slow,0.05,10.0,0.15,18.54270926319813,135,296,569
recovery_slow,0.05,10.0,0.15,18.549031751651455,135,295,570
recovery_slow,0.05,10.0,0.15,18.55131569697955,134,296,570
recovery_slow,0.05,10.0,0.15,18.571369879271042,134,295,571
recovery_slow,0.05,10.0,0.15,18.651093492006602,134,294,572
recovery_slow,0.05,10.0,0.15,18.661844941238098,134,293,573
recovery_slow,0.05,10.0,0.15,18.668544787833536,133,294,573
recovery_slow,0.05,10.0,0.15,18.692472896516385,133,293,574
recovery_slow,0.05,10.0,0.15,18.70519230579988,133,292,575
recovery_slow,0.05,10.0,0.15,18.736636731218496,133,291,576
recovery_slow,0.05,10.0,0.15,18.737799510247985,133,290,577
recovery_slow,0.05,10.0,0.15,18.792899131082333,133,289,578
recovery_slow,0.05,10.0,0.15,18.8102997956657,133,288,579
recovery_slow,0.05,10.0,0.15,18.850030796704072,132,289,579
recovery_slow,0.05,10.0,0.15,18.85798793942579,131,290,579
recovery_slow,0.05,10.0,0.15,18.860656592621204,131,289,580
recovery_slow,0.05,10.0,0.15,18.889600630326836,131,288,581
recovery_slow,0.05,10.0,0.15,18.910858756136218,130,289,581
recovery_slow,0.05,10.0,0.15,18.9218493505087,130,288,582
recovery_slow,0.05,10.0,0.15,18.926007879649003,129,289,582
recovery_slow,0.05,10.0,0.15,18.928772047841427,129,288,583
recovery_slow,0.05,10.0,0.15,18.946518860655733,129,287,584
recovery_slow,0.05,10.0,0.15,18.96390036829493,129,286,585
recovery_slow,0.05,10.0,0.15,18.96561904854798,129,285,586
recovery_slow,0.05,10.0,0.15,18.97195268746666,129,284,587
recovery_slow,0.05,10.0,0.15,18.973635803299764,129,283,588
recovery_slow,0.05,10.0,0.15,18.979131853267518,129,282,589
recovery_slow,0.05,10.0,0.15,18.993313487123846,128,283,589
recovery_slow,0.05,10.0,0.15,18.994533973674713,128,282,590
recovery_slow,0.05,10.0,0.15,19.003621240590313,128,281,591
recovery_slow,0.05,10.0,0.15,19.017391257932758,127,282,591
recovery_slow,0.05,10.0,0.15,19.022199571747798,127,281,592
recovery_slow,0.05,10.0,0.15,19.052160644555304,127,280,593
recovery_slow,0.05,10.0,0.15,19.05376022981834,126,281,593
recovery_slow,0.05,10.0,0.15,19.123619111877854,125,282,593
recovery_slow,0.05,10.0,0.15,19.13932133276877,124,283,593
recovery_slow,0.05,10.0,0.15,19.147872229443134,123,284,593
recovery_slow,0.05,10.0,0.15,19.1672236907042,123,283,594
recovery_slow,0.05,10.0,0.15,19.17207808624197,123,282,595
recovery_slow,0.05,10.0,0.15,19.180340718355655,123,281,596
recovery_slow,0.05,10.0,0.15,19.200653909047094,123,280,597
recovery_slow,0.05,10.0,0.15,19.20634321071944,122,281,597
recovery_slow,0.05,10.0,0.15,19.21456251639515,122,280,598
recovery_slow,0.05,10.0,0.15,19.242842037435103,121,281,598
recovery_slow,0.05,10.0,0.15,19.246461160322962,121,280,599
recovery_slow,0.05,10.0,0.15,19.271627149167433,120,281,599
recovery_slow,0.05,10.0,0.15,19.272593011804922,119,282,599
recovery_slow,0.05,10.0,0.15,19.283601631485762,118,283,599
recovery_slow,0.05,10.0,0.15,19.293839031821292,118,282,600
recovery_slow,0.05,10.0,0.15,19.30419447655541,118,281,601
recovery_slow,0.05,10.0,0.15,19.311362776128323,117,282,601
recovery_slow,0.05,10.0,0.15,19.318061471913342,117,281,602
recovery_slow,0.05,10.0,0.15,19.31992845325443,116,282,602
recovery_slow,0.05,10.0,0.15,19.37762863816686,116,281,603
recovery_slow,0.05,10.0,0.15,19.384366141962868,116,280,604
recovery_slow,0.05,10.0,0.15,19.387322656882723,116,279,605
recovery_slow,0.05,10.0,0.15,19.395086861097614,116,278,606
recovery_slow,0.05,10.0,0.15,19.407940603840167,115,279,606
recovery_slow,0.05,10.0,0.15,19.456841730921212,115,278,607
recovery_slow,0.05,10.0,0.15,19.510186265224704,115,277,608
recovery_slow,0.05,10.0,0.15,19.513709072294738,114,278,608
recovery_slow,0.05,10.0,0.15,19.539401983428817,114,277,609
recovery_slow,0.05,10.0,0.15,19.562608563980614,113,278,609
recovery_slow,0.05,10.0,0.15,19.579726015770788,112,279,609
recovery_slow,0.05,10.0,0.15,19.581007917319106,112,278,610
recovery_slow,0.05,10.0,0.15,19.58599120274653,112,277,611
recovery_slow,0.05,10.0,0.15,19.646056508393787,112,276,612
recovery_slow,0.05,10.0,0.15,19.661105167631234,112,275,613
recovery_slow,0.05,10.0,0.15,19.671935617197843,111,276,613
recovery_slow,0.05,10.0,0.15,19.6797680186132,111,275,614
recovery_slow,0.05,10.0,0.15,19.68850017611414,110,276,614
recovery_slow,0.05,10.0,0.15,19.702537768732213,110,275,615
recovery_slow,0.05,10.0,0.15,19.733987316659615,110,274,616
recovery_slow,0.05,10.0,0.15,19.748107274180672,109,275,616
recovery_slow,0.05,10.0,0.15,19.751846109601903,109,274,617
recovery_slow,0.05,10.0,0.15,19.77696496960505,109,273,618
recovery_slow,0.05,10.0,0.15,19.80445272461335,109,272,619
recovery_slow,0.05,10.0,0.15,19.80912481061602,109,271,620
recovery_slow,0.05,10.0,0.15,19.85660468718603,108,272,620
recovery_slow,0.05,10.0,0.15,19.87488159852416,108,271,621
recovery_slow,0.05,10.0,0.15,19.88057382590039,108,270,622
recovery_slow,0.05,10.0,0.15,19.892423329932917,107,271,622
recovery_slow,0.05,10.0,0.15,19.897487644739016,107,270,623
recovery_slow,0.05,10.0,0.15,19.90159640539054,106,271,623
recovery_slow,0.05,10.0,0.15,19.923410542761644,106,270,624
recovery_slow,0.05,10.0,0.15,19.932136246698384,106,269,625
recovery_slow,0.05,10.0,0.15,19.935326063087015,106,268,626
recovery_slow,0.05,10.0,0.15,19.984802263850465,106,267,627
recovery_slow,0.05,10.0,0.15,20.028910102281834,105,268,627
recovery_slow,0.05,10.0,0.15,20.05959592122289,105,267,628
recovery_slow,0.05,10.0,0.15,20.074825309911642,105,266,629
recovery_slow,0.05,10.0,0.15,20.075214678297556,104,267,629
recovery_slow,0.05,10.0,0.15,20.079331972068022,103,268,629
recovery_slow,0.05,10.0,0.15,20.118772707185606,103,267,630
recovery_slow,0.05,10.0,0.15,20.158509331006442,102,268,630
recovery_slow,0.05,10.0,0.15,20.171840708250024,102,267,631
recovery_slow,0.05,10.0,0.15,20.18188923483055,102,266,632
recovery_slow,0.05,10.0,0.15,20.196153934888407,102,265,633
recovery_slow,0.05,10.0,0.15,20.200254831472392,102,264,634
recovery_slow,0.05,10.0,0.15,20.21375088209169,102,263,635
recovery_slow,0.05,10.0,0.15,20.24675163994717,101,264,635
recovery_slow,0.05,10.0,0.15,20.2732788436633,101,263,636
recovery_slow,0.05,10.0,0.15,20.294355937946744,100,264,636
recovery_slow,0.05,10.0,0.15,20.313957801454674,100,263,637
recovery_slow,0.05,10.0,0.15,20.341002008016964,99,264,637
recovery_slow,0.05,10.0,0.15,20.34794397946629,99,263,638
recovery_slow,0.05,10.0,0.15,20.34802287102801,98,264,638
recovery_slow,0.05,10.0,0.15,20.373968132444435,98,263,639
recovery_slow,0.05,10.0,0.15,20.375895852913725,98,262,640
recovery_slow,0.05,10.0,0.15,20.425857043560388,98,261,641
recovery_slow,0.05,10.0,0.15,20.445128745871315,98,260,642
recovery_slow,0.05,10.0,0.15,20.470197098972104,98,259,643
recovery_slow,0.05,10.0,0.15,20.47589492542353,98,258,644
recovery_slow,0.05,10.0,0.15,20.488295062021354,97,259,644
recovery_slow,0.05,10.0,0.15,20.492234418257468,97,258,645
recovery_slow,0.05,10.0,0.15,20.500158250365672,97,257,646
recovery_slow,0.05,10.0,0.15,20.52928265749859,97,256,647
recovery_slow,0.05,10.0,0.15,20.531480184058132,97,255,648
recovery_slow,0.05,10.0,0.15,20.583160065954846,96,256,648
recovery_slow,0.05,10.0,0.15,20.62303957371687,95,257,648
recovery_slow,0.05,10.0,0.15,20.663329477100195,95,256,649
recovery_slow,0.05,10.0,0.15,20.720611703679598,95,255,650
recovery_slow,0.05,10.0,0.15,20.758175911906996,95,254,651
recovery_slow,0.05,10.0,0.15,20.76704186064496,95,253,652
recovery_slow,0.05,10.0,0.15,20.831106007701607,95,252,653
recovery_slow,0.05,10.0,0.15,20.83604866300287,95,251,654
recovery_slow,0.05,10.0,0.15,20.84023117583962,95,250,655
recovery_slow,0.05,10.0,0.15,20.841546938864735,94,251,655
recovery_slow,0.05,10.0,0.15,20.862162531518074,94,250,656
recovery_slow,0.05,10.0,0.15,20.875752628191147,93,251,656
recovery_slow,0.05,10.0,0.15,20.876542730087156,93,250,657
recovery_slow,0.05,10.0,0.15,20.876808972758255,93,249,658
recovery_slow,0.05,10.0,0.15,20.90384248395503,92,250,658
recovery_slow,0.05,10.0,0.15,20.934881393799557,91,251,658
recovery_slow,0.05,10.0,0.15,20.93669882645514,91,250,659
recovery_slow,0.05,10.0,0.15,21.024543426406154,90,251,659
recovery_slow,0.05,10.0,0.15,21.02878246648674,90,250,660
recovery_slow,0.05,10.0,0.15,21.032012108679673,89,251,660
recovery_slow,0.05,10.0,0.15,21.073645856955643,89,250,661
recovery_slow,0.05,10.0,0.15,21.077530272814442,89,249,662
recovery_slow,0.05,10.0,0.15,21.08575193543016,88,250,662
recovery_slow,0.05,10.0,0.15,21.095106042152864,87,251,662
recovery_slow,0.05,10.0,0.15,21.10285446000174,87,250,663
recovery_slow,0.05,10.0,0.15,21.148156724179742,86,251,663
recovery_slow,0.05,10.0,0.15,21.154396457004978,85,252,663
recovery_slow,0.05,10.0,0.15,21.154774494258263,85,251,664
recovery_slow,0.05,10.0,0.15,21.15923735097849,85,250,665
recovery_slow,0.05,10.0,0.15,21.16123701393615,85,249,666
recovery_slow,0.05,10.0,0.15,21.18566858709571,85,248,667
recovery_slow,0.05,10.0,0.15,21.188578803154073,85,247,668
recovery_slow,0.05,10.0,0.15,21.207952015796295,84,248,668
recovery_slow,0.05,10.0,0.15,21.244204290663554,83,249,668
recovery_slow,0.05,10.0,0.15,21.314797772854316,83,248,669
recovery_slow,0.05,10.0,0.15,21.3190536963532,83,247,670
recovery_slow,0.05,10.0,0.15,21.32472544396491,83,246,671
recovery_slow,0.05,10.0,0.15,21.33286695598514,83,245,672
recovery_slow,0.05,10.0,0.15,21.336099604113375,83,244,673
recovery_slow,0.05,10.0,0.15,21.345143041881563,83,243,674
recovery_slow,0.05,10.0,0.15,21.34962407070782,83,242,675
recovery_slow,0.05,10.0,0.15,21.364294504336442,83,241,676
recovery_slow,0.05,10.0,0.15,21.365946929410285,83,240,677
recovery_slow,0.05,10.0,0.15,21.37279273796461,83,239,678
recovery_slow,0.05,10.0,0.15,21.391294753513026,83,238,679
recovery_slow,0.05,10.0,0.15,21.441547914038637,83,237,680
recovery_slow,0.05,10.0,0.15,21.466076306002503,83,236,681
recovery_slow,0.05,10.0,0.15,21.516109299195538,83,235,682
recovery_slow,0.05,10.0,0.15,21.5288135943078,83,234,683
recovery_slow,0.05,10.0,0.15,21.543750040734572,82,235,683
recovery_slow,0.05,10.0,0.15,21.628246530681754,82,234,684
recovery_slow,0.05,10.0,0.15,21.63908032007907,82,233,685
recovery_slow,0.05,10.0,0.15,21.644957825443086,82,232,686
recovery_slow,0.05,10.0,0.15,21.646946671112342,82,231,687
recovery_slow,0.05,10.0,0.15,21.65817816405699,81,232,687
recovery_slow,0.05,10.0,0.15,21.698749152118246,80,233,687
recovery_slow,0.05,10.0,0.15,21.751084343628186,79,234,687
recovery_slow,0.05,10.0,0.15,21.75376336507001,79,233,688
recovery_slow,0.05,10.0,0.15,21.766132498262625,79,232,689
recovery_slow,0.05,10.0,0.15,21.807366689010195,79,231,690
recovery_slow,0.05,10.0,0.15,21.818746545480504,78,232,690
recovery_slow,0.05,10.0,0.15,21.83285720227687,78,231,691
recovery_slow,0.05,10.0,0.15,21.85701936117022,77,232,691
recovery_slow,0.05,10.0,0.15,21.86172141281668,77,231,692
recovery_slow,0.05,10.0,0.15,21.906032865713563,77,230,693
recovery_slow,0.05,10.0,0.15,21.908582448468753,76,231,693
recovery_slow,0.05,10.0,0.15,21.914136882128126,76,230,694
recovery_slow,0.05,10.0,0.15,21.955917099102855,76,229,695
recovery_slow,0.05,10.0,0.15,21.972120738824994,76,228,696
recovery_slow,0.05,10.0,0.15,22.116078724568816,76,227,697
recovery_slow,0.05,10.0,0.15,22.134780173573,76,226,698
recovery_slow,0.05,10.0,0.15,22.14204066035802,76,225,699
recovery_slow,0.05,10.0,0.15,22.14709602007352,76,224,700
recovery_slow,0.05,10.0,0.15,22.15030981374309,76,223,701
recovery_slow,0.05,10.0,0.15,22.158156836110482,76,222,702
recovery_slow,0.05,10.0,0.15,22.175005279363763,76,221,703
recovery_slow,0.05,10.0,0.15,22.19383776425127,76,220,704
recovery_slow,0.05,10.0,0.15,22.23711633971087,76,219,705
recovery_slow,0.05,10.0,0.15,22.25909676355527,75,220,705
recovery_slow,0.05,10.0,0.15,22.286052178642883,75,219,706
recovery_slow,0.05,10.0,0.15,22.341208473470154,75,218,707
recovery_slow,0.05,10.0,0.15,22.354720152648817,75,217,708
recovery_slow,0.05,10.0,0.15,22.356489739186813,75,216,709
recovery_slow,0.05,10.0,0.15,22.38873077588475,75,215,710
recovery_slow,0.05,10.0,0.15,22.410978588899365,75,214,711
recovery_slow,0.05,10.0,0.15,22.43962307962988,75,213,712
recovery_slow,0.05,10.0,0.15,22.440231341048907,75,212,713
recovery_slow,0.05,10.0,0.15,22.47943354913118,75,211,714
recovery_slow,0.05,10.0,0.15,22.595220266627383,75,210,715
recovery_slow,0.05,10.0,0.15,22.597754206325572,75,209,716
recovery_slow,0.05,10.0,0.15,22.607546606409944,74,210,716
recovery_slow,0.05,10.0,0.15,22.62692780174084,74,209,717
recovery_slow,0.05,10.0,0.15,22.62735027773732,74,208,718
recovery_slow,0.05,10.0,0.15,22.70453257127035,74,207,719
recovery_slow,0.05,10.0,0.15,22.71034719927061,73,208,719
recovery_slow,0.05,10.0,0.15,22.716664908143926,73,207,720
recovery_slow,0.05,10.0,0.15,22.79240587340646,73,206,721
recovery_slow,0.05,10.0,0.15,22.802243119529745,73,205,722
recovery_slow,0.05,10.0,0.15,22.830026312085995,73,204,723
recovery_slow,0.05,10.0,0.15,22.85675316182358,73,203,724
recovery_slow,0.05,10.0,0.15,22.86169568236618,72,204,724
recovery_slow,0.05,10.0,0.15,22.861743658803896,72,203,725
recovery_slow,0.05,10.0,0.15,22.869181916107877,72,202,726
recovery_slow,0.05,10.0,0.15,22.873164351419668,72,201,727
recovery_slow,0.05,10.0,0.15,22.88526504831656,72,200,728
recovery_slow,0.05,10.0,0.15,23.009661303501176,71,201,728
recovery_slow,0.05,10.0,0.15,23.036279340231452,71,200,729
recovery_slow,0.05,10.0,0.15,23.0701209247253,70,201,729
recovery_slow,0.05,10.0,0.15,23.081780573486945,70,200,730
recovery_slow,0.05,10.0,0.15,23.155939037570903,69,201,730
recovery_slow,0.05,10.0,0.15,23.176278195340842,69,200,731
recovery_slow,0.05,10.0,0.15,23.248893064740393,69,199,732
recovery_slow,0.05,10.0,0.15,23.266716782723613,69,198,733
recovery_slow,0.05,10.0,0.15,23.328059508741056,69,197,734
recovery_slow,0.05,10.0,0.15,23.330241383111584,69,196,735
recovery_slow,0.05,10.0,0.15,23.330847579906028,69,195,736
recovery_slow,0.05,10.0,0.15,23.379067058084786,69,194,737
recovery_slow,0.05,10.0,0.15,23.4021201612934,69,193,738
recovery_slow,0.05,10.0,0.15,23.4667765199792,69,192,739
recovery_slow,0.05,10.0,0.15,23.497799237773943,68,193,739
recovery_slow,0.05,10.0,0.15,23.50503792520103,68,192,740
recovery_slow,0.05,10.0,0.15,23.524379514334093,68,191,741
recovery_slow,0.05,10.0,0.15,23.52529593472686,68,190,742
recovery_slow,0.05,10.0,0.15,23.552192875109075,68,189,743
recovery_slow,0.05,10.0,0.15,23.583446619970733,68,188,744
recovery_slow,0.05,10.0,0.15,23.60927581700981,68,187,745
recovery_slow,0.05,10.0,0.15,23.61875314634039,68,186,746
recovery_slow,0.05,10.0,0.15,23.61937262241208,67,187,746
recovery_slow,0.05,10.0,0.15,23.621241276748613,66,188,746
recovery_slow,0.05,10.0,0.15,23.66985979357309,66,187,747
recovery_slow,0.05,10.0,0.15,23.669989965312826,66,186,748
recovery_slow,0.05,10.0,0.15,23.705175057231834,66,185,749
recovery_slow,0.05,10.0,0.15,23.716749926703137,66,184,750
recovery_slow,0.05,10.0,0.15,23.773255494345502,65,185,750
recovery_slow,0.05,10.0,0.15,23.78804006494546,65,184,751
recovery_slow,0.05,10.0,0.15,23.813156803417744,65,183,752
recovery_slow,0.05,10.0,0.15,23.859315514245385,65,182,753
recovery_slow,0.05,10.0,0.15,23.870921503946587,64,183,753
recovery_slow,0.05,10.0,0.15,23.88123439785687,64,182,754
recovery_slow,0.05,10.0,0.15,23.914814568269115,64,181,755
recovery_slow,0.05,10.0,0.15,23.919732186586664,64,180,756
recovery_slow,0.05,10.0,0.15,23.930498509277925,64,179,757
recovery_slow,0.05,10.0,0.15,23.97364550091701,64,178,758
recovery_slow,0.05,10.0,0.15,23.979539898374608,64,177,759
recovery_slow,0.05,10.0,0.15,24.008238567000483,64,176,760
recovery_slow,0.05,10.0,0.15,24.023639321331814,64,175,761
recovery_slow,0.05,10.0,0.15,24.111914175836507,63,176,761
recovery_slow,0.05,10.0,0.15,24.130184790470793,63,175,762
recovery_slow,0.05,10.0,0.15,24.139616627171776,63,174,763
recovery_slow,0.05,10.0,0.15,24.191327088729714,63,173,764
recovery_slow,0.05,10.0,0.15,24.20373966398459,63,172,765
recovery_slow,0.05,10.0,0.15,24.249171093814184,63,171,766
recovery_slow,0.05,10.0,0.15,24.27609922076408,63,170,767
recovery_slow,0.05,10.0,0.15,24.354905050036948,63,169,768
recovery_slow,0.05,10.0,0.15,24.37684677425407,63,168,769
recovery_slow,0.05,10.0,0.15,24.442689958154663,62,169,769
recovery_slow,0.05,10.0,0.15,24.444422199380025,62,168,770
recovery_slow,0.05,10.0,0.15,24.545233817486313,62,167,771
recovery_slow,0.05,10.0,0.15,24.647969020292123,61,168,771
recovery_slow,0.05,10.0,0.15,24.71394142233194,61,167,772
recovery_slow,0.05,10.0,0.15,24.804708508385875,60,168,772
recovery_slow,0.05,10.0,0.15,24.85151579813438,60,167,773
recovery_slow,0.05,10.0,0.15,24.862346173366053,60,166,774
recovery_slow,0.05,10.0,0.15,24.930665663833203,59,167,774
recovery_slow,0.05,10.0,0.15,24.97914571918451,59,166,775
recovery_slow,0.05,10.0,0.15,24.981828194932444,59,165,776
recovery_slow,0.05,10.0,0.15,24.996353574330563,59,164,777
recovery_slow,0.05,10.0,0.15,25.022679876785677,59,163,778
recovery_slow,0.05,10.0,0.15,25.034359664088527,58,164,778
recovery_slow,0.05,10.0,0.15,25.050307772668813,57,165,778
recovery_slow,0.05,10.0,0.15,25.096419308548928,57,164,779
recovery_slow,0.05,10.0,0.15,25.136431996681004,57,163,780
recovery_slow,0.05,10.0,0.15,25.16156808661114,57,162,781
recovery_slow,0.05,10.0,0.15,25.16765027194645,57,161,782
recovery_slow,0.05,10.0,0.15,25.209725071989688,57,160,783
recovery_slow,0.05,10.0,0.15,25.222562556741313,57,159,784
recovery_slow,0.05,10.0,0.15,25.251952443350707,56,160,784
recovery_slow,0.05,10.0,0.15,25.334294636620363,56,159,785
recovery_slow,0.05,10.0,0.15,25.335352200307405,56,158,786
recovery_slow,0.05,10.0,0.15,25.341878494478774,56,157,787
recovery_slow,0.05,10.0,0.15,25.347695090935492,56,156,788
recovery_slow,0.05,10.0,0.15,25.4096153846994,56,155,789
recovery_slow,0.05,10.0,0.15,25.421638585800775,56,154,790
recovery_slow,0.05,10.0,0.15,25.438698380488244,55,155,790
recovery_slow,0.05,10.0,0.15,25.479024638849737,55,154,791
recovery_slow,0.05,10.0,0.15,25.49290841169782,55,153,792
recovery_slow,0.05,10.0,0.15,25.496492109575083,55,152,793
recovery_slow,0.05,10.0,0.15,25.530632704491744,55,151,794
recovery_slow,0.05,10.0,0.15,25.564616073852417,55,150,795
recovery_slow,0.05,10.0,0.15,25.626051108617062,55,149,796
recovery_slow,0.05,10.0,0.15,25.645275219913405,55,148,797
recovery_slow,0.05,10.0,0.15,25.660843435884182,55,147,798
recovery_slow,0.05,10.0,0.15,25.66617913429547,55,146,799
recovery_slow,0.05,10.0,0.15,25.710414186246553,55,145,800
recovery_slow,0.05,10.0,0.15,25.897476736230853,55,144,801
recovery_slow,0.05,10.0,0.15,26.06992059611654,55,143,802
recovery_slow,0.05,10.0,0.15,26.086176129758485,54,144,802
recovery_slow,0.05,10.0,0.15,26.117060935153933,54,143,803
recovery_slow,0.05,10.0,0.15,26.221956612489855,54,142,804
recovery_slow,0.05,10.0,0.15,26.22231629278236,54,141,805
recovery_slow,0.05,10.0,0.15,26.247116116784753,54,140,806
recovery_slow,0.05,10.0,0.15,26.32173760098933,54,139,807
recovery_slow,0.05,10.0,0.15,26.375565114702162,54,138,808
recovery_slow,0.05,10.0,0.15,26.40421930709136,54,137,809
recovery_slow,0.05,10.0,0.15,26.444063028865443,54,136,810
recovery_slow,0.05,10.0,0.15,26.471878395753087,54,135,811
recovery_slow,0.05,10.0,0.15,26.53255717076219,54,134,812
recovery_slow,0.05,10.0,0.15,26.58776351619818,54,133,813
recovery_slow,0.05,10.0,0.15,26.613906806622296,54,132,814
recovery_slow,0.05,10.0,0.15,26.8433649863952,54,131,815
recovery_slow,0.05,10.0,0.15,26.883548807900986,54,130,816
recovery_slow,0.05,10.0,0.15,27.00891419352631,54,129,817
recovery_slow,0.05,10.0,0.15,27.147100069595822,54,128,818
recovery_slow,0.05,10.0,0.15,27.164701525037913,54,127,819
recovery_slow,0.05,10.0,0.15,27.170216543180086,53,128,819
recovery_slow,0.05,10.0,0.15,27.209385152534068,52,129,819
recovery_slow,0.05,10.0,0.15,27.222270669845507,52,128,820
recovery_slow,0.05,10.0,0.15,27.329296014267804,52,127,821
recovery_slow,0.05,10.0,0.15,27.38631541021642,52,126,822
recovery_slow,0.05,10.0,0.15,27.38874009330393,51,127,822
recovery_slow,0.05,10.0,0.15,27.493440471047855,51,126,823
recovery_slow,0.05,10.0,0.15,27.54837089446217,50,127,823
recovery_slow,0.05,10.0,0.15,27.563084869641052,50,126,824
recovery_slow,0.05,10.0,0.15,27.65822443267974,50,125,825
recovery_slow,0.05,10.0,0.15,27.673729062615436,50,124,826
recovery_slow,0.05,10.0,0.15,27.77306204815849,50,123,827
recovery_slow,0.05,10.0,0.15,27.850624794973488,50,122,828
recovery_slow,0.05,10.0,0.15,27.86941366815801,50,121,829
recovery_slow,0.05,10.0,0.15,27.923848318754573,50,120,830
recovery_slow,0.05,10.0,0.15,27.93197581716738,49,121,830
recovery_slow,0.05,10.0,0.15,28.01258722836957,49,120,831
recovery_slow,0.05,10.0,0.15,28.02985371065022,48,121,831
recovery_slow,0.05,10.0,0.15,28.164380017019443,48,120,832
recovery_slow,0.05,10.0,0.15,28.168976226121707,48,119,833
recovery_slow,0.05,10.0,0.15,28.199864126684336,48,118,834
recovery_slow,0.05,10.0,0.15,28.219448838668487,48,117,835
recovery_slow,0.05,10.0,0.15,28.266830790965173,48,116,836
recovery_slow,0.05,10.0,0.15,28.300371805586884,48,115,837
recovery_slow,0.05,10.0,0.15,28.302717356432133,48,114,838
recovery_slow,0.05,10.0,0.15,28.304070898326295,47,115,838
recovery_slow,0.05,10.0,0.15,28.319511043598702,47,114,839
recovery_slow,0.05,10.0,0.15,28.383671450600026,47,113,840
recovery_slow,0.05,10.0,0.15,28.40068155340551,47,112,841
recovery_slow,0.05,10.0,0.15,28.452464094353456,47,111,842
recovery_slow,0.05,10.0,0.15,28.473723666092106,47,110,843
recovery_slow,0.05,10.0,0.15,28.602524250530596,47,109,844
recovery_slow,0.05,10.0,0.15,28.617354257333968,47,108,845
recovery_slow,0.05,10.0,0.15,28.86662792486086,46,109,845
recovery_slow,0.05,10.0,0.15,28.953467795674015,46,108,846
recovery_slow,0.05,10.0,0.15,29.004058668545298,46,107,847
recovery_slow,0.05,10.0,0.15,29.03922756604188,45,108,847
recovery_slow,0.05,10.0,0.15,29.11112639732051,45,107,848
recovery_slow,0.05,10.0,0.15,29.159939376929998,45,106,849
recovery_slow,0.05,10.0,0.15,29.224510353065934,45,105,850
recovery_slow,0.05,10.0,0.15,29.224796697151163,45,104,851
recovery_slow,0.05,10.0,0.15,29.317239498947316,45,103,852
recovery_slow,0.05,10.0,0.15,29.361306930981723,45,102,853
recovery_slow,0.05,10.0,0.15,29.415629561859284,45,101,854
recovery_slow,0.05,10.0,0.15,29.45849831339676,45,100,855
recovery_slow,0.05,10.0,0.15,29.510232302735165,45,99,856
recovery_slow,0.05,10.0,0.15,29.54758830636629,44,100,856
recovery_slow,0.05,10.0,0.15,29.652251108084023,44,99,857
recovery_slow,0.05,10.0,0.15,29.662110606184783,44,98,858
recovery_slow,0.05,10.0,0.15,29.68978426283654,44,97,859
recovery_slow,0.05,10.0,0.15,29.735491822155826,44,96,860
recovery_slow,0.05,10.0,0.15,29.765495773355372,44,95,861
recovery_slow,0.05,10.0,0.15,29.859271785475475,44,94,862
recovery_slow,0.05,10.0,0.15,29.86294267010681,44,93,863
recovery_slow,0.05,10.0,0.15,29.89080223350504,44,92,864
recovery_slow,0.05,10.0,0.15,29.906752606626366,44,91,865
recovery_slow,0.05,10.0,0.15,30.03598320941086,43,92,865
recovery_slow,0.05,10.0,0.15,30.1461749107878,43,91,866
recovery_slow,0.05,10.0,0.15,30.17838737764378,43,90,867
recovery_slow,0.05,10.0,0.15,30.349873567751914,43,89,868
recovery_slow,0.05,10.0,0.15,30.409200892854155,43,88,869
recovery_slow,0.05,10.0,0.15,30.50316879702449,43,87,870
recovery_slow,0.05,10.0,0.15,30.55053399216034,43,86,871
recovery_slow,0.05,10.0,0.15,30.57446943955423,43,85,872
recovery_slow,0.05,10.0,0.15,30.693102313790718,43,84,873
recovery_slow,0.05,10.0,0.15,30.70301308396504,43,83,874
recovery_slow,0.05,10.0,0.15,30.70969609242465,43,82,875
recovery_slow,0.05,10.0,0.15,30.75387649018664,43,81,876
recovery_slow,0.05,10.0,0.15,30.790322314645422,43,80,877
recovery_slow,0.05,10.0,0.15,30.797884473571727,43,79,878
recovery_slow,0.05,10.0,0.15,30.803775147178012,43,78,879
recovery_slow,0.05,10.0,0.15,31.0616258524647,43,77,880
recovery_slow,0.05,10.0,0.15,31.06490282531844,43,76,881
recovery_slow,0.05,10.0,0.15,31.08595821650883,43,75,882
recovery_slow,0.05,10.0,0.15,31.099667559515282,43,74,883
recovery_slow,0.05,10.0,0.15,31.171428471070328,43,73,884
recovery_slow,0.05,10.0,0.15,31.35915963483015,43,72,885
recovery_slow,0.05,10.0,0.15,31.421894852263627,43,71,886
recovery_slow,0.05,10.0,0.15,31.471807064895977,43,70,887
recovery_slow,0.05,10.0,0.15,31.633274690884658,43,69,888
recovery_slow,0.05,10.0,0.15,31.637579751941267,43,68,889
recovery_slow,0.05,10.0,0.15,31.77832293658647,43,67,890
recovery_slow,0.05,10.0,0.15,31.879843041459115,43,66,891
recovery_slow,0.05,10.0,0.15,31.98725166074987,43,65,892
recovery_slow,0.05,10.0,0.15,32.03546862695472,43,64,893
recovery_slow,0.05,10.0,0.15,32.10695696815402,43,63,894
recovery_slow,0.05,10.0,0.15,32.211173410896485,43,62,895
recovery_slow,0.05,10.0,0.15,32.252891457064074,43,61,896
recovery_slow,0.05,10.0,0.15,32.36863457790928,43,60,897
recovery_slow,0.05,10.0,0.15,32.373616203182365,43,59,898
recovery_slow,0.05,10.0,0.15,32.425830784074584,43,58,899
recovery_slow,0.05,10.0,0.15,32.568548060067734,43,57,900
recovery_slow,0.05,10.0,0.15,32.64287920836197,43,56,901
recovery_slow,0.05,10.0,0.15,32.70987170163553,43,55,902
recovery_slow,0.05,10.0,0.15,32.87824653491548,43,54,903
recovery_slow,0.05,10.0,0.15,33.0297134414241,43,53,904
recovery_slow,0.05,10.0,0.15,33.18058391735388,43,52,905
recovery_slow,0.05,10.0,0.15,33.49931164237125,43,51,906
recovery_slow,0.05,10.0,0.15,33.541267272404426,43,50,907
recovery_slow,0.05,10.0,0.15,33.55098319267215,43,49,908
recovery_slow,0.05,10.0,0.15,33.77819575756424,43,48,909
recovery_slow,0.05,10.0,0.15,33.78223993222329,42,49,909
recovery_slow,0.05,10.0,0.15,33.84939149304216,42,48,910
recovery_slow,0.05,10.0,0.15,34.005493478635806,42,47,911
recovery_slow,0.05,10.0,0.15,34.059922601102805,41,48,911
recovery_slow,0.05,10.0,0.15,34.13659384814018,41,47,912
recovery_slow,0.05,10.0,0.15,34.28875540015285,41,46,913
recovery_slow,0.05,10.0,0.15,34.38382249985238,41,45,914
recovery_slow,0.05,10.0,0.15,34.403274547045335,41,44,915
recovery_slow,0.05,10.0,0.15,34.51237577081851,41,43,916
recovery_slow,0.05,10.0,0.15,34.52958278041322,40,44,916
recovery_slow,0.05,10.0,0.15,34.952335148258705,40,43,917
recovery_slow,0.05,10.0,0.15,35.32941703144398,40,42,918
recovery_slow,0.05,10.0,0.15,35.440986240933405,39,43,918
recovery_slow,0.05,10.0,0.15,35.51314556446764,38,44,918
recovery_slow,0.05,10.0,0.15,35.610881751874444,37,45,918
recovery_slow,0.05,10.0,0.15,35.67667629514721,37,44,919
recovery_slow,0.05,10.0,0.15,36.010326447788344,37,43,920
recovery_slow,0.05,10.0,0.15,36.27296818782402,37,42,921
recovery_slow,0.05,10.0,0.15,36.37761136536932,37,41,922
recovery_slow,0.05,10.0,0.15,36.41751817251055,37,40,923
recovery_slow,0.05,10.0,0.15,36.509855805881564,37,39,924
recovery_slow,0.05,10.0,0.15,36.69514321173508,37,38,925
recovery_slow,0.05,10.0,0.15,36.704288677286996,37,37,926
recovery_slow,0.05,10.0,0.15,36.72803015949411,37,36,927
recovery_slow,0.05,10.0,0.15,36.83882181601743,37,35,928
recovery_slow,0.05,10.0,0.15,36.87161895232532,37,34,929
recovery_slow,0.05,10.0,0.15,36.944852917185806,37,33,930
recovery_slow,0.05,10.0,0.15,36.98586522397825,37,32,931
recovery_slow,0.05,10.0,0.15,37.623433885648296,37,31,932
recovery_slow,0.05,10.0,0.15,37.78844071920112,37,30,933
recovery_slow,0.05,10.0,0.15,37.96721012768798,37,29,934
recovery_slow,0.05,10.0,0.15,37.98716010025712,37,28,935
recovery_slow,0.05,10.0,0.15,38.05972997192306,37,27,936
recovery_slow,0.05,10.0,0.15,38.1985434936004,37,26,937
recovery_slow,0.05,10.0,0.15,38.712407845635035,37,25,938
recovery_slow,0.05,10.0,0.15,38.852850544262274,37,24,939
recovery_slow,0.05,10.0,0.15,39.5570736175202,37,23,940
recovery_slow,0.05,10.0,0.15,39.73544025394183,37,22,941
recovery_fast,0.05,10.0,0.35,0.0,990,10,0
recovery_fast,0.05,10.0,0.35,0.11085100734229908,989,11,0
recovery_fast,0.05,10.0,0.35,0.24958500520953122,988,12,0
recovery_fast,0.05,10.0,0.35,0.299098689206803,988,11,1
recovery_fast,0.05,10.0,0.35,0.3143924670464918,987,12,1
recovery_fast,0.05,10.0,0.35,0.32645767939751164,987,11,2
recovery_fast,0.05,10.0,0.35,0.5288745068573103,986,12,2
recovery_fast,0.05,10.0,0.35,0.6194828425624407,985,13,2
recovery_fast,0.05,10.0,0.35,0.6526043077094872,985,12,3
recovery_fast,0.05,10.0,0.35,0.6556709044911958,984,13,3
recovery_fast,0.05,10.0,0.35,0.806148786746428,983,14,3
recovery_fast,0.05,10.0,0.35,0.8599377053414836,983,13,4
recovery_fast,0.05,10.0,0.35,0.9344842501030433,983,12,5
recovery_fast,0.05,10.0,0.35,0.9963914782935634,982,13,5
recovery_fast,0.05,10.0,0.35,1.006383264480393,982,12,6
recovery_fast,0.05,10.0,0.35,1.0090938228225808,982,11,7
recovery_fast,0.05,10.0,0.35,1.1723065636183718,981,12,7
recovery_fast,0.05,10.0,0.35,1.2258702361114475,981,11,8
recovery_fast,0.05,10.0,0.35,1.2353956558688552,981,10,9
recovery_fast,0.05,10.0,0.35,1.3600068796993579,980,11,9
recovery_fast,0.05,10.0,0.35,1.3777902176214494,979,12,9
recovery_fast,0.05,10.0,0.35,1.4478754903360427,978,13,9
recovery_fast,0.05,10.0,0.35,1.6307867288934499,977,14,9
recovery_fast,0.05,10.0,0.35,1.641438842555968,977,13,10
recovery_fast,0.05,10.0,0.35,1.8332500209718003,977,12,11
recovery_fast,0.05,10.0,0.35,1.8478470059728849,976,13,11
recovery_fast,0.05,10.0,0.35,1.9058038592802942,975,14,11
recovery_fast,0.05,10.0,0.35,1.9186859208828915,975,13,12
recovery_fast,0.05,10.0,0.35,1.9193943188071931,974,14,12
recovery_fast,0.05,10.0,0.35,1.9345515496664631,973,15,12
recovery_fast,0.05,10.0,0.35,1.9768012124179355,973,14,13
recovery_fast,0.05,10.0,0.35,1.9807222541518499,973,13,14
recovery_fast,0.05,10.0,0.35,2.0789682745353306,972,14,14
recovery_fast,0.05,10.0,0.35,2.1978453104916085,972,13,15
recovery_fast,0.05,10.0,0.35,2.31571382550528,971,14,15
recovery_fast,0.05,10.0,0.35,2.328028265529567,971,13,16
recovery_fast,0.05,10.0,0.35,2.341590904867998,970,14,16
recovery_fast,0.05,10.0,0.35,2.3889344527721006,970,13,17
recovery_fast,0.05,10.0,0.35,2.4392168162679106,969,14,17
recovery_fast,0.05,10.0,0.35,2.6001502550276507,968,15,17
recovery_fast,0.05,10.0,0.35,2.748283789049446,968,14,18
recovery_fast,0.05,10.0,0.35,2.8588402599930256,967,15,18
recovery_fast,0.05,10.0,0.35,2.892618612445147,967,14,19
recovery_fast,0.05,10.0,0.35,3.026992357397278,966,15,19
recovery_fast,0.05,10.0,0.35,3.1506894696993077,965,16,19
recovery_fast,0.05,10.0,0.35,3.345071663971858,964,17,19
recovery_fast,0.05,10.0,0.35,3.3936726386416267,963,18,19
recovery_fast,0.05,10.0,0.35,3.41239578363786,962,19,19
recovery_fast,0.05,10.0,0.35,3.4436486585133315,962,18,20
recovery_fast,0.05,10.0,0.35,3.456077531533176,962,17,21
recovery_fast,0.05,10.0,0.35,3.465470369410848,961,18,21
recovery_fast,0.05,10.0,0.35,3.5544034852165254,961,17,22
recovery_fast,0.05,10.0,0.35,3.643965883749811,960,18,22
recovery_fast,0.05,10.0,0.35,3.696414139813289,960,17,23
recovery_fast,0.05,10.0,0.35,3.9394995325814928,959,18,23
recovery_fast,0.05,10.0,0.35,4.001333492327992,959,17,24
recovery_fast,0.05,10.0,0.35,4.060479275144072,959,16,25
recovery_fast,0.05,10.0,0.35,4.079132054027143,959,15,26
recovery_fast,0.05,10.0,0.35,4.15107248154406,958,16,26
recovery_fast,0.05,10.0,0.35,4.185933783958929,957,17,26
recovery_fast,0.05,10.0,0.35,4.264152338372191,957,16,27
recovery_fast,0.05,10.0,0.35,4.514047507106215,956,17,27
recovery_fast,0.05,10.0,0.35,4.5734090183642095,955,18,27
recovery_fast,0.05,10.0,0.35,4.662514636034992,955,17,28
recovery_fast,0.05,10.0,0.35,4.729814791644118,955,16,29
recovery_fast,0.05,10.0,0.35,4.731452816679307,954,17,29
recovery_fast,0.05,10.0,0.35,4.837222261890846,953,18,29
recovery_fast,0.05,10.0,0.35,4.8742069100662055,953,17,30
recovery_fast,0.05,10.0,0.35,4.979548828363604,952,18,30
recovery_fast,0.05,10.0,0.35,4.985622565575518,951,19,30
recovery_fast,0.05,10.0,0.35,5.163116608234701,950,20,30
recovery_fast,0.05,10.0,0.35,5.203221151895752,950,19,31
recovery_fast,0.05,10.0,0.35,5.227744008876969,949,20,31
recovery_fast,0.05,10.0,0.35,5.251230836524507,948,21,31
recovery_fast,0.05,10.0,0.35,5.2579987194463005,947,22,31
recovery_fast,0.05,10.0,0.35,5.264312626494036,947,21,32
recovery_fast,0.05,10.0,0.35,5.3050561841270705,947,20,33
recovery_fast,0.05,10.0,0.35,5.358950722763902,946,21,33
recovery_fast,0.05,10.0,0.35,5.399329213827492,945,22,33
recovery_fast,0.05,10.0,0.35,5.415904046258791,944,23,33
recovery_fast,0.05,10.0,0.35,5.515762943196426,944,22,34
recovery_fast,0.05,10.0,0.35,5.596975231315292,943,23,34
recovery_fast,0.05,10.0,0.35,5.63627887636473,942,24,34
recovery_fast,0.05,10.0,0.35,5.670771012077251,941,25,34
recovery_fast,0.05,10.0,0.35,5.672926691207315,940,26,34
recovery_fast,0.05,10.0,0.35,5.675266215125241,940,25,35
recovery_fast,0.05,10.0,0.35,5.699051107090216,939,26,35
recovery_fast,0.05,10.0,0.35,5.733972845679291,938,27,35
recovery_fast,0.05,10.0,0.35,5.864869950370888,937,28,35
recovery_fast,0.05,10.0,0.35,5.885290885869907,937,27,36
recovery_fast,0.05,10.0,0.35,6.0193862290357,936,28,36
recovery_fast,0.05,10.0,0.35,6.04070598119727,936,27,37
recovery_fast,0.05,10.0,0.35,6.153001009214219,936,26,38
recovery_fast,0.05,10.0,0.35,6.15845628876116,936,25,39
recovery_fast,0.05,10.0,0.35,6.160526760296783,936,24,40
recovery_fast,0.05,10.0,0.35,6.180926704548011,935,25,40
recovery_fast,0.05,10.0,0.35,6.210613068274841,934,26,40
recovery_fast,0.05,10.0,0.35,6.347941647373418,933,27,40
recovery_fast,0.05,10.0,0.35,6.439456056674107,932,28,40
recovery_fast,0.05,10.0,0.35,6.52377222942008,932,27,41
recovery_fast,0.05,10.0,0.35,6.555802039699491,931,28,41
recovery_fast,0.05,10.0,0.35,6.583974859747812,931,27,42
recovery_fast,0.05,10.0,0.35,6.611697601808564,931,26,43
recovery_fast,0.05,10.0,0.35,6.681785790638723,930,27,43
recovery_fast,0.05,10.0,0.35,6.7121788275983425,929,28,43
recovery_fast,0.05,10.0,0.35,6.802111197735047,929,27,44
recovery_fast,0.05,10.0,0.35,6.808001334000649,929,26,45
recovery_fast,0.05,10.0,0.35,6.899625823547297,928,27,45
recovery_fast,0.05,10.0,0.35,6.96457268566113,927,28,45
recovery_fast,0.05,10.0,0.35,7.032445000624476,926,29,45
recovery_fast,0.05,10.0,0.35,7.051894900034791,926,28,46
recovery_fast,0.05,10.0,0.35,7.1354640549374855,925,29,46
recovery_fast,0.05,10.0,0.35,7.160327532278073,925,28,47
recovery_fast,0.05,10.0,0.35,7.262568349516058,924,29,47
recovery_fast,0.05,10.0,0.35,7.4321489080949155,923,30,47
recovery_fast,0.05,10.0,0.35,7.568000004191049,923,29,48
recovery_fast,0.05,10.0,0.35,7.59976223822337,922,30,48
recovery_fast,0.05,10.0,0.35,7.698694595568871,921,31,48
recovery_fast,0.05,10.0,0.35,7.852663200961638,920,32,48
recovery_fast,0.05,10.0,0.35,7.891622187048995,920,31,49
recovery_fast,0.05,10.0,0.35,7.90005076546842,919,32,49
recovery_fast,0.05,10.0,0.35,7.931306818509309,919,31,50
recovery_fast,0.05,10.0,0.35,7.948412474090395,918,32,50
recovery_fast,0.05,10.0,0.35,7.958337362848668,918,31,51
recovery_fast,0.05,10.0,0.35,8.012409515716769,918,30,52
recovery_fast,0.05,10.0,0.35,8.028519695910434,917,31,52
recovery_fast,0.05,10.0,0.35,8.03473748663906,916,32,52
recovery_fast,0.05,10.0,0.35,8.055375377582665,915,33,52
recovery_fast,0.05,10.0,0.35,8.118975660726631,914,34,52
recovery_fast,0.05,10.0,0.35,8.167682157305462,914,33,53
recovery_fast,0.05,10.0,0.35,8.260648576324451,913,34,53
recovery_fast,0.05,10.0,0.35,8.273638881240075,912,35,53
recovery_fast,0.05,10.0,0.35,8.310896406005375,911,36,53
recovery_fast,0.05,10.0,0.35,8.423645742960158,911,35,54
recovery_fast,0.05,10.0,0.35,8.448821289512985,910,36,54
recovery_fast,0.05,10.0,0.35,8.457176413751174,910,35,55
recovery_fast,0.05,10.0,0.35,8.462647826199476,910,34,56
recovery_fast,0.05,10.0,0.35,8.483735381279168,909,35,56
recovery_fast,0.05,10.0,0.35,8.495104232712322,908,36,56
recovery_fast,0.05,10.0,0.35,8.520540676307286,908,35,57
recovery_fast,0.05,10.0,0.35,8.539192547192833,907,36,57
recovery_fast,0.05,10.0,0.35,8.717754951532207,907,35,58
recovery_fast,0.05,10.0,0.35,8.71875002566926,906,36,58
recovery_fast,0.05,10.0,0.35,8.76043613745971,906,35,59
recovery_fast,0.05,10.0,0.35,8.810842394827768,906,34,60
recovery_fast,0.05,10.0,0.35,8.845864112146382,905,35,60
recovery_fast,0.05,10.0,0.35,8.859320087903434,904,36,60
recovery_fast,0.05,10.0,0.35,8.9021527569403,904,35,61
recovery_fast,0.05,10.0,0.35,8.951994471008874,903,36,61
recovery_fast,0.05,10.0,0.35,8.980734680582302,902,37,61
recovery_fast,0.05,10.0,0.35,8.988431055822527,902,36,62
recovery_fast,0.05,10.0,0.35,8.996141076267737,902,35,63
recovery_fast,0.05,10.0,0.35,9.149618926574927,902,34,64
recovery_fast,0.05,10.0,0.35,9.15582281630474,902,33,65
recovery_fast,0.05,10.0,0.35,9.16007663647037,901,34,65
recovery_fast,0.05,10.0,0.35,9.160469856585548,900,35,65
recovery_fast,0.05,10.0,0.35,9.203379244963822,899,36,65
recovery_fast,0.05,10.0,0.35,9.233310873385799,898,37,65
recovery_fast,0.05,10.0,0.35,9.2993120968173,898,36,66
recovery_fast,0.05,10.0,0.35,9.320031107521537,897,37,66
recovery_fast,0.05,10.0,0.35,9.46410446943681,896,38,66
recovery_fast,0.05,10.0,0.35,9.489201169770608,895,39,66
recovery_fast,0.05,10.0,0.35,9.498629663053412,894,40,66
recovery_fast,0.05,10.0,0.35,9.524425350655152,893,41,66
recovery_fast,0.05,10.0,0.35,9.554286993347683,893,40,67
recovery_fast,0.05,10.0,0.35,9.557140542607288,892,41,67
recovery_fast,0.05,10.0,0.35,9.560025017528899,891,42,67
recovery_fast,0.05,10.0,0.35,9.569582706475519,891,41,68
recovery_fast,0.05,10.0,0.35,9.577748823178277,890,42,68
recovery_fast,0.05,10.0,0.35,9.612692759403098,889,43,68
recovery_fast,0.05,10.0,0.35,9.619561886155564,889,42,69
recovery_fast,0.05,10.0,0.35,9.637315953543535,888,43,69
recovery_fast,0.05,10.0,0.35,9.642513747259805,888,42,70
recovery_fast,0.05,10.0,0.35,9.643161006246478,888,41,71
recovery_fast,0.05,10.0,0.35,9.663272018682015,888,40,72
recovery_fast,0.05,10.0,0.35,9.676699968212109,887,41,72
recovery_fast,0.05,10.0,0.35,9.713450270473347,887,40,73
recovery_fast,0.05,10.0,0.35,9.735945850851653,887,39,74
recovery_fast,0.05,10.0,0.35,9.78829216292262,887,38,75
recovery_fast,0.05,10.0,0.35,9.797358921099596,887,37,76
recovery_fast,0.05,10.0,0.35,9.830574520868756,887,36,77
recovery_fast,0.05,10.0,0.35,9.9219315309197,886,37,77
recovery_fast,0.05,10.0,0.35,9.96767791528406,885,38,77
recovery_fast,0.05,10.0,0.35,9.971884153544007,884,39,77
recovery_fast,0.05,10.0,0.35,10.055714274726466,883,40,77
recovery_fast,0.05,10.0,0.35,10.093807509806323,883,39,78
recovery_fast,0.05,10.0,0.35,10.119885720662515,882,40,78
recovery_fast,0.05,10.0,0.35,10.173078759210998,882,39,79
recovery_fast,0.05,10.0,0.35,10.175936789827253,881,40,79
recovery_fast,0.05,10.0,0.35,10.210737004526145,880,41,79
recovery_fast,0.05,10.0,0.35,10.233237593378446,880,40,80
recovery_fast,0.05,10.0,0.35,10.280761008306023,879,41,80
recovery_fast,0.05,10.0,0.35,10.336861737395344,878,42,80
recovery_fast,0.05,10.0,0.35,10.345464072787985,877,43,80
recovery_fast,0.05,10.0,0.35,10.360624840873923,876,44,80
recovery_fast,0.05,10.0,0.35,10.384827364086746,875,45,80
recovery_fast,0.05,10.0,0.35,10.404727945116653,875,44,81
recovery_fast,0.05,10.0,0.35,10.440752137740763,874,45,81
recovery_fast,0.05,10.0,0.35,10.444050215412325,873,46,81
recovery_fast,0.05,10.0,0.35,10.475758339966255,872,47,81
recovery_fast,0.05,10.0,0.35,10.485649297181356,872,46,82
recovery_fast,0.05,10.0,0.35,10.499482822189814,871,47,82
recovery_fast,0.05,10.0,0.35,10.503221424606458,871,46,83
recovery_fast,0.05,10.0,0.35,10.510001560105898,871,45,84
recovery_fast,0.05,10.0,0.35,10.586365465621416,870,46,84
recovery_fast,0.05,10.0,0.35,10.626099828272615,870,45,85
recovery_fast,0.05,10.0,0.35,10.643563299531122,870,44,86
recovery_fast,0.05,10.0,0.35,10.673551520348322,869,45,86
recovery_fast,0.05,10.0,0.35,10.717327667537365,868,46,86
recovery_fast,0.05,10.0,0.35,10.720070389850253,867,47,86
recovery_fast,0.05,10.0,0.35,10.75648515607955,866,48,86
recovery_fast,0.05,10.0,0.35,10.777111396334323,865,49,86
recovery_fast,0.05,10.0,0.35,10.790607724990375,864,50,86
recovery_fast,0.05,10.0,0.35,10.808812969498351,864,49,87
recovery_fast,0.05,10.0,0.35,10.816032735704326,863,50,87
recovery_fast,0.05,10.0,0.35,10.82870486400528,862,51,87
recovery_fast,0.05,10.0,0.35,10.843587109057113,861,52,87
recovery_fast,0.05,10.0,0.35,10.876739461848555,860,53,87
recovery_fast,0.05,10.0,0.35,10.876847970080728,860,52,88
recovery_fast,0.05,10.0,0.35,10.885226646124387,859,53,88
recovery_fast,0.05,10.0,0.35,10.889926410933644,858,54,88
recovery_fast,0.05,10.0,0.35,10.901714018133317,857,55,88
recovery_fast,0.05,10.0,0.35,10.918158581115632,857,54,89
recovery_fast,0.05,10.0,0.35,10.941209280675881,856,55,89
recovery_fast,0.05,10.0,0.35,10.948251953778474,856,54,90
recovery_fast,0.05,10.0,0.35,10.96718835139818,855,55,90
recovery_fast,0.05,10.0,0.35,11.089117287189096,854,56,90
recovery_fast,0.05,10.0,0.35,11.096224646317847,853,57,90
recovery_fast,0.05,10.0,0.35,11.115008463560882,852,58,90
recovery_fast,0.05,10.0,0.35,11.203958594861081,852,57,91
recovery_fast,0.05,10.0,0.35,11.217847545642512,852,56,92
recovery_fast,0.05,10.0,0.35,11.222882824281504,852,55,93
recovery_fast,0.05,10.0,0.35,11.224981292585923,852,54,94
recovery_fast,0.05,10.0,0.35,11.239605076912992,851,55,94
recovery_fast,0.05,10.0,0.35,11.246012811308457,851,54,95
recovery_fast,0.05,10.0,0.35,11.257292622040644,851,53,96
recovery_fast,0.05,10.0,0.35,11.385971504186715,851,52,97
recovery_fast,0.05,10.0,0.35,11.421958357920577,851,51,98
recovery_fast,0.05,10.0,0.35,11.461521215661799,851,50,99
recovery_fast,0.05,10.0,0.35,11.48517970677913,851,49,100
recovery_fast,0.05,10.0,0.35,11.497956198033005,851,48,101
recovery_fast,0.05,10.0,0.35,11.510886194662593,850,49,101
recovery_fast,0.05,10.0,0.35,11.572232859236486,850,48,102
recovery_fast,0.05,10.0,0.35,11.58055617196436,849,49,102
recovery_fast,0.05,10.0,0.35,11.588645006567887,849,48,103
recovery_fast,0.05,10.0,0.35,11.62145254885644,849,47,104
recovery_fast,0.05,10.0,0.35,11.638497570482425,849,46,105
recovery_fast,0.05,10.0,0.35,11.643439602015057,849,45,106
recovery_fast,0.05,10.0,0.35,11.656044491876065,848,46,106
recovery_fast,0.05,10.0,0.35,11.6580004079838,847,47,106
recovery_fast,0.05,10.0,0.35,11.682226801970991,847,46,107
recovery_fast,0.05,10.0,0.35,11.723003192776833,846,47,107
recovery_fast,0.05,10.0,0.35,11.83322754243832,846,46,108
recovery_fast,0.05,10.0,0.35,11.934315719733434,845,47,108
recovery_fast,0.05,10.0,0.35,11.939020611203578,844,48,108
recovery_fast,0.05,10.0,0.35,11.942028892852747,844,47,109
recovery_fast,0.05,10.0,0.35,11.947686691417946,843,48,109
recovery_fast,0.05,10.0,0.35,11.95935543847401,842,49,109
recovery_fast,0.05,10.0,0.35,11.992670043724376,842,48,110
recovery_fast,0.05,10.0,0.35,12.014955061391692,841,49,110
recovery_fast,0.05,10.0,0.35,12.017534326851028,840,50,110
recovery_fast,0.05,10.0,0.35,12.02083182673141,839,51,110
recovery_fast,0.05,10.0,0.35,12.056176825157578,838,52,110
recovery_fast,0.05,10.0,0.35,12.086439446422407,837,53,110
recovery_fast,0.05,10.0,0.35,12.155254946609821,837,52,111
recovery_fast,0.05,10.0,0.35,12.226299443773826,837,51,112
recovery_fast,0.05,10.0,0.35,12.272133853468183,837,50,113
recovery_fast,0.05,10.0,0.35,12.29071790383652,836,51,113
recovery_fast,0.05,10.0,0.35,12.300056150037456,836,50,114
recovery_fast,0.05,10.0,0.35,12.338044736590682,835,51,114
recovery_fast,0.05,10.0,0.35,12.359732647943517,835,50,115
recovery_fast,0.05,10.0,0.35,12.370728809267137,834,51,115
recovery_fast,0.05,10.0,0.35,12.414416884350532,834,50,116
recovery_fast,0.05,10.0,0.35,12.428291127982117,833,51,116
recovery_fast,0.05,10.0,0.35,12.470206802624205,833,50,117
recovery_fast,0.05,10.0,0.35,12.491949090367983,832,51,117
recovery_fast,0.05,10.0,0.35,12.560038465396271,831,52,117
recovery_fast,0.05,10.0,0.35,12.576190214389632,830,53,117
recovery_fast,0.05,10.0,0.35,12.59132956503289,830,52,118
recovery_fast,0.05,10.0,0.35,12.607866109244803,829,53,118
recovery_fast,0.05,10.0,0.35,12.614575883955254,829,52,119
recovery_fast,0.05,10.0,0.35,12.62909646452327,828,53,119
recovery_fast,0.05,10.0,0.35,12.680425470756365,827,54,119
recovery_fast,0.05,10.0,0.35,12.722274536557599,826,55,119
recovery_fast,0.05,10.0,0.35,12.730571092436374,825,56,119
recovery_fast,0.05,10.0,0.35,12.765846701578136,824,57,119
recovery_fast,0.05,10.0,0.35,12.823764919718021,823,58,119
recovery_fast,0.05,10.0,0.35,12.86114461031333,822,59,119
recovery_fast,0.05,10.0,0.35,12.919164254409857,821,60,119
recovery_fast,0.05,10.0,0.35,12.920166017191363,821,59,120
recovery_fast,0.05,10.0,0.35,12.929800973260454,821,58,121
recovery_fast,0.05,10.0,0.35,12.964160912160043,820,59,121
recovery_fast,0.05,10.0,0.35,12.968926930746457,819,60,121
recovery_fast,0.05,10.0,0.35,12.995830337421474,818,61,121
recovery_fast,0.05,10.0,0.35,13.005584948303888,817,62,121
recovery_fast,0.05,10.0,0.35,13.010626814997218,817,61,122
recovery_fast,0.05,10.0,0.35,13.01745899563801,816,62,122
recovery_fast,0.05,10.0,0.35,13.050667640450607,816,61,123
recovery_fast,0.05,10.0,0.35,13.062465699939189,815,62,123
recovery_fast,0.05,10.0,0.35,13.08820431154122,814,63,123
recovery_fast,0.05,10.0,0.35,13.117589009911034,813,64,123
recovery_fast,0.05,10.0,0.35,13.132662986101533,813,63,124
recovery_fast,0.05,10.0,0.35,13.14618108235269,813,62,125
recovery_fast,0.05,10.0,0.35,13.14974365828007,812,63,125
recovery_fast,0.05,10.0,0.35,13.161622637041289,811,64,125
recovery_fast,0.05,10.0,0.35,13.162307097620142,810,65,125
recovery_fast,0.05,10.0,0.35,13.242372020554514,810,64,126
recovery_fast,0.05,10.0,0.35,13.2425304511831,809,65,126
recovery_fast,0.05,10.0,0.35,13.262296887462929,808,66,126
recovery_fast,0.05,10.0,0.35,13.285054465179469,807,67,126
recovery_fast,0.05,10.0,0.35,13.32368435794734,806,68,126
recovery_fast,0.05,10.0,0.35,13.334303398835564,806,67,127
recovery_fast,0.05,10.0,0.35,13.340710134534532,805,68,127
recovery_fast,0.05,10.0,0.35,13.35543035097605,804,69,127
recovery_fast,0.05,10.0,0.35,13.392999145351482,803,70,127
recovery_fast,0.05,10.0,0.35,13.399889638135273,802,71,127
recovery_fast,0.05,10.0,0.35,13.403654932885994,802,70,128
recovery_fast,0.05,10.0,0.35,13.411515522045473,801,71,128
recovery_fast,0.05,10.0,0.35,13.4623975404624,801,70,129
recovery_fast,0.05,10.0,0.35,13.467805138026895,800,71,129
recovery_fast,0.05,10.0,0.35,13.485319218447373,800,70,130
recovery_fast,0.05,10.0,0.35,13.543004261616467,800,69,131
recovery_fast,0.05,10.0,0.35,13.566281152218872,800,68,132
recovery_fast,0.05,10.0,0.35,13.590632717158474,800,67,133
recovery_fast,0.05,10.0,0.35,13.61234861575474,800,66,134
recovery_fast,0.05,10.0,0.35,13.62007655993417,799,67,134
recovery_fast,0.05,10.0,0.35,13.644236104671487,798,68,134
recovery_fast,0.05,10.0,0.35,13.658137276446432,797,69,134
recovery_fast,0.05,10.0,0.35,13.71590242798495,796,70,134
recovery_fast,0.05,10.0,0.35,13.77550677290445,795,71,134
recovery_fast,0.05,10.0,0.35,13.79585958893305,794,72,134
recovery_fast,0.05,10.0,0.35,13.83378536395155,793,73,134
recovery_fast,0.05,10.0,0.35,13.84065526467839,792,74,134
recovery_fast,0.05,10.0,0.35,13.845183764832443,791,75,134
recovery_fast,0.05,10.0,0.35,13.852526305315383,790,76,134
recovery_fast,0.05,10.0,0.35,13.8691363604992,789,77,134
recovery_fast,0.05,10.0,0.35,13.870402075346322,788,78,134
recovery_fast,0.05,10.0,0.35,13.889529000319419,787,79,134
recovery_fast,0.05,10.0,0.35,13.949213901429285,786,80,134
recovery_fast,0.05,10.0,0.35,13.989626169985073,786,79,135
recovery_fast,0.05,10.0,0.35,13.990081065104436,785,80,135
recovery_fast,0.05,10.0,0.35,13.999227502027534,785,79,136
recovery_fast,0.05,10.0,0.35,14.009971558044882,785,78,137
recovery_fast,0.05,10.0,0.35,14.04787391612132,785,77,138
recovery_fast,0.05,10.0,0.35,14.11895120188657,784,78,138
recovery_fast,0.05,10.0,0.35,14.181441668770283,783,79,138
recovery_fast,0.05,10.0,0.35,14.212604872048628,782,80,138
recovery_fast,0.05,10.0,0.35,14.21416882568816,782,79,139
recovery_fast,0.05,10.0,0.35,14.229762011448145,781,80,139
recovery_fast,0.05,10.0,0.35,14.230988941016465,780,81,139
recovery_fast,0.05,10.0,0.35,14.235313617248613,779,82,139
recovery_fast,0.05,10.0,0.35,14.235794237525646,779,81,140
recovery_fast,0.05,10.0,0.35,14.23747531670982,779,80,141
recovery_fast,0.05,10.0,0.35,14.253495766067307,779,79,142
recovery_fast,0.05,10.0,0.35,14.273130190544508,779,78,143
recovery_fast,0.05,10.0,0.35,14.284892944335297,778,79,143
recovery_fast,0.05,10.0,0.35,14.339324963751434,777,80,143
recovery_fast,0.05,10.0,0.35,14.39965417480444,777,79,144
recovery_fast,0.05,10.0,0.35,14.413369928547457,777,78,145
recovery_fast,0.05,10.0,0.35,14.454718840966557,776,79,145
recovery_fast,0.05,10.0,0.35,14.455008225185868,776,78,146
recovery_fast,0.05,10.0,0.35,14.46352434131134,775,79,146
recovery_fast,0.05,10.0,0.35,14.466611888670743,774,80,146
recovery_fast,0.05,10.0,0.35,14.475989577265649,774,79,147
recovery_fast,0.05,10.0,0.35,14.476877673484843,773,80,147
recovery_fast,0.05,10.0,0.35,14.506711323282863,773,79,148
recovery_fast,0.05,10.0,0.35,14.508572066996894,773,78,149
recovery_fast,0.05,10.0,0.35,14.511409564117447,773,77,150
recovery_fast,0.05,10.0,0.35,14.578594186776757,772,78,150
recovery_fast,0.05,10.0,0.35,14.622428240166768,771,79,150
recovery_fast,0.05,10.0,0.35,14.645320451848672,771,78,151
recovery_fast,0.05,10.0,0.35,14.669848011242603,770,79,151
recovery_fast,0.05,10.0,0.35,14.672353658942292,769,80,151
recovery_fast,0.05,10.0,0.35,14.706841657533676,769,79,152
recovery_fast,0.05,10.0,0.35,14.726609864695952,768,80,152
recovery_fast,0.05,10.0,0.35,14.756914963343572,767,81,152
recovery_fast,0.05,10.0,0.35,14.774383343571841,766,82,152
recovery_fast,0.05,10.0,0.35,14.777000627341229,765,83,152
recovery_fast,0.05,10.0,0.35,14.822399242371985,764,84,152
recovery_fast,0.05,10.0,0.35,14.881232747434058,764,83,153
recovery_fast,0.05,10.0,0.35,14.893318442521474,764,82,154
recovery_fast,0.05,10.0,0.35,14.900534100254113,764,81,155
recovery_fast,0.05,10.0,0.35,14.90175673789938,763,82,155
recovery_fast,0.05,10.0,0.35,14.984525236849677,762,83,155
recovery_fast,0.05,10.0,0.35,14.989804598488364,761,84,155
recovery_fast,0.05,10.0,0.35,14.99800379650415,761,83,156
recovery_fast,0.05,10.0,0.35,15.011498888837593,760,84,156
recovery_fast,0.05,10.0,0.35,15.015228880869222,759,85,156
recovery_fast,0.05,10.0,0.35,15.0206231788735,758,86,156
recovery_fast,0.05,10.0,0.35,15.041406509482814,758,85,157
recovery_fast,0.05,10.0,0.35,15.042318093966461,758,84,158
recovery_fast,0.05,10.0,0.35,15.090237450489495,758,83,159
recovery_fast,0.05,10.0,0.35,15.142496814592267,757,84,159
recovery_fast,0.05,10.0,0.35,15.16028704424213,756,85,159
recovery_fast,0.05,10.0,0.35,15.166028834654048,755,86,159
recovery_fast,0.05,10.0,0.35,15.252182385805005,754,87,159
recovery_fast,0.05,10.0,0.35,15.26251706987877,754,86,160
recovery_fast,0.05,10.0,0.35,15.272250379903735,754,85,161
recovery_fast,0.05,10.0,0.35,15.28323753250086,753,86,161
recovery_fast,0.05,10.0,0.35,15.28527726543785,752,87,161
recovery_fast,0.05,10.0,0.35,15.293143277050685,752,86,162
recovery_fast,0.05,10.0,0.35,15.301492791795999,751,87,162
recovery_fast,0.05,10.0,0.35,15.303632042191632,750,88,162
recovery_fast,0.05,10.0,0.35,15.325783596420372,749,89,162
recovery_fast,0.05,10.0,0.35,15.326362185967861,748,90,162
recovery_fast,0.05,10.0,0.35,15.352058867996675,747,91,162
recovery_fast,0.05,10.0,0.35,15.368297913589931,746,92,162
recovery_fast,0.05,10.0,0.35,15.373788603803666,746,91,163
recovery_fast,0.05,10.0,0.35,15.39634071429906,746,90,164
recovery_fast,0.05,10.0,0.35,15.424729344541152,746,89,165
recovery_fast,0.05,10.0,0.35,15.42737410130472,746,88,166
recovery_fast,0.05,10.0,0.35,15.430748291036982,745,89,166
recovery_fast,0.05,10.0,0.35,15.45317904312749,745,88,167
recovery_fast,0.05,10.0,0.35,15.494597319330213,745,87,168
recovery_fast,0.05,10.0,0.35,15.501450748546777,744,88,168
recovery_fast,0.05,10.0,0.35,15.502441273315345,743,89,168
recovery_fast,0.05,10.0,0.35,15.514267799917672,742,90,168
recovery_fast,0.05,10.0,0.35,15.528446184560934,742,89,169
recovery_fast,0.05,10.0,0.35,15.545293752344813,742,88,170
recovery_fast,0.05,10.0,0.35,15.54747301342371,742,87,171
recovery_fast,0.05,10.0,0.35,15.558886040236562,742,86,172
recovery_fast,0.05,10.0,0.35,15.564384441425856,741,87,172
recovery_fast,0.05,10.0,0.35,15.575920771436259,740,88,172
recovery_fast,0.05,10.0,0.35,15.577360181580978,739,89,172
recovery_fast,0.05,10.0,0.35,15.590400263161293,738,90,172
recovery_fast,0.05,10.0,0.35,15.607322102510395,738,89,173
recovery_fast,0.05,10.0,0.35,15.64685477839459,738,88,174
recovery_fast,0.05,10.0,0.35,15.650260861431452,738,87,175
recovery_fast,0.05,10.0,0.35,15.69857186428855,738,86,176
recovery_fast,0.05,10.0,0.35,15.70770196767371,737,87,176
recovery_fast,0.05,10.0,0.35,15.72567008819577,736,88,176
recovery_fast,0.05,10.0,0.35,15.749807815196785,736,87,177
recovery_fast,0.05,10.0,0.35,15.761869914530935,735,88,177
recovery_fast,0.05,10.0,0.35,15.778272016185252,735,87,178
recovery_fast,0.05,10.0,0.35,15.78115235988417,734,88,178
recovery_fast,0.05,10.0,0.35,15.788674848435512,734,87,179
recovery_fast,0.05,10.0,0.35,15.83813039388533,734,86,180
recovery_fast,0.05,10.0,0.35,15.841285875545232,734,85,181
recovery_fast,0.05,10.0,0.35,15.854575371304435,734,84,182
recovery_fast,0.05,10.0,0.35,15.85773601466318,734,83,183
recovery_fast,0.05,10.0,0.35,15.88010618812553,733,84,183
recovery_fast,0.05,10.0,0.35,15.893537917567897,733,83,184
recovery_fast,0.05,10.0,0.35,15.905474368225054,733,82,185
recovery_fast,0.05,10.0,0.35,15.912499628474695,733,81,186
recovery_fast,0.05,10.0,0.35,15.95533991751725,732,82,186
recovery_fast,0.05,10.0,0.35,15.955580864874817,731,83,186
recovery_fast,0.05,10.0,0.35,15.96196603793347,730,84,186
recovery_fast,0.05,10.0,0.35,15.962765616881613,729,85,186
recovery_fast,0.05,10.0,0.35,16.050916168380386,728,86,186
recovery_fast,0.05,10.0,0.35,16.057284843567828,728,85,187
recovery_fast,0.05,10.0,0.35,16.065117474459605,727,86,187
recovery_fast,0.05,10.0,0.35,16.070347534636504,726,87,187
recovery_fast,0.05,10.0,0.35,16.072063983159182,726,86,188
recovery_fast,0.05,10.0,0.35,16.088256509293462,725,87,188
recovery_fast,0.05,10.0,0.35,16.131109932706163,724,88,188
recovery_fast,0.05,10.0,0.35,16.159752557591833,723,89,188
recovery_fast,0.05,10.0,0.35,16.162134708684444,723,88,189
recovery_fast,0.05,10.0,0.35,16.165425026871393,723,87,190
recovery_fast,0.05,10.0,0.35,16.191080707126773,723,86,191
recovery_fast,0.05,10.0,0.35,16.19846662581734,723,85,192
recovery_fast,0.05,10.0,0.35,16.198579816417357,723,84,193
recovery_fast,0.05,10.0,0.35,16.219693738616783,723,83,194
recovery_fast,0.05,10.0,0.35,16.227860695469374,722,84,194
recovery_fast,0.05,10.0,0.35,16.23225052241038,722,83,195
recovery_fast,0.05,10.0,0.35,16.25806674643675,721,84,195
recovery_fast,0.05,10.0,0.35,16.288643884351803,721,83,196
recovery_fast,0.05,10.0,0.35,16.29388218104506,720,84,196
recovery_fast,0.05,10.0,0.35,16.310878812621652,720,83,197
recovery_fast,0.05,10.0,0.35,16.313261582560706,719,84,197
recovery_fast,0.05,10.0,0.35,16.318462848852896,718,85,197
recovery_fast,0.05,10.0,0.35,16.350079591854,717,86,197
recovery_fast,0.05,10.0,0.35,16.368680700815943,716,87,197
recovery_fast,0.05,10.0,0.35,16.369159696078814,716,86,198
recovery_fast,0.05,10.0,0.35,16.372783092980175,716,85,199
recovery_fast,0.05,10.0,0.35,16.411532639711435,716,84,200
recovery_fast,0.05,10.0,0.35,16.42667321407899,715,85,200
recovery_fast,0.05,10.0,0.35,16.436781319371942,714,86,200
recovery_fast,0.05,10.0,0.35,16.439920172335647,714,85,201
recovery_fast,0.05,10.0,0.35,16.480405817044648,713,86,201
recovery_fast,0.05,10.0,0.35,16.502757430569297,713,85,202
recovery_fast,0.05,10.0,0.35,16.50784829455935,712,86,202
recovery_fast,0.05,10.0,0.35,16.51027886754843,712,85,203
recovery_fast,0.05,10.0,0.35,16.534194962284886,712,84,204
recovery_fast,0.05,10.0,0.35,16.54204020740052,712,83,205
recovery_fast,0.05,10.0,0.35,16.54868268198045,711,84,205
recovery_fast,0.05,10.0,0.35,16.555136214841056,710,85,205
recovery_fast,0.05,10.0,0.35,16.60409555652303,709,86,205
recovery_fast,0.05,10.0,0.35,16.647827936812465,709,85,206
recovery_fast,0.05,10.0,0.35,16.661547124980473,708,86,206
recovery_fast,0.05,10.0,0.35,16.669789938110217,707,87,206
recovery_fast,0.05,10.0,0.35,16.72536494844746,706,88,206
recovery_fast,0.05,10.0,0.35,16.733160289649028,706,87,207
recovery_fast,0.05,10.0,0.35,16.73733899458382,705,88,207
recovery_fast,0.05,10.0,0.35,16.747212945507137,704,89,207
recovery_fast,0.05,10.0,0.35,16.759473657201568,703,90,207
recovery_fast,0.05,10.0,0.35,16.76097173793426,702,91,207
recovery_fast,0.05,10.0,0.35,16.767877330385677,702,90,208
recovery_fast,0.05,10.0,0.35,16.772202322483786,701,91,208
recovery_fast,0.05,10.0,0.35,16.775934821376293,701,90,209
recovery_fast,0.05,10.0,0.35,16.882082671280184,701,89,210
recovery_fast,0.05,10.0,0.35,16.95129883300171,700,90,210
recovery_fast,0.05,10.0,0.35,16.967440827678658,700,89,211
recovery_fast,0.05,10.0,0.35,16.971564468663,699,90,211
recovery_fast,0.05,10.0,0.35,16.982102559166094,698,91,211
recovery_fast,0.05,10.0,0.35,16.99354389880132,697,92,211
recovery_fast,0.05,10.0,0.35,17.00022567120334,697,91,212
recovery_fast,0.05,10.0,0.35,17.00268633528109,696,92,212
recovery_fast,0.05,10.0,0.35,17.002996667762957,695,93,212
recovery_fast,0.05,10.0,0.35,17.004659123167222,694,94,212
recovery_fast,0.05,10.0,0.35,17.010968624645077,693,95,212
recovery_fast,0.05,10.0,0.35,17.01110842587677,693,94,213
recovery_fast,0.05,10.0,0.35,17.0457364737816,692,95,213
recovery_fast,0.05,10.0,0.35,17.045939884107977,691,96,213
recovery_fast,0.05,10.0,0.35,17.117898382742684,691,95,214
recovery_fast,0.05,10.0,0.35,17.123315394531534,690,96,214
recovery_fast,0.05,10.0,0.35,17.136540655975814,689,97,214
recovery_fast,0.05,10.0,0.35,17.138351287025763,688,98,214
recovery_fast,0.05,10.0,0.35,17.138654340342264,688,97,215
recovery_fast,0.05,10.0,0.35,17.15664174673808,688,96,216
recovery_fast,0.05,10.0,0.35,17.191586652376543,688,95,217
recovery_fast,0.05,10.0,0.35,17.19972507865436,687,96,217
recovery_fast,0.05,10.0,0.35,17.20677407982307,686,97,217
recovery_fast,0.05,10.0,0.35,17.222690554053184,686,96,218
recovery_fast,0.05,10.0,0.35,17.2276072972161,685,97,218
recovery_fast,0.05,10.0,0.35,17.244731130319526,685,96,219
recovery_fast,0.05,10.0,0.35,17.259816118824524,684,97,219
recovery_fast,0.05,10.0,0.35,17.274783992015937,683,98,219
recovery_fast,0.05,10.0,0.35,17.286318213993003,683,97,220
recovery_fast,0.05,10.0,0.35,17.309218851466273,683,96,221
recovery_fast,0.05,10.0,0.35,17.31732286328297,683,95,222
recovery_fast,0.05,10.0,0.35,17.329131540498395,682,96,222
recovery_fast,0.05,10.0,0.35,17.329562196588533,682,95,223
recovery_fast,0.05,10.0,0.35,17.370315919793963,681,96,223
recovery_fast,0.05,10.0,0.35,17.404980533438536,680,97,223
recovery_fast,0.05,10.0,0.35,17.413240356326,679,98,223
recovery_fast,0.05,10.0,0.35,17.451021065491243,678,99,223
recovery_fast,0.05,10.0,0.35,17.464907483195887,677,100,223
recovery_fast,0.05,10.0,0.35,17.503786829787277,676,101,223
recovery_fast,0.05,10.0,0.35,17.52662205918037,675,102,223
recovery_fast,0.05,10.0,0.35,17.54330534097783,675,101,224
recovery_fast,0.05,10.0,0.35,17.554522640198893,674,102,224
recovery_fast,0.05,10.0,0.35,17.560877786935418,673,103,224
recovery_fast,0.05,10.0,0.35,17.57330061121725,673,102,225
recovery_fast,0.05,10.0,0.35,17.59581562275362,672,103,225
recovery_fast,0.05,10.0,0.35,17.605816434251672,671,104,225
recovery_fast,0.05,10.0,0.35,17.637772504522477,671,103,226
recovery_fast,0.05,10.0,0.35,17.63926215944645,671,102,227
recovery_fast,0.05,10.0,0.35,17.656305402174667,670,103,227
recovery_fast,0.05,10.0,0.35,17.673716817667525,670,102,228
recovery_fast,0.05,10.0,0.35,17.677516795692277,669,103,228
recovery_fast,0.05,10.0,0.35,17.680153958738217,669,102,229
recovery_fast,0.05,10.0,0.35,17.71756331202073,669,101,230
recovery_fast,0.05,10.0,0.35,17.723673298045277,668,102,230
recovery_fast,0.05,10.0,0.35,17.74301510804182,667,103,230
recovery_fast,0.05,10.0,0.35,17.754517513715633,667,102,231
recovery_fast,0.05,10.0,0.35,17.76898229625806,666,103,231
recovery_fast,0.05,10.0,0.35,17.779779669182304,666,102,232
recovery_fast,0.05,10.0,0.35,17.780540432315405,666,101,233
recovery_fast,0.05,10.0,0.35,17.810003143520557,665,102,233
recovery_fast,0.05,10.0,0.35,17.821896120152008,665,101,234
recovery_fast,0.05,10.0,0.35,17.852760734592895,664,102,234
recovery_fast,0.05,10.0,0.35,17.892082522277903,663,103,234
recovery_fast,0.05,10.0,0.35,17.892936425659542,662,104,234
recovery_fast,0.05,10.0,0.35,17.897474424765743,662,103,235
recovery_fast,0.05,10.0,0.35,17.90411748153851,662,102,236
recovery_fast,0.05,10.0,0.35,17.920302764655723,662,101,237
recovery_fast,0.05,10.0,0.35,17.92063195239341,661,102,237
recovery_fast,0.05,10.0,0.35,17.92463067422376,660,103,237
recovery_fast,0.05,10.0,0.35,17.9263875765241,659,104,237
recovery_fast,0.05,10.0,0.35,17.92859088677226,659,103,238
recovery_fast,0.05,10.0,0.35,17.930598465450625,658,104,238
recovery_fast,0.05,10.0,0.35,17.931246445088796,658,103,239
recovery_fast,0.05,10.0,0.35,17.931538928779602,658,102,240
recovery_fast,0.05,10.0,0.35,17.96193655050061,658,101,241
recovery_fast,0.05,10.0,0.35,17.964992728853044,657,102,241
recovery_fast,0.05,10.0,0.35,17.970385088564367,656,103,241
recovery_fast,0.05,10.0,0.35,17.988834825530237,655,104,241
recovery_fast,0.05,10.0,0.35,17.991125716077637,654,105,241
recovery_fast,0.05,10.0,0.35,18.00467240935249,654,104,242
recovery_fast,0.05,10.0,0.35,18.026973422042847,653,105,242
recovery_fast,0.05,10.0,0.35,18.02727216714482,653,104,243
recovery_fast,0.05,10.0,0.35,18.049964928326066,652,105,243
recovery_fast,0.05,10.0,0.35,18.052888340854643,651,106,243
recovery_fast,0.05,10.0,0.35,18.053507942774193,650,107,243
recovery_fast,0.05,10.0,0.35,18.054606117304473,649,108,243
recovery_fast,0.05,10.0,0.35,18.071101860873853,649,107,244
recovery_fast,0.05,10.0,0.35,18.082130296328266,649,106,245
recovery_fast,0.05,10.0,0.35,18.09380067638966,649,105,246
recovery_fast,0.05,10.0,0.35,18.100141420667175,649,104,247
recovery_fast,0.05,10.0,0.35,18.130750244941147,649,103,248
recovery_fast,0.05,10.0,0.35,18.13548581765227,649,102,249
recovery_fast,0.05,10.0,0.35,18.149402792907555,649,101,250
recovery_fast,0.05,10.0,0.35,18.152317373388033,648,102,250
recovery_fast,0.05,10.0,0.35,18.180009787584474,648,101,251
recovery_fast,0.05,10.0,0.35,18.18851199272572,647,102,251
recovery_fast,0.05,10.0,0.35,18.198489560864562,647,101,252
recovery_fast,0.05,10.0,0.35,18.212825635611907,646,102,252
recovery_fast,0.05,10.0,0.35,18.235014819992863,646,101,253
recovery_fast,0.05,10.0,0.35,18.242004005792488,645,102,253
recovery_fast,0.05,10.0,0.35,18.25225090231393,644,103,253
recovery_fast,0.05,10.0,0.35,18.255684456842225,644,102,254
recovery_fast,0.05,10.0,0.35,18.266750884094318,643,103,254
recovery_fast,0.05,10.0,0.35,18.284685314497256,642,104,254
recovery_fast,0.05,10.0,0.35,18.290496189354776,641,105,254
recovery_fast,0.05,10.0,0.35,18.306981190939037,641,104,255
recovery_fast,0.05,10.0,0.35,18.31251758602909,641,103,256
recovery_fast,0.05,10.0,0.35,18.3244345039783,641,102,257
recovery_fast,0.05,10.0,0.35,18.35363480463776,640,103,257
recovery_fast,0.05,10.0,0.35,18.35458268369533,639,104,257
recovery_fast,0.05,10.0,0.35,18.447754885068303,639,103,258
recovery_fast,0.05,10.0,0.35,18.455067846478926,639,102,259
recovery_fast,0.05,10.0,0.35,18.48891859583239,638,103,259
recovery_fast,0.05,10.0,0.35,18.489432056268267,638,102,260
recovery_fast,0.05,10.0,0.35,18.514470474878305,638,101,261
recovery_fast,0.05,10.0,0.35,18.519339119772024,637,102,261
recovery_fast,0.05,10.0,0.35,18.533732839295862,637,101,262
recovery_fast,0.05,10.0,0.35,18.570621017287134,636,102,262
recovery_fast,0.05,10.0,0.35,18.577381842273464,636,101,263
recovery_fast,0.05,10.0,0.35,18.5784220811599,635,102,263
recovery_fast,0.05,10.0,0.35,18.581460717025692,635,101,264
recovery_fast,0.05,10.0,0.35,18.606629949882976,634,102,264
recovery_fast,0.05,10.0,0.35,18.65658533303835,634,101,265
recovery_fast,0.05,10.0,0.35,18.668274244265866,634,100,266
recovery_fast,0.05,10.0,0.35,18.695073209011138,633,101,266
recovery_fast,0.05,10.0,0.35,18.69663774466977,633,100,267
recovery_fast,0.05,10.0,0.35,18.749896022131363,633,99,268
recovery_fast,0.05,10.0,0.35,18.80843193124772,632,100,268
recovery_fast,0.05,10.0,0.35,18.830625067519502,632,99,269
recovery_fast,0.05,10.0,0.35,18.85575066877376,632,98,270
recovery_fast,0.05,10.0,0.35,18.856142192488765,631,99,270
recovery_fast,0.05,10.0,0.35,18.861463303678214,630,100,270
recovery_fast,0.05,10.0,0.35,18.86964276602347,630,99,271
recovery_fast,0.05,10.0,0.35,18.88362249811698,629,100,271
recovery_fast,0.05,10.0,0.35,18.92813713486866,628,101,271
recovery_fast,0.05,10.0,0.35,18.966279746100387,627,102,271
recovery_fast,0.05,10.0,0.35,19.055064016477562,627,101,272
recovery_fast,0.05,10.0,0.35,19.056926647317137,626,102,272
recovery_fast,0.05,10.0,0.35,19.113162479374243,626,101,273
recovery_fast,0.05,10.0,0.35,19.127020897005742,626,100,274
recovery_fast,0.05,10.0,0.35,19.13462272404053,625,101,274
recovery_fast,0.05,10.0,0.35,19.158659851296015,624,102,274
recovery_fast,0.05,10.0,0.35,19.17897961944714,624,101,275
recovery_fast,0.05,10.0,0.35,19.19751509176105,624,100,276
recovery_fast,0.05,10.0,0.35,19.211387158151688,624,99,277
recovery_fast,0.05,10.0,0.35,19.21787582559152,624,98,278
recovery_fast,0.05,10.0,0.35,19.23153571750752,623,99,278
recovery_fast,0.05,10.0,0.35,19.243586425501274,622,100,278
recovery_fast,0.05,10.0,0.35,19.27813801372184,622,99,279
recovery_fast,0.05,10.0,0.35,19.285984139967812,621,100,279
recovery_fast,0.05,10.0,0.35,19.312974923070605,621,99,280
recovery_fast,0.05,10.0,0.35,19.336755477092293,620,100,280
recovery_fast,0.05,10.0,0.35,19.354739991139226,619,101,280
recovery_fast,0.05,10.0,0.35,19.385529255663922,619,100,281
recovery_fast,0.05,10.0,0.35,19.42370014302457,619,99,282
recovery_fast,0.05,10.0,0.35,19.42927278048956,618,100,282
recovery_fast,0.05,10.0,0.35,19.442175870549516,618,99,283
recovery_fast,0.05,10.0,0.35,19.46846066567474,618,98,284
recovery_fast,0.05,10.0,0.35,19.506095261092863,617,99,284
recovery_fast,0.05,10.0,0.35,19.511541322368462,617,98,285
recovery_fast,0.05,10.0,0.35,19.538580965672267,616,99,285
recovery_fast,0.05,10.0,0.35,19.54713364364739,615,100,285
recovery_fast,0.05,10.0,0.35,19.574541541757352,614,101,285
recovery_fast,0.05,10.0,0.35,19.583390825969598,613,102,285
recovery_fast,0.05,10.0,0.35,19.607674130850157,613,101,286
recovery_fast,0.05,10.0,0.35,19.631503687750108,612,102,286
recovery_fast,0.05,10.0,0.35,19.64029520032215,611,103,286
recovery_fast,0.05,10.0,0.35,19.64118931916268,610,104,286
recovery_fast,0.05,10.0,0.35,19.64694888544399,609,105,286
recovery_fast,0.05,10.0,0.35,19.659547507335247,608,106,286
recovery_fast,0.05,10.0,0.35,19.65995516928511,607,107,286
recovery_fast,0.05,10.0,0.35,19.68313837167464,606,108,286
recovery_fast,0.05,10.0,0.35,19.69829505404544,606,107,287
recovery_fast,0.05,10.0,0.35,19.73008181602421,606,106,288
recovery_fast,0.05,10.0,0.35,19.73446499354588,606,105,289
recovery_fast,0.05,10.0,0.35,19.757347827434195,605,106,289
recovery_fast,0.05,10.0,0.35,19.76179308532456,604,107,289
recovery_fast,0.05,10.0,0.35,19.812896362768097,604,106,290
recovery_fast,0.05,10.0,0.35,19.818541290803097,604,105,291
recovery_fast,0.05,10.0,0.35,19.827687004449235,603,106,291
recovery_fast,0.05,10.0,0.35,19.827820145637986,603,105,292
recovery_fast,0.05,10.0,0.35,19.83813098779437,602,106,292
recovery_fast,0.05,10.0,0.35,19.850811926620093,602,105,293
recovery_fast,0.05,10.0,0.35,19.855859048006852,602,104,294
recovery_fast,0.05,10.0,0.35,19.88219924373956,602,103,295
recovery_fast,0.05,10.0,0.35,19.904603037030267,602,102,296
recovery_fast,0.05,10.0,0.35,19.921520957867802,601,103,296
recovery_fast,0.05,10.0,0.35,19.921589887085304,601,102,297
recovery_fast,0.05,10.0,0.35,19.938111545508225,601,101,298
recovery_fast,0.05,10.0,0.35,20.002115849273725,600,102,298
recovery_fast,0.05,10.0,0.35,20.00678372240182,600,101,299
recovery_fast,0.05,10.0,0.35,20.047985383587747,599,102,299
recovery_fast,0.05,10.0,0.35,20.102965595730197,599,101,300
recovery_fast,0.05,10.0,0.35,20.123060954625714,599,100,301
recovery_fast,0.05,10.0,0.35,20.13827078477026,598,101,301
recovery_fast,0.05,10.0,0.35,20.141877517604772,598,100,302
recovery_fast,0.05,10.0,0.35,20.191253222141587,598,99,303
recovery_fast,0.05,10.0,0.35,20.198555121206535,597,100,303
recovery_fast,0.05,10.0,0.35,20.19933291183168,597,99,304
recovery_fast,0.05,10.0,0.35,20.20318772238517,597,98,305
recovery_fast,0.05,10.0,0.35,20.275306992311712,596,99,305
recovery_fast,0.05,10.0,0.35,20.27881563415365,595,100,305
recovery_fast,0.05,10.0,0.35,20.288465684022103,594,101,305
recovery_fast,0.05,10.0,0.35,20.289168515570474,594,100,306
recovery_fast,0.05,10.0,0.35,20.305547020465365,593,101,306
recovery_fast,0.05,10.0,0.35,20.30925511440566,592,102,306
recovery_fast,0.05,10.0,0.35,20.355831899929925,591,103,306
recovery_fast,0.05,10.0,0.35,20.36289879706729,590,104,306
recovery_fast,0.05,10.0,0.35,20.38437682397685,589,105,306
recovery_fast,0.05,10.0,0.35,20.38786760914183,588,106,306
recovery_fast,0.05,10.0,0.35,20.405769925622863,588,105,307
recovery_fast,0.05,10.0,0.35,20.43202576529193,588,104,308
recovery_fast,0.05,10.0,0.35,20.448158523568733,588,103,309
recovery_fast,0.05,10.0,0.35,20.45071930469687,587,104,309
recovery_fast,0.05,10.0,0.35,20.451639644518796,586,105,309
recovery_fast,0.05,10.0,0.35,20.501968551760346,585,106,309
recovery_fast,0.05,10.0,0.35,20.531314367681844,585,105,310
recovery_fast,0.05,10.0,0.35,20.54009480768007,584,106,310
recovery_fast,0.05,10.0,0.35,20.543655286690733,583,107,310
recovery_fast,0.05,10.0,0.35,20.544660553938105,582,108,310
recovery_fast,0.05,10.0,0.35,20.54553171038807,581,109,310
recovery_fast,0.05,10.0,0.35,20.571066622532104,581,108,311
recovery_fast,0.05,10.0,0.35,20.580370527885528,581,107,312
recovery_fast,0.05,10.0,0.35,20.58292044113115,581,106,313
recovery_fast,0.05,10.0,0.35,20.58952187182458,580,107,313
recovery_fast,0.05,10.0,0.35,20.595611332815256,580,106,314
recovery_fast,0.05,10.0,0.35,20.602730780281988,580,105,315
recovery_fast,0.05,10.0,0.35,20.603450420152335,580,104,316
recovery_fast,0.05,10.0,0.35,20.627644441737033,579,105,316
recovery_fast,0.05,10.0,0.35,20.63815439999674,578,106,316
recovery_fast,0.05,10.0,0.35,20.655035651196652,578,105,317
recovery_fast,0.05,10.0,0.35,20.65510764408626,577,106,317
recovery_fast,0.05,10.0,0.35,20.69916220882517,576,107,317
recovery_fast,0.05,10.0,0.35,20.709766896875273,576,106,318
recovery_fast,0.05,10.0,0.35,20.722589980069444,576,105,319
recovery_fast,0.05,10.0,0.35,20.72520063508423,576,104,320
recovery_fast,0.05,10.0,0.35,20.72859180499496,576,103,321
recovery_fast,0.05,10.0,0.35,20.744077726757,575,104,321
recovery_fast,0.05,10.0,0.35,20.766557978242446,575,103,322
recovery_fast,0.05,10.0,0.35,20.770423559708586,574,104,322
recovery_fast,0.05,10.0,0.35,20.77112691567427,574,103,323
recovery_fast,0.05,10.0,0.35,20.773356124087975,574,102,324
recovery_fast,0.05,10.0,0.35,20.774763444729302,573,103,324
recovery_fast,0.05,10.0,0.35,20.805782545763083,572,104,324
recovery_fast,0.05,10.0,0.35,20.826493829999503,571,105,324
recovery_fast,0.05,10.0,0.35,20.851334071483052,571,104,325
recovery_fast,0.05,10.0,0.35,20.863567250169552,571,103,326
recovery_fast,0.05,10.0,0.35,20.86443158784359,570,104,326
recovery_fast,0.05,10.0,0.35,20.874628103222935,570,103,327
recovery_fast,0.05,10.0,0.35,20.879905521387204,569,104,327
recovery_fast,0.05,10.0,0.35,20.891926827014906,568,105,327
recovery_fast,0.05,10.0,0.35,20.91219181938549,568,104,328
recovery_fast,0.05,10.0,0.35,20.94244909109977,568,103,329
recovery_fast,0.05,10.0,0.35,20.95423320946267,568,102,330
recovery_fast,0.05,10.0,0.35,20.95724725442492,568,101,331
recovery_fast,0.05,10.0,0.35,20.982695819174502,568,100,332
recovery_fast,0.05,10.0,0.35,20.990289145189433,567,101,332
recovery_fast,0.05,10.0,0.35,21.00651409813005,566,102,332
recovery_fast,0.05,10.0,0.35,21.019836300097,565,103,332
recovery_fast,0.05,10.0,0.35,21.020461188385397,565,102,333
recovery_fast,0.05,10.0,0.35,21.021247770003637,565,101,334
recovery_fast,0.05,10.0,0.35,21.022177961127515,565,100,335
recovery_fast,0.05,10.0,0.35,21.02760352293383,565,99,336
recovery_fast,0.05,10.0,0.35,21.035476442381796,564,100,336
recovery_fast,0.05,10.0,0.35,21.04283302509299,563,101,336
recovery_fast,0.05,10.0,0.35,21.065596517364007,562,102,336
recovery_fast,0.05,10.0,0.35,21.09913162467142,562,101,337
recovery_fast,0.05,10.0,0.35,21.100721441948963,562,100,338
recovery_fast,0.05,10.0,0.35,21.101871561953292,562,99,339
recovery_fast,0.05,10.0,0.35,21.122379645628733,562,98,340
recovery_fast,0.05,10.0,0.35,21.13386126598235,561,99,340
recovery_fast,0.05,10.0,0.35,21.154318651316707,561,98,341
recovery_fast,0.05,10.0,0.35,21.166274727246098,561,97,342
recovery_fast,0.05,10.0,0.35,21.1819705609345,561,96,343
recovery_fast,0.05,10.0,0.35,21.188321076969217,561,95,344
recovery_fast,0.05,10.0,0.35,21.213279873541495,560,96,344
recovery_fast,0.05,10.0,0.35,21.216338609798225,560,95,345
recovery_fast,0.05,10.0,0.35,21.242569033825422,559,96,345
recovery_fast,0.05,10.0,0.35,21.248248134274338,559,95,346
recovery_fast,0.05,10.0,0.35,21.256229169591784,559,94,347
recovery_fast,0.05,10.0,0.35,21.273828732199505,559,93,348
recovery_fast,0.05,10.0,0.35,21.282746440507506,559,92,349
recovery_fast,0.05,10.0,0.35,21.28284770253924,559,91,350
recovery_fast,0.05,10.0,0.35,21.29403282655634,558,92,350
recovery_fast,0.05,10.0,0.35,21.294452737292698,558,91,351
recovery_fast,0.05,10.0,0.35,21.305584145137058,557,92,351
recovery_fast,0.05,10.0,0.35,21.307475417306946,556,93,351
recovery_fast,0.05,10.0,0.35,21.353033058953105,555,94,351
recovery_fast,0.05,10.0,0.35,21.354981742467743,555,93,352
recovery_fast,0.05,10.0,0.35,21.359644565242945,554,94,352
recovery_fast,0.05,10.0,0.35,21.40312193426404,554,93,353
recovery_fast,0.05,10.0,0.35,21.486373333586705,554,92,354
recovery_fast,0.05,10.0,0.35,21.48790275603487,554,91,355
recovery_fast,0.05,10.0,0.35,21.528436993236788,554,90,356
recovery_fast,0.05,10.0,0.35,21.534609872769035,553,91,356
recovery_fast,0.05,10.0,0.35,21.537500970278497,552,92,356
recovery_fast,0.05,10.0,0.35,21.55536209443695,551,93,356
recovery_fast,0.05,10.0,0.35,21.58282716248966,550,94,356
recovery_fast,0.05,10.0,0.35,21.590318695013806,549,95,356
recovery_fast,0.05,10.0,0.35,21.599756133613873,549,94,357
recovery_fast,0.05,10.0,0.35,21.612084249089147,549,93,358
recovery_fast,0.05,10.0,0.35,21.614027499089445,548,94,358
recovery_fast,0.05,10.0,0.35,21.620931544294038,548,93,359
recovery_fast,0.05,10.0,0.35,21.624906500931154,547,94,359
recovery_fast,0.05,10.0,0.35,21.638614697365544,546,95,359
recovery_fast,0.05,10.0,0.35,21.642926999175305,545,96,359
recovery_fast,0.05,10.0,0.35,21.64497791799765,544,97,359
recovery_fast,0.05,10.0,0.35,21.6911127222107,544,96,360
recovery_fast,0.05,10.0,0.35,21.70682851568285,543,97,360
recovery_fast,0.05,10.0,0.35,21.754790233127533,542,98,360
recovery_fast,0.05,10.0,0.35,21.777425085832597,542,97,361
recovery_fast,0.05,10.0,0.35,21.799233072366764,541,98,361
recovery_fast,0.05,10.0,0.35,21.815977858724594,540,99,361
recovery_fast,0.05,10.0,0.35,21.82435567849444,540,98,362
recovery_fast,0.05,10.0,0.35,21.85184826839881,540,97,363
recovery_fast,0.05,10.0,0.35,21.875926104955646,539,98,363
recovery_fast,0.05,10.0,0.35,21.88178482100865,539,97,364
recovery_fast,0.05,10.0,0.35,21.892524397988122,539,96,365
recovery_fast,0.05,10.0,0.35,21.911242578567432,538,97,365
recovery_fast,0.05,10.0,0.35,21.953694913159772,537,98,365
recovery_fast,0.05,10.0,0.35,21.977619555608314,537,97,366
recovery_fast,0.05,10.0,0.35,22.061209697841427,537,96,367
recovery_fast,0.05,10.0,0.35,22.061668758900428,537,95,368
recovery_fast,0.05,10.0,0.35,22.08019080993847,536,96,368
recovery_fast,0.05,10.0,0.35,22.084802012585914,535,97,368
recovery_fast,0.05,10.0,0.35,22.095833468056938,535,96,369
recovery_fast,0.05,10.0,0.35,22.101938714601648,535,95,370
recovery_fast,0.05,10.0,0.35,22.122176106331892,535,94,371
recovery_fast,0.05,10.0,0.35,22.15864108764934,534,95,371
recovery_fast,0.05,10.0,0.35,22.22466309888133,534,94,372
recovery_fast,0.05,10.0,0.35,22.233492570727414,534,93,373
recovery_fast,0.05,10.0,0.35,22.236638891952815,533,94,373
recovery_fast,0.05,10.0,0.35,22.237503787597642,532,95,373
recovery_fast,0.05,10.0,0.35,22.265003065134785,532,94,374
recovery_fast,0.05,10.0,0.35,22.269225669907314,532,93,375
recovery_fast,0.05,10.0,0.35,22.286528424195865,532,92,376
recovery_fast,0.05,10.0,0.35,22.30202060632861,532,91,377
recovery_fast,0.05,10.0,0.35,22.34827231149064,532,90,378
recovery_fast,0.05,10.0,0.35,22.510014870920262,531,91,378
recovery_fast,0.05,10.0,0.35,22.515444269573855,531,90,379
recovery_fast,0.05,10.0,0.35,22.580559623396013,531,89,380
recovery_fast,0.05,10.0,0.35,22.64323624668846,530,90,380
recovery_fast,0.05,10.0,0.35,22.650477922510632,529,91,380
recovery_fast,0.05,10.0,0.35,22.666099629406382,529,90,381
recovery_fast,0.05,10.0,0.35,22.694231099977547,529,89,382
recovery_fast,0.05,10.0,0.35,22.71439236762888,528,90,382
recovery_fast,0.05,10.0,0.35,22.71878262875662,528,89,383
recovery_fast,0.05,10.0,0.35,22.720976800493542,527,90,383
recovery_fast,0.05,10.0,0.35,22.74875092200937,527,89,384
recovery_fast,0.05,10.0,0.35,22.769299938226858,526,90,384
recovery_fast,0.05,10.0,0.35,22.809479443285944,525,91,384
recovery_fast,0.05,10.0,0.35,22.846854511756767,525,90,385
recovery_fast,0.05,10.0,0.35,22.859645315950505,525,89,386
recovery_fast,0.05,10.0,0.35,22.889341032744326,525,88,387
recovery_fast,0.05,10.0,0.35,22.903955558701995,525,87,388
recovery_fast,0.05,10.0,0.35,22.904145385639115,524,88,388
recovery_fast,0.05,10.0,0.35,22.933097139003422,524,87,389
recovery_fast,0.05,10.0,0.35,22.964127297227197,523,88,389
recovery_fast,0.05,10.0,0.35,22.982322071588023,523,87,390
recovery_fast,0.05,10.0,0.35,23.022152328995666,522,88,390
recovery_fast,0.05,10.0,0.35,23.032282883329795,521,89,390
recovery_fast,0.05,10.0,0.35,23.034392120071203,521,88,391
recovery_fast,0.05,10.0,0.35,23.083941675221524,521,87,392
recovery_fast,0.05,10.0,0.35,23.088882978696063,521,86,393
recovery_fast,0.05,10.0,0.35,23.1615507391309,521,85,394
recovery_fast,0.05,10.0,0.35,23.177468234658384,521,84,395
recovery_fast,0.05,10.0,0.35,23.183765241875207,521,83,396
recovery_fast,0.05,10.0,0.35,23.19565443832975,521,82,397
recovery_fast,0.05,10.0,0.35,23.19896448245268,520,83,397
recovery_fast,0.05,10.0,0.35,23.21619439348191,520,82,398
recovery_fast,0.05,10.0,0.35,23.236230986790638,520,81,399
recovery_fast,0.05,10.0,0.35,23.28323940235204,519,82,399
recovery_fast,0.05,10.0,0.35,23.302064051544697,519,81,400
recovery_fast,0.05,10.0,0.35,23.323377751275686,519,80,401
recovery_fast,0.05,10.0,0.35,23.33120610362043,519,79,402
recovery_fast,0.05,10.0,0.35,23.334056817745658,518,80,402
recovery_fast,0.05,10.0,0.35,23.34391852239262,518,79,403
recovery_fast,0.05,10.0,0.35,23.366078690530063,518,78,404
recovery_fast,0.05,10.0,0.35,23.421632717991887,518,77,405
recovery_fast,0.05,10.0,0.35,23.448818827042924,517,78,405
recovery_fast,0.05,10.0,0.35,23.463126123541723,516,79,405
recovery_fast,0.05,10.0,0.35,23.514879451428765,516,78,406
recovery_fast,0.05,10.0,0.35,23.523266165459198,515,79,406
recovery_fast,0.05,10.0,0.35,23.526281198622346,515,78,407
recovery_fast,0.05,10.0,0.35,23.537215906476277,514,79,407
recovery_fast,0.05,10.0,0.35,23.578155025732936,514,78,408
recovery_fast,0.05,10.0,0.35,23.669297253874173,514,77,409
recovery_fast,0.05,10.0,0.35,23.681426285708604,514,76,410
recovery_fast,0.05,10.0,0.35,23.71807816803611,514,75,411
recovery_fast,0.05,10.0,0.35,23.76883376438343,513,76,411
recovery_fast,0.05,10.0,0.35,23.778871622238498,513,75,412
recovery_fast,0.05,10.0,0.35,23.784096601468192,513,74,413
recovery_fast,0.05,10.0,0.35,23.82538131010235,513,73,414
recovery_fast,0.05,10.0,0.35,23.8503583249791,513,72,415
recovery_fast,0.05,10.0,0.35,23.870371945144566,512,73,415
recovery_fast,0.05,10.0,0.35,23.87147543816556,512,72,416
recovery_fast,0.05,10.0,0.35,23.893445432285937,512,71,417
recovery_fast,0.05,10.0,0.35,23.923055281708628,511,72,417
recovery_fast,0.05,10.0,0.35,23.928762225051237,510,73,417
recovery_fast,0.05,10.0,0.35,23.933972195846824,509,74,417
recovery_fast,0.05,10.0,0.35,23.945549018156992,509,73,418
recovery_fast,0.05,10.0,0.35,24.037978540603575,508,74,418
recovery_fast,0.05,10.0,0.35,24.055145670184718,507,75,418
recovery_fast,0.05,10.0,0.35,24.093642453168126,506,76,418
recovery_fast,0.05,10.0,0.35,24.09695024879913,506,75,419
recovery_fast,0.05,10.0,0.35,24.128984917708067,506,74,420
recovery_fast,0.05,10.0,0.35,24.146367013713437,506,73,421
recovery_fast,0.05,10.0,0.35,24.21320293092778,506,72,422
recovery_fast,0.05,10.0,0.35,24.314242525664085,506,71,423
recovery_fast,0.05,10.0,0.35,24.328432493044776,505,72,423
recovery_fast,0.05,10.0,0.35,24.34097570922342,505,71,424
recovery_fast,0.05,10.0,0.35,24.37391883379302,505,70,425
recovery_fast,0.05,10.0,0.35,24.391031072104667,505,69,426
recovery_fast,0.05,10.0,0.35,24.42170152126503,504,70,426
recovery_fast,0.05,10.0,0.35,24.51030067599647,503,71,426
recovery_fast,0.05,10.0,0.35,24.519204613164987,503,70,427
recovery_fast,0.05,10.0,0.35,24.51995763001065,502,71,427
recovery_fast,0.05,10.0,0.35,24.53044752031821,501,72,427
recovery_fast,0.05,10.0,0.35,24.546170493596804,501,71,428
recovery_fast,0.05,10.0,0.35,24.54900233589768,500,72,428
recovery_fast,0.05,10.0,0.35,24.567474944443354,499,73,428
recovery_fast,0.05,10.0,0.35,24.609250510239463,499,72,429
recovery_fast,0.05,10.0,0.35,24.652496885137428,499,71,430
recovery_fast,0.05,10.0,0.35,24.672305973521055,499,70,431
recovery_fast,0.05,10.0,0.35,24.705952789962563,499,69,432
recovery_fast,0.05,10.0,0.35,24.80411210252042,499,68,433
recovery_fast,0.05,10.0,0.35,24.85860105158328,498,69,433
recovery_fast,0.05,10.0,0.35,24.870963643819422,498,68,434
recovery_fast,0.05,10.0,0.35,24.885744939236933,497,69,434
recovery_fast,0.05,10.0,0.35,24.90881188230157,497,68,435
recovery_fast,0.05,10.0,0.35,24.946451234040264,497,67,436
recovery_fast,0.05,10.0,0.35,24.94905727381364,497,66,437
recovery_fast,0.05,10.0,0.35,24.963684141033237,497,65,438
recovery_fast,0.05,10.0,0.35,25.002150100057534,497,64,439
recovery_fast,0.05,10.0,0.35,25.02410321816938,496,65,439
recovery_fast,0.05,10.0,0.35,25.05977709178637,496,64,440
recovery_fast,0.05,10.0,0.35,25.085755902973727,496,63,441
recovery_fast,0.05,10.0,0.35,25.107996087131927,495,64,441
recovery_fast,0.05,10.0,0.35,25.13365892842738,495,63,442
recovery_fast,0.05,10.0,0.35,25.14839914519772,494,64,442
recovery_fast,0.05,10.0,0.35,25.178921757296017,494,63,443
recovery_fast,0.05,10.0,0.35,25.185331182825163,494,62,444
recovery_fast,0.05,10.0,0.35,25.237193644954353,494,61,445
recovery_fast,0.05,10.0,0.35,25.237873027492455,493,62,445
recovery_fast,0.05,10.0,0.35,25.243620016798307,492,63,445
recovery_fast,0.05,10.0,0.35,25.273799574737502,492,62,446
recovery_fast,0.05,10.0,0.35,25.421404744511065,491,63,446
recovery_fast,0.05,10.0,0.35,25.46036347326902,491,62,447
recovery_fast,0.05,10.0,0.35,25.487792672715404,491,61,448
recovery_fast,0.05,10.0,0.35,25.509736253459987,490,62,448
recovery_fast,0.05,10.0,0.35,25.518874228701687,489,63,448
recovery_fast,0.05,10.0,0.35,25.54883263075372,489,62,449
recovery_fast,0.05,10.0,0.35,25.595442052347906,488,63,449
recovery_fast,0.05,10.0,0.35,25.599286695369365,487,64,449
recovery_fast,0.05,10.0,0.35,25.605996703212345,487,63,450
recovery_fast,0.05,10.0,0.35,25.64538734346142,487,62,451
recovery_fast,0.05,10.0,0.35,25.647081429802384,487,61,452
recovery_fast,0.05,10.0,0.35,25.68149020021109,487,60,453
recovery_fast,0.05,10.0,0.35,25.69026040490484,487,59,454
recovery_fast,0.05,10.0,0.35,25.69998735901437,486,60,454
recovery_fast,0.05,10.0,0.35,25.741794021536705,486,59,455
recovery_fast,0.05,10.0,0.35,25.841135546088612,486,58,456
recovery_fast,0.05,10.0,0.35,25.845647963225453,486,57,457
recovery_fast,0.05,10.0,0.35,25.861587972718034,486,56,458
recovery_fast,0.05,10.0,0.35,25.86800440226826,486,55,459
recovery_fast,0.05,10.0,0.35,25.871573992172245,486,54,460
recovery_fast,0.05,10.0,0.35,25.896152401036353,485,55,460
recovery_fast,0.05,10.0,0.35,25.950983901246257,485,54,461
recovery_fast,0.05,10.0,0.35,25.996765475309576,485,53,462
recovery_fast,0.05,10.0,0.35,26.005339322789485,485,52,463
recovery_fast,0.05,10.0,0.35,26.033637274132445,485,51,464
recovery_fast,0.05,10.0,0.35,26.042183404694825,485,50,465
recovery_fast,0.05,10.0,0.35,26.18442946491401,484,51,465
recovery_fast,0.05,10.0,0.35,26.286244552307487,483,52,465
recovery_fast,0.05,10.0,0.35,26.33007824389344,483,51,466
recovery_fast,0.05,10.0,0.35,26.415563131181006,482,52,466
recovery_fast,0.05,10.0,0.35,26.47835373376638,482,51,467
recovery_fast,0.05,10.0,0.35,26.481804998587933,481,52,467
recovery_fast,0.05,10.0,0.35,26.53637193967971,481,51,468
recovery_fast,0.05,10.0,0.35,26.53813293307335,480,52,468
recovery_fast,0.05,10.0,0.35,26.59758206574041,480,51,469
recovery_fast,0.05,10.0,0.35,26.601316770684832,480,50,470
recovery_fast,0.05,10.0,0.35,26.609325162005838,480,49,471
recovery_fast,0.05,10.0,0.35,26.7361220736776,480,48,472
recovery_fast,0.05,10.0,0.35,26.773414503889686,480,47,473
recovery_fast,0.05,10.0,0.35,26.779391986207532,479,48,473
recovery_fast,0.05,10.0,0.35,26.854002931154874,478,49,473
recovery_fast,0.05,10.0,0.35,26.873506052057255,477,50,473
recovery_fast,0.05,10.0,0.35,26.94679454118673,476,51,473
recovery_fast,0.05,10.0,0.35,26.954280655993955,476,50,474
recovery_fast,0.05,10.0,0.35,27.00524956631825,475,51,474
recovery_fast,0.05,10.0,0.35,27.01882198430786,474,52,474
recovery_fast,0.05,10.0,0.35,27.040357043084537,473,53,474
recovery_fast,0.05,10.0,0.35,27.070098699193757,472,54,474
recovery_fast,0.05,10.0,0.35,27.075498837381012,472,53,475
recovery_fast,0.05,10.0,0.35,27.0778093950833,471,54,475
recovery_fast,0.05,10.0,0.35,27.091996975717333,470,55,475
recovery_fast,0.05,10.0,0.35,27.094933599443582,470,54,476
recovery_fast,0.05,10.0,0.35,27.09953701100718,470,53,477
recovery_fast,0.05,10.0,0.35,27.134264277064297,469,54,477
recovery_fast,0.05,10.0,0.35,27.14619599769397,469,53,478
recovery_fast,0.05,10.0,0.35,27.21396978981243,469,52,479
recovery_fast,0.05,10.0,0.35,27.25010997328867,468,53,479
recovery_fast,0.05,10.0,0.35,27.30253575230835,467,54,479
recovery_fast,0.05,10.0,0.35,27.31559323863846,467,53,480
recovery_fast,0.05,10.0,0.35,27.318723730337172,467,52,481
recovery_fast,0.05,10.0,0.35,27.344483102993358,467,51,482
recovery_fast,0.05,10.0,0.35,27.356317366752908,466,52,482
recovery_fast,0.05,10.0,0.35,27.45032019482886,466,51,483
recovery_fast,0.05,10.0,0.35,27.461378407106317,465,52,483
recovery_fast,0.05,10.0,0.35,27.467330436305023,465,51,484
recovery_fast,0.05,10.0,0.35,27.47368490224068,465,50,485
recovery_fast,0.05,10.0,0.35,27.495300350402903,465,49,486
recovery_fast,0.05,10.0,0.35,27.525704407364138,465,48,487
recovery_fast,0.05,10.0,0.35,27.56373597257368,465,47,488
recovery_fast,0.05,10.0,0.35,27.66843036231944,465,46,489
recovery_fast,0.05,10.0,0.35,27.680709325335453,464,47,489
recovery_fast,0.05,10.0,0.35,27.705072227918162,463,48,489
recovery_fast,0.05,10.0,0.35,27.707680777648413,462,49,489
recovery_fast,0.05,10.0,0.35,27.71791916090024,461,50,489
recovery_fast,0.05,10.0,0.35,27.787467911668283,460,51,489
recovery_fast,0.05,10.0,0.35,27.86059464620346,460,50,490
recovery_fast,0.05,10.0,0.35,27.89668249868106,459,51,490
recovery_fast,0.05,10.0,0.35,27.926351441377307,459,50,491
recovery_fast,0.05,10.0,0.35,27.96900939435644,459,49,492
recovery_fast,0.05,10.0,0.35,27.994149582588584,459,48,493
recovery_fast,0.05,10.0,0.35,28.008207593485785,459,47,494
recovery_fast,0.05,10.0,0.35,28.03691926433703,459,46,495
recovery_fast,0.05,10.0,0.35,28.145314357476447,459,45,496
recovery_fast,0.05,10.0,0.35,28.152567878262552,459,44,497
recovery_fast,0.05,10.0,0.35,28.200240054070953,459,43,498
recovery_fast,0.05,10.0,0.35,28.25796677556761,459,42,499
recovery_fast,0.05,10.0,0.35,28.281243607634966,459,41,500
recovery_fast,0.05,10.0,0.35,28.281274074442397,458,42,500
recovery_fast,0.05,10.0,0.35,28.349014602084345,458,41,501
recovery_fast,0.05,10.0,0.35,28.39378427408682,458,40,502
recovery_fast,0.05,10.0,0.35,28.40139323456975,458,39,503
recovery_fast,0.05,10.0,0.35,28.439005677592515,457,40,503
recovery_fast,0.05,10.0,0.35,28.518391863278147,456,41,503
recovery_fast,0.05,10.0,0.35,28.559738766736988,456,40,504
recovery_fast,0.05,10.0,0.35,28.572325116371395,456,39,505
recovery_fast,0.05,10.0,0.35,28.597248684131955,456,38,506
recovery_fast,0.05,10.0,0.35,28.61675179493758,456,37,507
recovery_fast,0.05,10.0,0.35,28.772590078023345,455,38,507
recovery_fast,0.05,10.0,0.35,28.844780313389908,454,39,507
recovery_fast,0.05,10.0,0.35,28.867886450670028,453,40,507
recovery_fast,0.05,10.0,0.35,28.889661551063195,453,39,508
recovery_fast,0.05,10.0,0.35,28.894707912181147,453,38,509
recovery_fast,0.05,10.0,0.35,28.929965879519795,452,39,509
recovery_fast,0.05,10.0,0.35,28.933108629675512,452,38,510
recovery_fast,0.05,10.0,0.35,28.96576322603804,452,37,511
recovery_fast,0.05,10.0,0.35,28.98645011669495,451,38,511
recovery_fast,0.05,10.0,0.35,29.06315640044201,450,39,511
recovery_fast,0.05,10.0,0.35,29.079258929544874,450,38,512
recovery_fast,0.05,10.0,0.35,29.114918941566938,449,39,512
recovery_fast,0.05,10.0,0.35,29.125610181555523,449,38,513
recovery_fast,0.05,10.0,0.35,29.147741861739757,448,39,513
recovery_fast,0.05,10.0,0.35,29.164935742018283,448,38,514
recovery_fast,0.05,10.0,0.35,29.352418713781095,448,37,515
recovery_fast,0.05,10.0,0.35,29.371325046971823,447,38,515
recovery_fast,0.05,10.0,0.35,29.372881217628283,446,39,515
recovery_fast,0.05,10.0,0.35,29.44129820882017,446,38,516
recovery_fast,0.05,10.0,0.35,29.543266651591733,445,39,516
recovery_fast,0.05,10.0,0.35,29.69767768773804,445,38,517
recovery_fast,0.05,10.0,0.35,29.707222628604587,444,39,517
recovery_fast,0.05,10.0,0.35,29.728043093218577,444,38,518
recovery_fast,0.05,10.0,0.35,29.767388120292743,444,37,519
recovery_fast,0.05,10.0,0.35,29.7953675277069,444,36,520
recovery_fast,0.05,10.0,0.35,29.812472657147257,444,35,521
recovery_fast,0.05,10.0,0.35,29.85795954073166,443,36,521
recovery_fast,0.05,10.0,0.35,29.90707952979777,442,37,521
recovery_fast,0.05,10.0,0.35,29.915630295074116,442,36,522
recovery_fast,0.05,10.0,0.35,29.936144204607913,442,35,523
recovery_fast,0.05,10.0,0.35,29.946428225223798,442,34,524
recovery_fast,0.05,10.0,0.35,29.966681308893328,442,33,525
recovery_fast,0.05,10.0,0.35,29.973483147345256,441,34,525
recovery_fast,0.05,10.0,0.35,30.027113320636936,440,35,525
recovery_fast,0.05,10.0,0.35,30.1071867336934,439,36,525
recovery_fast,0.05,10.0,0.35,30.134762845805138,439,35,526
recovery_fast,0.05,10.0,0.35,30.16145997507975,439,34,527
recovery_fast,0.05,10.0,0.35,30.185285735204427,439,33,528
recovery_fast,0.05,10.0,0.35,30.211161993904952,439,32,529
recovery_fast,0.05,10.0,0.35,30.249720137031233,439,31,530
recovery_fast,0.05,10.0,0.35,30.369051653971976,439,30,531
recovery_fast,0.05,10.0,0.35,30.402496098124644,438,31,531
recovery_fast,0.05,10.0,0.35,30.4032874482574,438,30,532
recovery_fast,0.05,10.0,0.35,30.546933274932798,438,29,533
recovery_fast,0.05,10.0,0.35,30.58599414127996,438,28,534
recovery_fast,0.05,10.0,0.35,30.598745987531423,437,29,534
recovery_fast,0.05,10.0,0.35,30.619315787418675,437,28,535
recovery_fast,0.05,10.0,0.35,30.754598020565233,436,29,535
recovery_fast,0.05,10.0,0.35,30.788330660118767,436,28,536
recovery_fast,0.05,10.0,0.35,30.80348649727202,436,27,537
recovery_fast,0.05,10.0,0.35,30.864284397200546,436,26,538
recovery_fast,0.05,10.0,0.35,30.86534131499802,435,27,538
recovery_fast,0.05,10.0,0.35,30.930998983764464,434,28,538
recovery_fast,0.05,10.0,0.35,30.935603491578544,434,27,539
recovery_fast,0.05,10.0,0.35,31.09351808513738,434,26,540
recovery_fast,0.05,10.0,0.35,31.19587106449003,433,27,540
recovery_fast,0.05,10.0,0.35,31.231701331838927,432,28,540
recovery_fast,0.05,10.0,0.35,31.30063189518378,432,27,541
recovery_fast,0.05,10.0,0.35,31.331141013953584,432,26,542
recovery_fast,0.05,10.0,0.35,31.378949466004286,432,25,543
recovery_fast,0.05,10.0,0.35,31.424721315844906,432,24,544
recovery_fast,0.05,10.0,0.35,31.57040981141057,432,23,545
recovery_fast,0.05,10.0,0.35,31.630278273307244,432,22,546
recovery_fast,0.05,10.0,0.35,31.637869487579245,432,21,547
recovery_fast,0.05,10.0,0.35,31.650463050924436,432,20,548
recovery_fast,0.05,10.0,0.35,31.911945763257485,432,19,549
recovery_fast,0.05,10.0,0.35,31.99781828524551,432,18,550
recovery_fast,0.05,10.0,0.35,32.093156961430445,432,17,551
recovery_fast,0.05,10.0,0.35,32.18369164003831,432,16,552
recovery_fast,0.05,10.0,0.35,32.21251932380919,432,15,553
recovery_fast,0.05,10.0,0.35,32.217830576751695,432,14,554
recovery_fast,0.05,10.0,0.35,32.32319944596856,432,13,555
recovery_fast,0.05,10.0,0.35,32.3405870053725,431,14,555
recovery_fast,0.05,10.0,0.35,32.44666156022323,430,15,555
recovery_fast,0.05,10.0,0.35,32.4661525284646,430,14,556
recovery_fast,0.05,10.0,0.35,32.47983677773984,429,15,556
recovery_fast,0.05,10.0,0.35,32.49408554275842,428,16,556
recovery_fast,0.05,10.0,0.35,32.68132634731653,427,17,556
recovery_fast,0.05,10.0,0.35,32.973035915507275,427,16,557
recovery_fast,0.05,10.0,0.35,33.296626727724075,427,15,558
recovery_fast,0.05,10.0,0.35,33.331612898499365,427,14,559
recovery_fast,0.05,10.0,0.35,33.67994803276155,427,13,560
recovery_fast,0.05,10.0,0.35,33.83885523019609,427,12,561
recovery_fast,0.05,10.0,0.35,33.84273759851669,427,11,562
recovery_fast,0.05,10.0,0.35,33.96043480525526,427,10,563
recovery_fast,0.05,10.0,0.35,34.055983489564866,427,9,564
recovery_fast,0.05,10.0,0.35,34.30133963189651,426,10,564
recovery_fast,0.05,10.0,0.35,34.326153680410485,426,9,565
recovery_fast,0.05,10.0,0.35,34.69386507387539,425,10,565
recovery_fast,0.05,10.0,0.35,35.19332284342647,424,11,565
recovery_fast,0.05,10.0,0.35,35.43207821172533,424,10,566
recovery_fast,0.05,10.0,0.35,35.707009937404976,424,9,567
recovery_fast,0.05,10.0,0.35,35.77437737895562,424,8,568
recovery_fast,0.05,10.0,0.35,35.880130980641574,424,7,569
recovery_fast,0.05,10.0,0.35,36.061178017241794,424,6,570
recovery_fast,0.05,10.0,0.35,36.211085098177136,424,5,571
recovery_fast,0.05,10.0,0.35,36.24180182289041,424,4,572
recovery_fast,0.05,10.0,0.35,36.54126765858158,423,5,572
recovery_fast,0.05,10.0,0.35,37.117068449990306,423,4,573
recovery_fast,0.05,10.0,0.35,37.42170575356589,423,3,574
recovery_fast,0.05,10.0,0.35,38.3090149602678,423,2,575
recovery_fast,0.05,10.0,0.35,38.621128670058155,423,1,576
